{
    "imgHeight": 1024, 
    "imgWidth": 2048, 
    "objects": [
        {
            "label": "sky", 
            "polygon": [
                [
                    628, 
                    0
                ], 
                [
                    815, 
                    326
                ], 
                [
                    991, 
                    424
                ], 
                [
                    1036, 
                    423
                ], 
                [
                    1485, 
                    0
                ]
            ]
        }, 
        {
            "label": "road", 
            "polygon": [
                [
                    0, 
                    323
                ], 
                [
                    902, 
                    414
                ], 
                [
                    1153, 
                    420
                ], 
                [
                    1599, 
                    324
                ], 
                [
                    2047, 
                    349
                ], 
                [
                    2047, 
                    1023
                ], 
                [
                    0, 
                    1023
                ]
            ]
        }, 
        {
            "label": "sidewalk", 
            "polygon": [
                [
                    130, 
                    683
                ], 
                [
                    201, 
                    663
                ], 
                [
                    276, 
                    641
                ], 
                [
                    398, 
                    610
                ], 
                [
                    459, 
                    593
                ], 
                [
                    532, 
                    572
                ], 
                [
                    599, 
                    554
                ], 
                [
                    655, 
                    542
                ], 
                [
                    680, 
                    534
                ], 
                [
                    757, 
                    512
                ], 
                [
                    802, 
                    499
                ], 
                [
                    802, 
                    490
                ], 
                [
                    713, 
                    491
                ], 
                [
                    0, 
                    482
                ], 
                [
                    89, 
                    654
                ]
            ]
        }, 
        {
            "label": "sidewalk", 
            "polygon": [
                [
                    1434, 
                    567
                ], 
                [
                    1384, 
                    553
                ], 
                [
                    1271, 
                    519
                ], 
                [
                    1250, 
                    511
                ], 
                [
                    1242, 
                    511
                ], 
                [
                    1199, 
                    495
                ], 
                [
                    1188, 
                    491
                ], 
                [
                    1188, 
                    486
                ], 
                [
                    1191, 
                    484
                ], 
                [
                    1222, 
                    482
                ], 
                [
                    1260, 
                    482
                ], 
                [
                    1284, 
                    479
                ], 
                [
                    1300, 
                    477
                ], 
                [
                    1346, 
                    470
                ], 
                [
                    1528, 
                    488
                ]
            ]
        }, 
        {
            "label": "building", 
            "polygon": [
                [
                    1222, 
                    467
                ], 
                [
                    1191, 
                    469
                ], 
                [
                    1121, 
                    470
                ], 
                [
                    1100, 
                    470
                ], 
                [
                    1050, 
                    473
                ], 
                [
                    1041, 
                    474
                ], 
                [
                    1025, 
                    474
                ], 
                [
                    1016, 
                    463
                ], 
                [
                    943, 
                    466
                ], 
                [
                    926, 
                    477
                ], 
                [
                    843, 
                    478
                ], 
                [
                    826, 
                    478
                ], 
                [
                    784, 
                    480
                ], 
                [
                    731, 
                    480
                ], 
                [
                    714, 
                    491
                ], 
                [
                    684, 
                    492
                ], 
                [
                    366, 
                    547
                ], 
                [
                    301, 
                    555
                ], 
                [
                    0, 
                    562
                ], 
                [
                    0, 
                    0
                ], 
                [
                    726, 
                    0
                ], 
                [
                    726, 
                    8
                ], 
                [
                    730, 
                    9
                ], 
                [
                    733, 
                    14
                ], 
                [
                    734, 
                    17
                ], 
                [
                    726, 
                    24
                ], 
                [
                    726, 
                    55
                ], 
                [
                    738, 
                    55
                ], 
                [
                    739, 
                    55
                ], 
                [
                    739, 
                    49
                ], 
                [
                    736, 
                    49
                ], 
                [
                    736, 
                    42
                ], 
                [
                    740, 
                    42
                ], 
                [
                    740, 
                    29
                ], 
                [
                    736, 
                    28
                ], 
                [
                    726, 
                    28
                ], 
                [
                    726, 
                    25
                ], 
                [
                    726, 
                    24
                ], 
                [
                    734, 
                    24
                ], 
                [
                    739, 
                    21
                ], 
                [
                    739, 
                    1
                ], 
                [
                    744, 
                    3
                ], 
                [
                    744, 
                    8
                ], 
                [
                    746, 
                    9
                ], 
                [
                    748, 
                    13
                ], 
                [
                    769, 
                    13
                ], 
                [
                    772, 
                    20
                ], 
                [
                    748, 
                    20
                ], 
                [
                    744, 
                    25
                ], 
                [
                    744, 
                    60
                ], 
                [
                    744, 
                    71
                ], 
                [
                    748, 
                    71
                ], 
                [
                    748, 
                    74
                ], 
                [
                    752, 
                    74
                ], 
                [
                    752, 
                    76
                ], 
                [
                    752, 
                    79
                ], 
                [
                    748, 
                    79
                ], 
                [
                    748, 
                    80
                ], 
                [
                    746, 
                    80
                ], 
                [
                    746, 
                    81
                ], 
                [
                    751, 
                    81
                ], 
                [
                    751, 
                    89
                ], 
                [
                    751, 
                    92
                ], 
                [
                    754, 
                    92
                ], 
                [
                    755, 
                    92
                ], 
                [
                    755, 
                    34
                ], 
                [
                    760, 
                    34
                ], 
                [
                    761, 
                    91
                ], 
                [
                    779, 
                    91
                ], 
                [
                    780, 
                    93
                ], 
                [
                    780, 
                    130
                ], 
                [
                    789, 
                    130
                ], 
                [
                    794, 
                    134
                ], 
                [
                    794, 
                    148
                ], 
                [
                    803, 
                    151
                ], 
                [
                    809, 
                    159
                ], 
                [
                    819, 
                    159
                ], 
                [
                    828, 
                    167
                ], 
                [
                    834, 
                    175
                ], 
                [
                    836, 
                    179
                ], 
                [
                    836, 
                    185
                ], 
                [
                    843, 
                    188
                ], 
                [
                    847, 
                    192
                ], 
                [
                    859, 
                    194
                ], 
                [
                    874, 
                    218
                ], 
                [
                    870, 
                    223
                ], 
                [
                    870, 
                    226
                ], 
                [
                    884, 
                    226
                ], 
                [
                    891, 
                    238
                ], 
                [
                    890, 
                    247
                ], 
                [
                    894, 
                    251
                ], 
                [
                    901, 
                    263
                ], 
                [
                    899, 
                    268
                ], 
                [
                    906, 
                    272
                ], 
                [
                    914, 
                    272
                ], 
                [
                    914, 
                    276
                ], 
                [
                    920, 
                    276
                ], 
                [
                    922, 
                    278
                ], 
                [
                    920, 
                    282
                ], 
                [
                    920, 
                    290
                ], 
                [
                    923, 
                    291
                ], 
                [
                    923, 
                    297
                ], 
                [
                    922, 
                    299
                ], 
                [
                    929, 
                    306
                ], 
                [
                    929, 
                    315
                ], 
                [
                    941, 
                    324
                ], 
                [
                    947, 
                    351
                ], 
                [
                    983, 
                    410
                ], 
                [
                    1010, 
                    396
                ], 
                [
                    1028, 
                    396
                ], 
                [
                    1150, 
                    285
                ], 
                [
                    1150, 
                    273
                ], 
                [
                    1151, 
                    272
                ], 
                [
                    1151, 
                    242
                ], 
                [
                    1143, 
                    232
                ], 
                [
                    1145, 
                    228
                ], 
                [
                    1166, 
                    188
                ], 
                [
                    1174, 
                    175
                ], 
                [
                    1175, 
                    175
                ], 
                [
                    1175, 
                    140
                ], 
                [
                    1170, 
                    138
                ], 
                [
                    1167, 
                    133
                ], 
                [
                    1163, 
                    131
                ], 
                [
                    1163, 
                    127
                ], 
                [
                    1191, 
                    62
                ], 
                [
                    1196, 
                    56
                ], 
                [
                    1201, 
                    55
                ], 
                [
                    1205, 
                    55
                ], 
                [
                    1205, 
                    51
                ], 
                [
                    1203, 
                    49
                ], 
                [
                    1206, 
                    42
                ], 
                [
                    1212, 
                    42
                ], 
                [
                    1212, 
                    38
                ], 
                [
                    1210, 
                    35
                ], 
                [
                    1209, 
                    33
                ], 
                [
                    1213, 
                    28
                ], 
                [
                    1217, 
                    26
                ], 
                [
                    1237, 
                    26
                ], 
                [
                    1263, 
                    0
                ], 
                [
                    1352, 
                    0
                ], 
                [
                    1329, 
                    453
                ], 
                [
                    1272, 
                    452
                ]
            ]
        }, 
        {
            "label": "car", 
            "polygon": [
                [
                    919, 
                    463
                ], 
                [
                    925, 
                    455
                ], 
                [
                    930, 
                    453
                ], 
                [
                    939, 
                    451
                ], 
                [
                    946, 
                    453
                ], 
                [
                    956, 
                    456
                ], 
                [
                    934, 
                    456
                ], 
                [
                    926, 
                    459
                ]
            ]
        }, 
        {
            "label": "building", 
            "polygon": [
                [
                    1452, 
                    509
                ], 
                [
                    1378, 
                    499
                ], 
                [
                    1298, 
                    480
                ], 
                [
                    1298, 
                    478
                ], 
                [
                    1301, 
                    477
                ], 
                [
                    1302, 
                    474
                ], 
                [
                    1302, 
                    457
                ], 
                [
                    1308, 
                    456
                ], 
                [
                    1308, 
                    348
                ], 
                [
                    1304, 
                    347
                ], 
                [
                    1304, 
                    320
                ], 
                [
                    1304, 
                    297
                ], 
                [
                    1305, 
                    295
                ], 
                [
                    1305, 
                    197
                ], 
                [
                    1304, 
                    114
                ], 
                [
                    1304, 
                    13
                ], 
                [
                    1306, 
                    13
                ], 
                [
                    1314, 
                    0
                ], 
                [
                    2047, 
                    0
                ], 
                [
                    2047, 
                    410
                ]
            ]
        }, 
        {
            "label": "vegetation", 
            "polygon": [
                [
                    903, 
                    273
                ], 
                [
                    906, 
                    263
                ], 
                [
                    915, 
                    261
                ], 
                [
                    922, 
                    263
                ], 
                [
                    924, 
                    256
                ], 
                [
                    927, 
                    255
                ], 
                [
                    935, 
                    251
                ], 
                [
                    943, 
                    247
                ], 
                [
                    952, 
                    243
                ], 
                [
                    960, 
                    240
                ], 
                [
                    965, 
                    247
                ], 
                [
                    975, 
                    248
                ], 
                [
                    981, 
                    259
                ], 
                [
                    989, 
                    272
                ], 
                [
                    999, 
                    284
                ], 
                [
                    1002, 
                    295
                ], 
                [
                    1004, 
                    289
                ], 
                [
                    1004, 
                    280
                ], 
                [
                    1008, 
                    272
                ], 
                [
                    1015, 
                    269
                ], 
                [
                    1027, 
                    264
                ], 
                [
                    1033, 
                    253
                ], 
                [
                    1032, 
                    249
                ], 
                [
                    1037, 
                    238
                ], 
                [
                    1040, 
                    231
                ], 
                [
                    1044, 
                    228
                ], 
                [
                    1062, 
                    219
                ], 
                [
                    1070, 
                    217
                ], 
                [
                    1083, 
                    217
                ], 
                [
                    1094, 
                    214
                ], 
                [
                    1100, 
                    213
                ], 
                [
                    1105, 
                    213
                ], 
                [
                    1111, 
                    219
                ], 
                [
                    1121, 
                    221
                ], 
                [
                    1128, 
                    222
                ], 
                [
                    1134, 
                    218
                ], 
                [
                    1140, 
                    221
                ], 
                [
                    1141, 
                    228
                ], 
                [
                    1143, 
                    235
                ], 
                [
                    1149, 
                    243
                ], 
                [
                    1157, 
                    255
                ], 
                [
                    1164, 
                    305
                ], 
                [
                    1162, 
                    357
                ], 
                [
                    1153, 
                    362
                ], 
                [
                    1142, 
                    357
                ], 
                [
                    1134, 
                    356
                ], 
                [
                    1140, 
                    361
                ], 
                [
                    1137, 
                    366
                ], 
                [
                    1130, 
                    368
                ], 
                [
                    1129, 
                    370
                ], 
                [
                    1129, 
                    411
                ], 
                [
                    1128, 
                    412
                ], 
                [
                    1128, 
                    415
                ], 
                [
                    1129, 
                    416
                ], 
                [
                    1129, 
                    435
                ], 
                [
                    1129, 
                    454
                ], 
                [
                    1129, 
                    470
                ], 
                [
                    1105, 
                    470
                ], 
                [
                    1095, 
                    466
                ], 
                [
                    1063, 
                    457
                ], 
                [
                    1028, 
                    457
                ], 
                [
                    964, 
                    453
                ], 
                [
                    947, 
                    456
                ], 
                [
                    947, 
                    444
                ], 
                [
                    947, 
                    433
                ], 
                [
                    943, 
                    437
                ], 
                [
                    939, 
                    440
                ], 
                [
                    937, 
                    437
                ], 
                [
                    940, 
                    427
                ], 
                [
                    940, 
                    423
                ], 
                [
                    940, 
                    417
                ], 
                [
                    935, 
                    419
                ], 
                [
                    936, 
                    461
                ], 
                [
                    930, 
                    462
                ], 
                [
                    927, 
                    462
                ], 
                [
                    928, 
                    400
                ], 
                [
                    926, 
                    395
                ], 
                [
                    914, 
                    383
                ], 
                [
                    906, 
                    373
                ], 
                [
                    906, 
                    358
                ], 
                [
                    895, 
                    356
                ], 
                [
                    894, 
                    349
                ], 
                [
                    893, 
                    332
                ], 
                [
                    891, 
                    315
                ], 
                [
                    884, 
                    311
                ], 
                [
                    882, 
                    301
                ], 
                [
                    886, 
                    293
                ], 
                [
                    886, 
                    281
                ], 
                [
                    885, 
                    269
                ], 
                [
                    890, 
                    264
                ], 
                [
                    899, 
                    267
                ]
            ]
        }, 
        {
            "label": "cargroup", 
            "polygon": [
                [
                    1080, 
                    454
                ], 
                [
                    1075, 
                    448
                ], 
                [
                    1059, 
                    449
                ], 
                [
                    1053, 
                    449
                ], 
                [
                    1050, 
                    454
                ], 
                [
                    1050, 
                    462
                ], 
                [
                    1052, 
                    471
                ], 
                [
                    1054, 
                    473
                ], 
                [
                    1061, 
                    473
                ], 
                [
                    1069, 
                    473
                ]
            ]
        }, 
        {
            "label": "static", 
            "polygon": [
                [
                    1090, 
                    429
                ], 
                [
                    1079, 
                    429
                ], 
                [
                    1079, 
                    453
                ], 
                [
                    1088, 
                    453
                ], 
                [
                    1088, 
                    433
                ]
            ]
        }, 
        {
            "label": "traffic sign", 
            "polygon": [
                [
                    1084, 
                    437
                ], 
                [
                    1088, 
                    446
                ], 
                [
                    1078, 
                    446
                ], 
                [
                    1077, 
                    446
                ], 
                [
                    1080, 
                    438
                ], 
                [
                    1082, 
                    437
                ]
            ]
        }, 
        {
            "label": "car", 
            "polygon": [
                [
                    1078, 
                    449
                ], 
                [
                    1096, 
                    449
                ], 
                [
                    1100, 
                    454
                ], 
                [
                    1101, 
                    456
                ], 
                [
                    1101, 
                    458
                ], 
                [
                    1101, 
                    470
                ], 
                [
                    1099, 
                    471
                ], 
                [
                    1077, 
                    471
                ], 
                [
                    1070, 
                    471
                ], 
                [
                    1069, 
                    470
                ], 
                [
                    1069, 
                    461
                ], 
                [
                    1070, 
                    456
                ], 
                [
                    1071, 
                    452
                ], 
                [
                    1074, 
                    449
                ]
            ]
        }, 
        {
            "label": "license plate", 
            "polygon": [
                [
                    1079, 
                    470
                ], 
                [
                    1092, 
                    470
                ], 
                [
                    1092, 
                    466
                ], 
                [
                    1080, 
                    466
                ], 
                [
                    1079, 
                    466
                ]
            ]
        }, 
        {
            "label": "traffic sign", 
            "polygon": [
                [
                    1125, 
                    394
                ], 
                [
                    1125, 
                    415
                ], 
                [
                    1111, 
                    415
                ], 
                [
                    1111, 
                    394
                ]
            ]
        }, 
        {
            "label": "traffic sign", 
            "polygon": [
                [
                    1125, 
                    415
                ], 
                [
                    1125, 
                    428
                ], 
                [
                    1111, 
                    428
                ], 
                [
                    1111, 
                    414
                ], 
                [
                    1121, 
                    414
                ], 
                [
                    1122, 
                    414
                ], 
                [
                    1124, 
                    414
                ], 
                [
                    1124, 
                    414
                ]
            ]
        }, 
        {
            "label": "pole", 
            "polygon": [
                [
                    1120, 
                    428
                ], 
                [
                    1120, 
                    471
                ], 
                [
                    1116, 
                    471
                ], 
                [
                    1116, 
                    431
                ], 
                [
                    1116, 
                    428
                ]
            ]
        }, 
        {
            "label": "pole", 
            "polygon": [
                [
                    1305, 
                    144
                ], 
                [
                    1305, 
                    232
                ], 
                [
                    1306, 
                    381
                ], 
                [
                    1306, 
                    424
                ], 
                [
                    1300, 
                    424
                ], 
                [
                    1300, 
                    383
                ], 
                [
                    1300, 
                    299
                ], 
                [
                    1301, 
                    147
                ], 
                [
                    1298, 
                    147
                ], 
                [
                    1298, 
                    142
                ], 
                [
                    1302, 
                    140
                ]
            ]
        }, 
        {
            "label": "static", 
            "polygon": [
                [
                    1298, 
                    381
                ], 
                [
                    1298, 
                    394
                ], 
                [
                    1308, 
                    394
                ], 
                [
                    1308, 
                    381
                ]
            ]
        }, 
        {
            "label": "static", 
            "polygon": [
                [
                    1300, 
                    322
                ], 
                [
                    1300, 
                    347
                ], 
                [
                    1306, 
                    347
                ], 
                [
                    1306, 
                    322
                ]
            ]
        }, 
        {
            "label": "car", 
            "polygon": [
                [
                    1308, 
                    420
                ], 
                [
                    1287, 
                    420
                ], 
                [
                    1277, 
                    423
                ], 
                [
                    1264, 
                    429
                ], 
                [
                    1251, 
                    437
                ], 
                [
                    1234, 
                    442
                ], 
                [
                    1230, 
                    445
                ], 
                [
                    1226, 
                    452
                ], 
                [
                    1226, 
                    467
                ], 
                [
                    1243, 
                    467
                ], 
                [
                    1258, 
                    467
                ], 
                [
                    1262, 
                    465
                ], 
                [
                    1300, 
                    465
                ], 
                [
                    1302, 
                    465
                ], 
                [
                    1302, 
                    457
                ], 
                [
                    1308, 
                    457
                ], 
                [
                    1309, 
                    457
                ], 
                [
                    1309, 
                    424
                ]
            ]
        }, 
        {
            "label": "car", 
            "polygon": [
                [
                    986, 
                    437
                ], 
                [
                    1011, 
                    437
                ], 
                [
                    1027, 
                    444
                ], 
                [
                    1033, 
                    446
                ], 
                [
                    1044, 
                    446
                ], 
                [
                    1045, 
                    450
                ], 
                [
                    1044, 
                    471
                ], 
                [
                    1032, 
                    471
                ], 
                [
                    1027, 
                    473
                ], 
                [
                    1025, 
                    474
                ], 
                [
                    1002, 
                    474
                ], 
                [
                    929, 
                    477
                ], 
                [
                    919, 
                    477
                ], 
                [
                    918, 
                    473
                ], 
                [
                    916, 
                    469
                ], 
                [
                    918, 
                    463
                ], 
                [
                    924, 
                    457
                ], 
                [
                    932, 
                    457
                ], 
                [
                    953, 
                    452
                ], 
                [
                    962, 
                    445
                ], 
                [
                    973, 
                    440
                ]
            ]
        }, 
        {
            "label": "pole", 
            "polygon": [
                [
                    907, 
                    419
                ], 
                [
                    907, 
                    450
                ], 
                [
                    903, 
                    450
                ], 
                [
                    903, 
                    421
                ]
            ]
        }, 
        {
            "label": "traffic sign", 
            "polygon": [
                [
                    912, 
                    403
                ], 
                [
                    912, 
                    424
                ], 
                [
                    898, 
                    424
                ], 
                [
                    898, 
                    403
                ]
            ]
        }, 
        {
            "label": "car", 
            "polygon": [
                [
                    889, 
                    446
                ], 
                [
                    903, 
                    446
                ], 
                [
                    910, 
                    448
                ], 
                [
                    912, 
                    452
                ], 
                [
                    912, 
                    462
                ], 
                [
                    911, 
                    477
                ], 
                [
                    903, 
                    477
                ], 
                [
                    894, 
                    477
                ], 
                [
                    884, 
                    477
                ], 
                [
                    882, 
                    478
                ], 
                [
                    878, 
                    478
                ], 
                [
                    870, 
                    478
                ], 
                [
                    869, 
                    478
                ], 
                [
                    869, 
                    461
                ], 
                [
                    876, 
                    452
                ], 
                [
                    882, 
                    445
                ]
            ]
        }, 
        {
            "label": "static", 
            "polygon": [
                [
                    894, 
                    445
                ], 
                [
                    894, 
                    478
                ], 
                [
                    884, 
                    478
                ], 
                [
                    884, 
                    473
                ], 
                [
                    881, 
                    473
                ], 
                [
                    881, 
                    469
                ], 
                [
                    882, 
                    465
                ], 
                [
                    882, 
                    445
                ], 
                [
                    884, 
                    444
                ], 
                [
                    890, 
                    444
                ], 
                [
                    891, 
                    444
                ]
            ]
        }, 
        {
            "label": "pole", 
            "polygon": [
                [
                    899, 
                    356
                ], 
                [
                    898, 
                    406
                ], 
                [
                    898, 
                    478
                ], 
                [
                    894, 
                    478
                ], 
                [
                    894, 
                    400
                ], 
                [
                    895, 
                    353
                ], 
                [
                    898, 
                    349
                ], 
                [
                    906, 
                    349
                ], 
                [
                    908, 
                    352
                ], 
                [
                    905, 
                    353
                ], 
                [
                    902, 
                    353
                ]
            ]
        }, 
        {
            "label": "static", 
            "polygon": [
                [
                    876, 
                    369
                ], 
                [
                    865, 
                    386
                ], 
                [
                    863, 
                    387
                ], 
                [
                    860, 
                    386
                ], 
                [
                    855, 
                    375
                ], 
                [
                    851, 
                    368
                ], 
                [
                    852, 
                    366
                ], 
                [
                    869, 
                    366
                ], 
                [
                    872, 
                    366
                ], 
                [
                    873, 
                    366
                ]
            ]
        }, 
        {
            "label": "pole", 
            "polygon": [
                [
                    861, 
                    362
                ], 
                [
                    860, 
                    478
                ], 
                [
                    864, 
                    478
                ], 
                [
                    865, 
                    387
                ], 
                [
                    865, 
                    364
                ], 
                [
                    868, 
                    358
                ], 
                [
                    877, 
                    351
                ], 
                [
                    894, 
                    347
                ], 
                [
                    940, 
                    337
                ], 
                [
                    961, 
                    333
                ], 
                [
                    958, 
                    330
                ], 
                [
                    953, 
                    330
                ], 
                [
                    885, 
                    343
                ], 
                [
                    874, 
                    345
                ], 
                [
                    866, 
                    353
                ]
            ]
        }, 
        {
            "label": "pole", 
            "polygon": [
                [
                    782, 
                    389
                ], 
                [
                    784, 
                    395
                ], 
                [
                    784, 
                    425
                ], 
                [
                    784, 
                    437
                ], 
                [
                    790, 
                    432
                ], 
                [
                    790, 
                    400
                ], 
                [
                    790, 
                    390
                ]
            ]
        }, 
        {
            "label": "traffic light", 
            "polygon": [
                [
                    779, 
                    381
                ], 
                [
                    779, 
                    395
                ], 
                [
                    780, 
                    396
                ], 
                [
                    793, 
                    396
                ], 
                [
                    794, 
                    394
                ], 
                [
                    802, 
                    393
                ], 
                [
                    803, 
                    389
                ], 
                [
                    801, 
                    386
                ], 
                [
                    797, 
                    385
                ], 
                [
                    794, 
                    383
                ], 
                [
                    801, 
                    382
                ], 
                [
                    802, 
                    379
                ], 
                [
                    802, 
                    375
                ], 
                [
                    800, 
                    374
                ], 
                [
                    801, 
                    368
                ], 
                [
                    798, 
                    362
                ], 
                [
                    793, 
                    356
                ], 
                [
                    782, 
                    356
                ], 
                [
                    773, 
                    360
                ], 
                [
                    769, 
                    365
                ], 
                [
                    769, 
                    372
                ], 
                [
                    775, 
                    377
                ]
            ]
        }, 
        {
            "label": "person", 
            "polygon": [
                [
                    798, 
                    431
                ], 
                [
                    806, 
                    433
                ], 
                [
                    809, 
                    440
                ], 
                [
                    811, 
                    446
                ], 
                [
                    813, 
                    456
                ], 
                [
                    814, 
                    466
                ], 
                [
                    815, 
                    470
                ], 
                [
                    818, 
                    471
                ], 
                [
                    827, 
                    473
                ], 
                [
                    828, 
                    475
                ], 
                [
                    827, 
                    482
                ], 
                [
                    826, 
                    488
                ], 
                [
                    824, 
                    499
                ], 
                [
                    815, 
                    501
                ], 
                [
                    809, 
                    500
                ], 
                [
                    810, 
                    512
                ], 
                [
                    807, 
                    516
                ], 
                [
                    803, 
                    516
                ], 
                [
                    801, 
                    515
                ], 
                [
                    801, 
                    508
                ], 
                [
                    798, 
                    504
                ], 
                [
                    794, 
                    484
                ], 
                [
                    793, 
                    483
                ], 
                [
                    792, 
                    487
                ], 
                [
                    793, 
                    512
                ], 
                [
                    792, 
                    517
                ], 
                [
                    785, 
                    520
                ], 
                [
                    781, 
                    519
                ], 
                [
                    781, 
                    515
                ], 
                [
                    782, 
                    511
                ], 
                [
                    780, 
                    477
                ], 
                [
                    779, 
                    473
                ], 
                [
                    776, 
                    479
                ], 
                [
                    772, 
                    479
                ], 
                [
                    771, 
                    477
                ], 
                [
                    772, 
                    463
                ], 
                [
                    775, 
                    458
                ], 
                [
                    776, 
                    444
                ], 
                [
                    780, 
                    436
                ], 
                [
                    784, 
                    433
                ], 
                [
                    785, 
                    429
                ], 
                [
                    784, 
                    425
                ], 
                [
                    785, 
                    417
                ], 
                [
                    789, 
                    415
                ], 
                [
                    794, 
                    415
                ], 
                [
                    796, 
                    420
                ], 
                [
                    796, 
                    424
                ]
            ]
        }, 
        {
            "label": "car", 
            "polygon": [
                [
                    714, 
                    461
                ], 
                [
                    734, 
                    465
                ], 
                [
                    738, 
                    469
                ], 
                [
                    743, 
                    475
                ], 
                [
                    743, 
                    482
                ], 
                [
                    739, 
                    484
                ], 
                [
                    736, 
                    490
                ], 
                [
                    721, 
                    491
                ], 
                [
                    717, 
                    491
                ], 
                [
                    714, 
                    491
                ], 
                [
                    713, 
                    490
                ], 
                [
                    713, 
                    466
                ], 
                [
                    713, 
                    463
                ]
            ]
        }, 
        {
            "label": "car", 
            "polygon": [
                [
                    546, 
                    452
                ], 
                [
                    559, 
                    429
                ], 
                [
                    570, 
                    423
                ], 
                [
                    583, 
                    421
                ], 
                [
                    621, 
                    421
                ], 
                [
                    658, 
                    427
                ], 
                [
                    671, 
                    431
                ], 
                [
                    677, 
                    438
                ], 
                [
                    685, 
                    459
                ], 
                [
                    689, 
                    467
                ], 
                [
                    692, 
                    490
                ], 
                [
                    692, 
                    504
                ], 
                [
                    691, 
                    515
                ], 
                [
                    687, 
                    536
                ], 
                [
                    684, 
                    540
                ], 
                [
                    672, 
                    541
                ], 
                [
                    670, 
                    540
                ], 
                [
                    668, 
                    526
                ], 
                [
                    663, 
                    526
                ], 
                [
                    663, 
                    544
                ], 
                [
                    658, 
                    547
                ], 
                [
                    639, 
                    549
                ], 
                [
                    638, 
                    545
                ], 
                [
                    637, 
                    540
                ], 
                [
                    601, 
                    537
                ]
            ]
        }, 
        {
            "label": "static", 
            "polygon": [
                [
                    511, 
                    322
                ], 
                [
                    516, 
                    331
                ], 
                [
                    513, 
                    343
                ], 
                [
                    504, 
                    352
                ], 
                [
                    487, 
                    352
                ], 
                [
                    480, 
                    348
                ], 
                [
                    477, 
                    341
                ], 
                [
                    477, 
                    331
                ], 
                [
                    479, 
                    322
                ], 
                [
                    487, 
                    315
                ], 
                [
                    496, 
                    314
                ], 
                [
                    504, 
                    316
                ]
            ]
        }, 
        {
            "label": "pole", 
            "polygon": [
                [
                    487, 
                    273
                ], 
                [
                    488, 
                    340
                ], 
                [
                    490, 
                    436
                ], 
                [
                    503, 
                    437
                ], 
                [
                    503, 
                    435
                ], 
                [
                    499, 
                    331
                ], 
                [
                    498, 
                    273
                ]
            ]
        }, 
        {
            "label": "traffic sign", 
            "polygon": [
                [
                    520, 
                    228
                ], 
                [
                    520, 
                    281
                ], 
                [
                    463, 
                    281
                ], 
                [
                    463, 
                    227
                ], 
                [
                    513, 
                    226
                ], 
                [
                    516, 
                    226
                ]
            ]
        }, 
        {
            "label": "car", 
            "polygon": [
                [
                    479, 
                    429
                ], 
                [
                    534, 
                    432
                ], 
                [
                    563, 
                    436
                ], 
                [
                    578, 
                    441
                ], 
                [
                    589, 
                    453
                ], 
                [
                    605, 
                    475
                ], 
                [
                    609, 
                    488
                ], 
                [
                    613, 
                    504
                ], 
                [
                    612, 
                    529
                ], 
                [
                    607, 
                    559
                ], 
                [
                    604, 
                    567
                ], 
                [
                    597, 
                    570
                ], 
                [
                    586, 
                    571
                ], 
                [
                    580, 
                    568
                ], 
                [
                    579, 
                    561
                ], 
                [
                    579, 
                    557
                ], 
                [
                    557, 
                    562
                ], 
                [
                    554, 
                    579
                ], 
                [
                    549, 
                    584
                ], 
                [
                    540, 
                    587
                ], 
                [
                    529, 
                    587
                ], 
                [
                    525, 
                    587
                ], 
                [
                    521, 
                    582
                ], 
                [
                    521, 
                    572
                ], 
                [
                    471, 
                    570
                ], 
                [
                    394, 
                    562
                ], 
                [
                    390, 
                    576
                ], 
                [
                    386, 
                    580
                ], 
                [
                    369, 
                    578
                ], 
                [
                    366, 
                    575
                ], 
                [
                    368, 
                    559
                ], 
                [
                    360, 
                    557
                ], 
                [
                    357, 
                    555
                ], 
                [
                    360, 
                    509
                ], 
                [
                    369, 
                    499
                ], 
                [
                    385, 
                    486
                ], 
                [
                    395, 
                    479
                ], 
                [
                    386, 
                    477
                ], 
                [
                    385, 
                    471
                ], 
                [
                    387, 
                    462
                ], 
                [
                    395, 
                    459
                ], 
                [
                    410, 
                    462
                ], 
                [
                    446, 
                    432
                ], 
                [
                    457, 
                    431
                ]
            ]
        }, 
        {
            "label": "license plate", 
            "polygon": [
                [
                    410, 
                    549
                ], 
                [
                    471, 
                    551
                ], 
                [
                    471, 
                    533
                ], 
                [
                    411, 
                    532
                ], 
                [
                    408, 
                    532
                ], 
                [
                    407, 
                    532
                ], 
                [
                    407, 
                    545
                ], 
                [
                    407, 
                    547
                ]
            ]
        }, 
        {
            "label": "car", 
            "polygon": [
                [
                    0, 
                    415
                ], 
                [
                    79, 
                    411
                ], 
                [
                    148, 
                    414
                ], 
                [
                    193, 
                    417
                ], 
                [
                    247, 
                    424
                ], 
                [
                    284, 
                    433
                ], 
                [
                    310, 
                    480
                ], 
                [
                    324, 
                    519
                ], 
                [
                    328, 
                    553
                ], 
                [
                    323, 
                    593
                ], 
                [
                    309, 
                    649
                ], 
                [
                    301, 
                    656
                ], 
                [
                    281, 
                    659
                ], 
                [
                    270, 
                    660
                ], 
                [
                    261, 
                    659
                ], 
                [
                    257, 
                    650
                ], 
                [
                    255, 
                    631
                ], 
                [
                    154, 
                    659
                ], 
                [
                    151, 
                    684
                ], 
                [
                    146, 
                    696
                ], 
                [
                    135, 
                    704
                ], 
                [
                    118, 
                    706
                ], 
                [
                    105, 
                    706
                ], 
                [
                    97, 
                    704
                ], 
                [
                    93, 
                    694
                ], 
                [
                    92, 
                    676
                ], 
                [
                    0, 
                    676
                ]
            ]
        }, 
        {
            "label": "pole", 
            "polygon": [
                [
                    1227, 
                    391
                ], 
                [
                    1227, 
                    433
                ], 
                [
                    1229, 
                    438
                ], 
                [
                    1229, 
                    486
                ], 
                [
                    1220, 
                    486
                ], 
                [
                    1220, 
                    437
                ], 
                [
                    1221, 
                    435
                ], 
                [
                    1221, 
                    393
                ], 
                [
                    1222, 
                    378
                ], 
                [
                    1221, 
                    343
                ], 
                [
                    1220, 
                    316
                ], 
                [
                    1220, 
                    309
                ], 
                [
                    1214, 
                    294
                ], 
                [
                    1204, 
                    285
                ], 
                [
                    1195, 
                    281
                ], 
                [
                    1151, 
                    272
                ], 
                [
                    1095, 
                    261
                ], 
                [
                    1074, 
                    257
                ], 
                [
                    1074, 
                    249
                ], 
                [
                    1150, 
                    265
                ], 
                [
                    1203, 
                    277
                ], 
                [
                    1217, 
                    290
                ], 
                [
                    1224, 
                    303
                ], 
                [
                    1225, 
                    320
                ], 
                [
                    1227, 
                    354
                ], 
                [
                    1226, 
                    385
                ]
            ]
        }, 
        {
            "label": "traffic light", 
            "polygon": [
                [
                    1077, 
                    252
                ], 
                [
                    1077, 
                    267
                ], 
                [
                    1077, 
                    269
                ], 
                [
                    1077, 
                    273
                ], 
                [
                    1074, 
                    274
                ], 
                [
                    1070, 
                    277
                ], 
                [
                    1063, 
                    273
                ], 
                [
                    1062, 
                    269
                ], 
                [
                    1062, 
                    251
                ], 
                [
                    1061, 
                    244
                ], 
                [
                    1062, 
                    239
                ], 
                [
                    1067, 
                    235
                ], 
                [
                    1075, 
                    235
                ], 
                [
                    1079, 
                    240
                ], 
                [
                    1079, 
                    247
                ], 
                [
                    1079, 
                    249
                ]
            ]
        }, 
        {
            "label": "traffic sign", 
            "polygon": [
                [
                    1239, 
                    318
                ], 
                [
                    1224, 
                    348
                ], 
                [
                    1221, 
                    348
                ], 
                [
                    1204, 
                    319
                ], 
                [
                    1204, 
                    316
                ], 
                [
                    1233, 
                    315
                ], 
                [
                    1235, 
                    315
                ], 
                [
                    1237, 
                    315
                ]
            ]
        }, 
        {
            "label": "traffic light", 
            "polygon": [
                [
                    1229, 
                    370
                ], 
                [
                    1229, 
                    389
                ], 
                [
                    1225, 
                    391
                ], 
                [
                    1217, 
                    391
                ], 
                [
                    1216, 
                    390
                ], 
                [
                    1216, 
                    372
                ], 
                [
                    1208, 
                    366
                ], 
                [
                    1208, 
                    356
                ], 
                [
                    1212, 
                    351
                ], 
                [
                    1227, 
                    349
                ], 
                [
                    1235, 
                    353
                ], 
                [
                    1238, 
                    358
                ], 
                [
                    1238, 
                    365
                ], 
                [
                    1234, 
                    369
                ]
            ]
        }, 
        {
            "label": "pole", 
            "polygon": [
                [
                    1795, 
                    0
                ], 
                [
                    1797, 
                    227
                ], 
                [
                    1799, 
                    398
                ], 
                [
                    1795, 
                    408
                ], 
                [
                    1775, 
                    407
                ], 
                [
                    1774, 
                    290
                ], 
                [
                    1775, 
                    184
                ], 
                [
                    1774, 
                    0
                ]
            ]
        }, 
        {
            "label": "car", 
            "polygon": [
                [
                    1799, 
                    404
                ], 
                [
                    1759, 
                    399
                ], 
                [
                    1709, 
                    393
                ], 
                [
                    1663, 
                    390
                ], 
                [
                    1582, 
                    390
                ], 
                [
                    1548, 
                    393
                ], 
                [
                    1528, 
                    402
                ], 
                [
                    1507, 
                    419
                ], 
                [
                    1483, 
                    448
                ], 
                [
                    1470, 
                    467
                ], 
                [
                    1469, 
                    465
                ], 
                [
                    1456, 
                    465
                ], 
                [
                    1449, 
                    471
                ], 
                [
                    1448, 
                    490
                ], 
                [
                    1451, 
                    492
                ], 
                [
                    1455, 
                    491
                ], 
                [
                    1440, 
                    509
                ], 
                [
                    1424, 
                    533
                ], 
                [
                    1420, 
                    540
                ], 
                [
                    1418, 
                    547
                ], 
                [
                    1415, 
                    592
                ], 
                [
                    1415, 
                    626
                ], 
                [
                    1419, 
                    649
                ], 
                [
                    1426, 
                    654
                ], 
                [
                    1451, 
                    658
                ], 
                [
                    1460, 
                    658
                ], 
                [
                    1465, 
                    649
                ], 
                [
                    1466, 
                    633
                ], 
                [
                    1474, 
                    631
                ], 
                [
                    1515, 
                    645
                ], 
                [
                    1515, 
                    658
                ], 
                [
                    1515, 
                    680
                ], 
                [
                    1519, 
                    693
                ], 
                [
                    1522, 
                    700
                ], 
                [
                    1532, 
                    705
                ], 
                [
                    1545, 
                    709
                ], 
                [
                    1566, 
                    712
                ], 
                [
                    1579, 
                    709
                ], 
                [
                    1583, 
                    701
                ], 
                [
                    1590, 
                    681
                ], 
                [
                    1591, 
                    664
                ], 
                [
                    1628, 
                    668
                ]
            ]
        }, 
        {
            "label": "car", 
            "polygon": [
                [
                    2047, 
                    362
                ], 
                [
                    2047, 
                    845
                ], 
                [
                    2007, 
                    843
                ], 
                [
                    1993, 
                    880
                ], 
                [
                    1982, 
                    897
                ], 
                [
                    1964, 
                    916
                ], 
                [
                    1951, 
                    922
                ], 
                [
                    1925, 
                    920
                ], 
                [
                    1904, 
                    918
                ], 
                [
                    1881, 
                    905
                ], 
                [
                    1860, 
                    884
                ], 
                [
                    1845, 
                    855
                ], 
                [
                    1838, 
                    824
                ], 
                [
                    1839, 
                    793
                ], 
                [
                    1842, 
                    784
                ], 
                [
                    1704, 
                    731
                ], 
                [
                    1700, 
                    736
                ], 
                [
                    1692, 
                    765
                ], 
                [
                    1686, 
                    775
                ], 
                [
                    1678, 
                    779
                ], 
                [
                    1650, 
                    776
                ], 
                [
                    1636, 
                    768
                ], 
                [
                    1619, 
                    739
                ], 
                [
                    1615, 
                    712
                ], 
                [
                    1612, 
                    666
                ], 
                [
                    1613, 
                    617
                ], 
                [
                    1619, 
                    597
                ], 
                [
                    1631, 
                    570
                ], 
                [
                    1644, 
                    545
                ], 
                [
                    1666, 
                    523
                ], 
                [
                    1654, 
                    519
                ], 
                [
                    1649, 
                    511
                ], 
                [
                    1649, 
                    503
                ], 
                [
                    1658, 
                    491
                ], 
                [
                    1669, 
                    486
                ], 
                [
                    1683, 
                    484
                ], 
                [
                    1699, 
                    483
                ], 
                [
                    1732, 
                    448
                ], 
                [
                    1766, 
                    416
                ], 
                [
                    1806, 
                    390
                ], 
                [
                    1837, 
                    379
                ], 
                [
                    1880, 
                    373
                ], 
                [
                    1994, 
                    366
                ]
            ]
        }, 
        {
            "label": "pole", 
            "polygon": [
                [
                    1317, 
                    144
                ], 
                [
                    1317, 
                    217
                ], 
                [
                    1319, 
                    432
                ], 
                [
                    1319, 
                    483
                ], 
                [
                    1312, 
                    483
                ], 
                [
                    1312, 
                    416
                ], 
                [
                    1312, 
                    253
                ], 
                [
                    1312, 
                    146
                ], 
                [
                    1226, 
                    138
                ], 
                [
                    1221, 
                    139
                ], 
                [
                    1212, 
                    139
                ], 
                [
                    1197, 
                    138
                ], 
                [
                    1195, 
                    135
                ], 
                [
                    1200, 
                    129
                ], 
                [
                    1225, 
                    131
                ], 
                [
                    1229, 
                    133
                ], 
                [
                    1314, 
                    139
                ], 
                [
                    1317, 
                    140
                ]
            ]
        }, 
        {
            "label": "ego vehicle", 
            "polygon": [
                [
                    271, 
                    1023
                ], 
                [
                    387, 
                    1009
                ], 
                [
                    549, 
                    993
                ], 
                [
                    821, 
                    966
                ], 
                [
                    1082, 
                    950
                ], 
                [
                    1142, 
                    947
                ], 
                [
                    1112, 
                    932
                ], 
                [
                    1096, 
                    896
                ], 
                [
                    1108, 
                    861
                ], 
                [
                    1137, 
                    844
                ], 
                [
                    1175, 
                    844
                ], 
                [
                    1204, 
                    867
                ], 
                [
                    1209, 
                    897
                ], 
                [
                    1195, 
                    931
                ], 
                [
                    1161, 
                    945
                ], 
                [
                    1376, 
                    957
                ], 
                [
                    1654, 
                    977
                ], 
                [
                    1883, 
                    1002
                ], 
                [
                    2028, 
                    1023
                ]
            ]
        }, 
        {
            "label": "out of roi", 
            "polygon": [
                [
                    0, 
                    0
                ], 
                [
                    2048, 
                    0
                ], 
                [
                    2048, 
                    1024
                ], 
                [
                    0, 
                    1024
                ], 
                [
                    0, 
                    0
                ], 
                [
                    5, 
                    5
                ], 
                [
                    5, 
                    1019
                ], 
                [
                    2043, 
                    1019
                ], 
                [
                    2043, 
                    5
                ], 
                [
                    5, 
                    5
                ]
            ]
        }
    ]
}