{
    "imgHeight": 1024, 
    "imgWidth": 2048, 
    "objects": [
        {
            "label": "sky", 
            "polygon": [
                [
                    540, 
                    0
                ], 
                [
                    528, 
                    212
                ], 
                [
                    2047, 
                    243
                ], 
                [
                    2047, 
                    0
                ]
            ]
        }, 
        {
            "label": "road", 
            "polygon": [
                [
                    1336, 
                    400
                ], 
                [
                    836, 
                    375
                ], 
                [
                    0, 
                    642
                ], 
                [
                    0, 
                    1023
                ], 
                [
                    2047, 
                    1023
                ], 
                [
                    2047, 
                    583
                ]
            ]
        }, 
        {
            "label": "parking", 
            "polygon": [
                [
                    1287, 
                    520
                ], 
                [
                    1291, 
                    564
                ], 
                [
                    2047, 
                    1023
                ], 
                [
                    2047, 
                    639
                ], 
                [
                    1400, 
                    511
                ]
            ]
        }, 
        {
            "label": "sidewalk", 
            "polygon": [
                [
                    1336, 
                    426
                ], 
                [
                    1197, 
                    444
                ], 
                [
                    1171, 
                    462
                ], 
                [
                    1169, 
                    474
                ], 
                [
                    1182, 
                    490
                ], 
                [
                    1291, 
                    565
                ], 
                [
                    1360, 
                    552
                ]
            ]
        }, 
        {
            "label": "building", 
            "polygon": [
                [
                    1378, 
                    115
                ], 
                [
                    1008, 
                    111
                ], 
                [
                    1008, 
                    105
                ], 
                [
                    963, 
                    107
                ], 
                [
                    961, 
                    112
                ], 
                [
                    958, 
                    112
                ], 
                [
                    955, 
                    107
                ], 
                [
                    916, 
                    107
                ], 
                [
                    914, 
                    112
                ], 
                [
                    909, 
                    110
                ], 
                [
                    909, 
                    105
                ], 
                [
                    889, 
                    107
                ], 
                [
                    889, 
                    147
                ], 
                [
                    851, 
                    146
                ], 
                [
                    843, 
                    211
                ], 
                [
                    792, 
                    209
                ], 
                [
                    801, 
                    150
                ], 
                [
                    576, 
                    93
                ], 
                [
                    590, 
                    447
                ], 
                [
                    857, 
                    417
                ], 
                [
                    1007, 
                    419
                ], 
                [
                    1116, 
                    416
                ], 
                [
                    1121, 
                    409
                ], 
                [
                    1375, 
                    387
                ]
            ]
        }, 
        {
            "label": "pole", 
            "polygon": [
                [
                    873, 
                    355
                ], 
                [
                    873, 
                    322
                ], 
                [
                    874, 
                    270
                ], 
                [
                    868, 
                    269
                ], 
                [
                    869, 
                    332
                ], 
                [
                    869, 
                    357
                ]
            ]
        }, 
        {
            "label": "vegetation", 
            "polygon": [
                [
                    1212, 
                    467
                ], 
                [
                    1268, 
                    464
                ], 
                [
                    1282, 
                    463
                ], 
                [
                    1284, 
                    455
                ], 
                [
                    1276, 
                    451
                ], 
                [
                    1302, 
                    444
                ], 
                [
                    1297, 
                    439
                ], 
                [
                    1292, 
                    439
                ], 
                [
                    1288, 
                    434
                ], 
                [
                    1287, 
                    432
                ], 
                [
                    1287, 
                    426
                ], 
                [
                    1283, 
                    424
                ], 
                [
                    1252, 
                    412
                ], 
                [
                    1232, 
                    412
                ], 
                [
                    1219, 
                    413
                ], 
                [
                    1208, 
                    416
                ], 
                [
                    1203, 
                    418
                ], 
                [
                    1205, 
                    423
                ], 
                [
                    1198, 
                    430
                ], 
                [
                    1195, 
                    427
                ], 
                [
                    1192, 
                    431
                ], 
                [
                    1193, 
                    436
                ], 
                [
                    1183, 
                    442
                ], 
                [
                    1180, 
                    446
                ], 
                [
                    1173, 
                    451
                ], 
                [
                    1171, 
                    456
                ], 
                [
                    1170, 
                    461
                ], 
                [
                    1170, 
                    464
                ], 
                [
                    1187, 
                    464
                ], 
                [
                    1199, 
                    466
                ]
            ]
        }, 
        {
            "label": "pole", 
            "polygon": [
                [
                    885, 
                    354
                ], 
                [
                    887, 
                    305
                ], 
                [
                    882, 
                    305
                ], 
                [
                    880, 
                    358
                ]
            ]
        }, 
        {
            "label": "car", 
            "polygon": [
                [
                    1327, 
                    382
                ], 
                [
                    1319, 
                    380
                ], 
                [
                    1295, 
                    378
                ], 
                [
                    1282, 
                    379
                ], 
                [
                    1279, 
                    388
                ], 
                [
                    1281, 
                    412
                ], 
                [
                    1293, 
                    413
                ], 
                [
                    1299, 
                    414
                ], 
                [
                    1302, 
                    417
                ], 
                [
                    1306, 
                    418
                ], 
                [
                    1309, 
                    416
                ], 
                [
                    1311, 
                    414
                ], 
                [
                    1322, 
                    414
                ], 
                [
                    1325, 
                    418
                ], 
                [
                    1328, 
                    418
                ], 
                [
                    1330, 
                    416
                ], 
                [
                    1332, 
                    413
                ], 
                [
                    1334, 
                    405
                ], 
                [
                    1329, 
                    402
                ], 
                [
                    1328, 
                    402
                ], 
                [
                    1329, 
                    393
                ]
            ]
        }, 
        {
            "label": "vegetation", 
            "polygon": [
                [
                    1319, 
                    380
                ], 
                [
                    1312, 
                    359
                ], 
                [
                    1299, 
                    343
                ], 
                [
                    1293, 
                    333
                ], 
                [
                    1281, 
                    333
                ], 
                [
                    1275, 
                    329
                ], 
                [
                    1268, 
                    316
                ], 
                [
                    1268, 
                    336
                ], 
                [
                    1267, 
                    340
                ], 
                [
                    1272, 
                    340
                ], 
                [
                    1277, 
                    346
                ], 
                [
                    1281, 
                    359
                ], 
                [
                    1279, 
                    366
                ], 
                [
                    1275, 
                    373
                ], 
                [
                    1261, 
                    378
                ], 
                [
                    1253, 
                    378
                ], 
                [
                    1255, 
                    472
                ], 
                [
                    1241, 
                    472
                ], 
                [
                    1232, 
                    378
                ], 
                [
                    1221, 
                    377
                ], 
                [
                    1205, 
                    374
                ], 
                [
                    1193, 
                    362
                ], 
                [
                    1185, 
                    352
                ], 
                [
                    1186, 
                    334
                ], 
                [
                    1175, 
                    336
                ], 
                [
                    1166, 
                    320
                ], 
                [
                    1165, 
                    309
                ], 
                [
                    1154, 
                    312
                ], 
                [
                    1141, 
                    322
                ], 
                [
                    1142, 
                    339
                ], 
                [
                    1138, 
                    378
                ], 
                [
                    1112, 
                    397
                ], 
                [
                    1106, 
                    388
                ], 
                [
                    1101, 
                    377
                ], 
                [
                    1105, 
                    371
                ], 
                [
                    1114, 
                    370
                ], 
                [
                    1121, 
                    370
                ], 
                [
                    1125, 
                    348
                ], 
                [
                    1106, 
                    345
                ], 
                [
                    1093, 
                    338
                ], 
                [
                    1092, 
                    318
                ], 
                [
                    1096, 
                    308
                ], 
                [
                    1090, 
                    292
                ], 
                [
                    1084, 
                    291
                ], 
                [
                    1077, 
                    279
                ], 
                [
                    1066, 
                    279
                ], 
                [
                    1025, 
                    280
                ], 
                [
                    999, 
                    279
                ], 
                [
                    976, 
                    278
                ], 
                [
                    959, 
                    278
                ], 
                [
                    943, 
                    279
                ], 
                [
                    919, 
                    278
                ], 
                [
                    917, 
                    276
                ], 
                [
                    922, 
                    273
                ], 
                [
                    938, 
                    269
                ], 
                [
                    953, 
                    263
                ], 
                [
                    965, 
                    256
                ], 
                [
                    930, 
                    247
                ], 
                [
                    925, 
                    253
                ], 
                [
                    921, 
                    251
                ], 
                [
                    916, 
                    251
                ], 
                [
                    914, 
                    245
                ], 
                [
                    914, 
                    242
                ], 
                [
                    924, 
                    239
                ], 
                [
                    925, 
                    229
                ], 
                [
                    932, 
                    219
                ], 
                [
                    932, 
                    212
                ], 
                [
                    927, 
                    209
                ], 
                [
                    935, 
                    202
                ], 
                [
                    936, 
                    194
                ], 
                [
                    941, 
                    193
                ], 
                [
                    937, 
                    184
                ], 
                [
                    939, 
                    179
                ], 
                [
                    949, 
                    175
                ], 
                [
                    941, 
                    170
                ], 
                [
                    938, 
                    163
                ], 
                [
                    940, 
                    159
                ], 
                [
                    947, 
                    160
                ], 
                [
                    953, 
                    154
                ], 
                [
                    954, 
                    141
                ], 
                [
                    967, 
                    138
                ], 
                [
                    965, 
                    130
                ], 
                [
                    961, 
                    127
                ], 
                [
                    958, 
                    119
                ], 
                [
                    963, 
                    118
                ], 
                [
                    970, 
                    123
                ], 
                [
                    977, 
                    120
                ], 
                [
                    979, 
                    120
                ], 
                [
                    985, 
                    117
                ], 
                [
                    996, 
                    117
                ], 
                [
                    987, 
                    101
                ], 
                [
                    980, 
                    101
                ], 
                [
                    971, 
                    99
                ], 
                [
                    970, 
                    80
                ], 
                [
                    977, 
                    70
                ], 
                [
                    991, 
                    62
                ], 
                [
                    998, 
                    75
                ], 
                [
                    1000, 
                    71
                ], 
                [
                    1002, 
                    62
                ], 
                [
                    998, 
                    57
                ], 
                [
                    995, 
                    53
                ], 
                [
                    987, 
                    49
                ], 
                [
                    991, 
                    39
                ], 
                [
                    1005, 
                    34
                ], 
                [
                    1001, 
                    25
                ], 
                [
                    1005, 
                    13
                ], 
                [
                    1013, 
                    8
                ], 
                [
                    1015, 
                    0
                ], 
                [
                    1016, 
                    0
                ], 
                [
                    1386, 
                    1
                ], 
                [
                    1382, 
                    410
                ], 
                [
                    1318, 
                    405
                ]
            ]
        }, 
        {
            "label": "pole", 
            "polygon": [
                [
                    1353, 
                    332
                ], 
                [
                    1355, 
                    221
                ], 
                [
                    1356, 
                    96
                ], 
                [
                    1282, 
                    94
                ], 
                [
                    1282, 
                    97
                ], 
                [
                    1352, 
                    98
                ], 
                [
                    1349, 
                    336
                ]
            ]
        }, 
        {
            "label": "building", 
            "polygon": [
                [
                    1365, 
                    0
                ], 
                [
                    1364, 
                    115
                ], 
                [
                    1365, 
                    157
                ], 
                [
                    1349, 
                    169
                ], 
                [
                    1354, 
                    179
                ], 
                [
                    1360, 
                    184
                ], 
                [
                    1365, 
                    183
                ], 
                [
                    1362, 
                    419
                ], 
                [
                    2047, 
                    630
                ], 
                [
                    2047, 
                    0
                ]
            ]
        }, 
        {
            "label": "car", 
            "polygon": [
                [
                    1280, 
                    380
                ], 
                [
                    1249, 
                    379
                ], 
                [
                    1252, 
                    412
                ], 
                [
                    1258, 
                    412
                ], 
                [
                    1259, 
                    417
                ], 
                [
                    1283, 
                    416
                ], 
                [
                    1288, 
                    413
                ], 
                [
                    1288, 
                    409
                ], 
                [
                    1287, 
                    405
                ], 
                [
                    1290, 
                    403
                ], 
                [
                    1290, 
                    397
                ]
            ]
        }, 
        {
            "label": "vegetation", 
            "polygon": [
                [
                    731, 
                    376
                ], 
                [
                    730, 
                    350
                ], 
                [
                    734, 
                    346
                ], 
                [
                    734, 
                    342
                ], 
                [
                    731, 
                    338
                ], 
                [
                    730, 
                    322
                ], 
                [
                    734, 
                    316
                ], 
                [
                    732, 
                    310
                ], 
                [
                    749, 
                    312
                ], 
                [
                    755, 
                    304
                ], 
                [
                    766, 
                    309
                ], 
                [
                    775, 
                    317
                ], 
                [
                    785, 
                    321
                ], 
                [
                    793, 
                    330
                ], 
                [
                    802, 
                    319
                ], 
                [
                    810, 
                    315
                ], 
                [
                    824, 
                    317
                ], 
                [
                    829, 
                    312
                ], 
                [
                    828, 
                    300
                ], 
                [
                    833, 
                    294
                ], 
                [
                    833, 
                    284
                ], 
                [
                    844, 
                    284
                ], 
                [
                    863, 
                    285
                ], 
                [
                    871, 
                    273
                ], 
                [
                    875, 
                    270
                ], 
                [
                    888, 
                    272
                ], 
                [
                    901, 
                    272
                ], 
                [
                    912, 
                    283
                ], 
                [
                    925, 
                    281
                ], 
                [
                    927, 
                    268
                ], 
                [
                    925, 
                    258
                ], 
                [
                    918, 
                    248
                ], 
                [
                    911, 
                    241
                ], 
                [
                    909, 
                    237
                ], 
                [
                    897, 
                    222
                ], 
                [
                    878, 
                    212
                ], 
                [
                    869, 
                    204
                ], 
                [
                    864, 
                    193
                ], 
                [
                    876, 
                    178
                ], 
                [
                    897, 
                    172
                ], 
                [
                    910, 
                    161
                ], 
                [
                    918, 
                    170
                ], 
                [
                    935, 
                    168
                ], 
                [
                    952, 
                    155
                ], 
                [
                    972, 
                    139
                ], 
                [
                    966, 
                    126
                ], 
                [
                    930, 
                    124
                ], 
                [
                    904, 
                    127
                ], 
                [
                    883, 
                    153
                ], 
                [
                    854, 
                    170
                ], 
                [
                    827, 
                    163
                ], 
                [
                    814, 
                    145
                ], 
                [
                    832, 
                    143
                ], 
                [
                    850, 
                    141
                ], 
                [
                    865, 
                    124
                ], 
                [
                    874, 
                    108
                ], 
                [
                    861, 
                    110
                ], 
                [
                    844, 
                    117
                ], 
                [
                    878, 
                    72
                ], 
                [
                    885, 
                    62
                ], 
                [
                    903, 
                    45
                ], 
                [
                    918, 
                    28
                ], 
                [
                    929, 
                    7
                ], 
                [
                    923, 
                    0
                ], 
                [
                    914, 
                    0
                ], 
                [
                    568, 
                    0
                ], 
                [
                    566, 
                    293
                ], 
                [
                    592, 
                    279
                ], 
                [
                    598, 
                    287
                ], 
                [
                    607, 
                    287
                ], 
                [
                    610, 
                    295
                ], 
                [
                    610, 
                    315
                ], 
                [
                    609, 
                    334
                ], 
                [
                    609, 
                    345
                ], 
                [
                    606, 
                    354
                ], 
                [
                    607, 
                    374
                ], 
                [
                    604, 
                    386
                ], 
                [
                    621, 
                    385
                ], 
                [
                    621, 
                    322
                ], 
                [
                    630, 
                    338
                ], 
                [
                    644, 
                    344
                ], 
                [
                    654, 
                    339
                ], 
                [
                    674, 
                    334
                ], 
                [
                    694, 
                    326
                ], 
                [
                    690, 
                    377
                ]
            ]
        }, 
        {
            "label": "pole", 
            "polygon": [
                [
                    1345, 
                    452
                ], 
                [
                    1348, 
                    231
                ], 
                [
                    1329, 
                    232
                ], 
                [
                    1330, 
                    275
                ], 
                [
                    1337, 
                    275
                ], 
                [
                    1337, 
                    489
                ]
            ]
        }, 
        {
            "label": "static", 
            "polygon": [
                [
                    1348, 
                    375
                ], 
                [
                    1332, 
                    382
                ], 
                [
                    1325, 
                    386
                ], 
                [
                    1326, 
                    390
                ], 
                [
                    1329, 
                    394
                ], 
                [
                    1329, 
                    428
                ], 
                [
                    1366, 
                    428
                ], 
                [
                    1365, 
                    393
                ], 
                [
                    1360, 
                    385
                ], 
                [
                    1354, 
                    380
                ]
            ]
        }, 
        {
            "label": "car", 
            "polygon": [
                [
                    903, 
                    350
                ], 
                [
                    900, 
                    352
                ], 
                [
                    848, 
                    349
                ], 
                [
                    840, 
                    359
                ], 
                [
                    837, 
                    366
                ], 
                [
                    836, 
                    375
                ], 
                [
                    832, 
                    389
                ], 
                [
                    812, 
                    405
                ], 
                [
                    824, 
                    423
                ], 
                [
                    840, 
                    418
                ], 
                [
                    841, 
                    435
                ], 
                [
                    849, 
                    435
                ], 
                [
                    851, 
                    425
                ], 
                [
                    870, 
                    425
                ], 
                [
                    891, 
                    412
                ], 
                [
                    916, 
                    386
                ], 
                [
                    914, 
                    369
                ], 
                [
                    907, 
                    351
                ]
            ]
        }, 
        {
            "label": "sidewalk", 
            "polygon": [
                [
                    1106, 
                    411
                ], 
                [
                    1077, 
                    413
                ], 
                [
                    1012, 
                    413
                ], 
                [
                    1001, 
                    413
                ], 
                [
                    1001, 
                    423
                ], 
                [
                    1071, 
                    422
                ], 
                [
                    1087, 
                    416
                ], 
                [
                    1108, 
                    415
                ]
            ]
        }, 
        {
            "label": "pole", 
            "polygon": [
                [
                    956, 
                    373
                ], 
                [
                    958, 
                    339
                ], 
                [
                    960, 
                    339
                ], 
                [
                    959, 
                    379
                ]
            ]
        }, 
        {
            "label": "car", 
            "polygon": [
                [
                    837, 
                    374
                ], 
                [
                    833, 
                    369
                ], 
                [
                    828, 
                    364
                ], 
                [
                    803, 
                    361
                ], 
                [
                    781, 
                    361
                ], 
                [
                    768, 
                    362
                ], 
                [
                    761, 
                    366
                ], 
                [
                    754, 
                    373
                ], 
                [
                    776, 
                    437
                ], 
                [
                    801, 
                    438
                ], 
                [
                    810, 
                    438
                ], 
                [
                    810, 
                    442
                ], 
                [
                    819, 
                    443
                ], 
                [
                    824, 
                    441
                ], 
                [
                    826, 
                    432
                ], 
                [
                    832, 
                    432
                ], 
                [
                    832, 
                    438
                ], 
                [
                    840, 
                    438
                ], 
                [
                    840, 
                    437
                ], 
                [
                    841, 
                    435
                ], 
                [
                    841, 
                    425
                ], 
                [
                    841, 
                    419
                ], 
                [
                    837, 
                    415
                ], 
                [
                    833, 
                    411
                ], 
                [
                    836, 
                    404
                ], 
                [
                    843, 
                    402
                ]
            ]
        }, 
        {
            "label": "vegetation", 
            "polygon": [
                [
                    779, 
                    434
                ], 
                [
                    810, 
                    439
                ], 
                [
                    810, 
                    447
                ], 
                [
                    793, 
                    454
                ]
            ]
        }, 
        {
            "label": "building", 
            "polygon": [
                [
                    1, 
                    0
                ], 
                [
                    593, 
                    0
                ], 
                [
                    626, 
                    32
                ], 
                [
                    622, 
                    105
                ], 
                [
                    590, 
                    109
                ], 
                [
                    593, 
                    198
                ], 
                [
                    610, 
                    206
                ], 
                [
                    612, 
                    272
                ], 
                [
                    602, 
                    280
                ], 
                [
                    597, 
                    282
                ], 
                [
                    593, 
                    288
                ], 
                [
                    593, 
                    451
                ], 
                [
                    0, 
                    510
                ]
            ]
        }, 
        {
            "label": "car", 
            "polygon": [
                [
                    788, 
                    400
                ], 
                [
                    768, 
                    375
                ], 
                [
                    758, 
                    373
                ], 
                [
                    735, 
                    371
                ], 
                [
                    684, 
                    374
                ], 
                [
                    673, 
                    373
                ], 
                [
                    649, 
                    398
                ], 
                [
                    634, 
                    398
                ], 
                [
                    632, 
                    405
                ], 
                [
                    631, 
                    411
                ], 
                [
                    636, 
                    415
                ], 
                [
                    644, 
                    470
                ], 
                [
                    733, 
                    470
                ], 
                [
                    735, 
                    478
                ], 
                [
                    745, 
                    478
                ], 
                [
                    751, 
                    477
                ], 
                [
                    755, 
                    474
                ], 
                [
                    756, 
                    465
                ], 
                [
                    777, 
                    461
                ], 
                [
                    777, 
                    467
                ], 
                [
                    790, 
                    467
                ], 
                [
                    794, 
                    465
                ], 
                [
                    797, 
                    456
                ], 
                [
                    797, 
                    442
                ], 
                [
                    797, 
                    430
                ], 
                [
                    797, 
                    426
                ], 
                [
                    795, 
                    412
                ]
            ]
        }, 
        {
            "label": "car", 
            "polygon": [
                [
                    1001, 
                    400
                ], 
                [
                    999, 
                    392
                ], 
                [
                    989, 
                    379
                ], 
                [
                    979, 
                    376
                ], 
                [
                    958, 
                    374
                ], 
                [
                    925, 
                    373
                ], 
                [
                    907, 
                    374
                ], 
                [
                    883, 
                    399
                ], 
                [
                    868, 
                    399
                ], 
                [
                    869, 
                    403
                ], 
                [
                    871, 
                    404
                ], 
                [
                    878, 
                    404
                ], 
                [
                    875, 
                    411
                ], 
                [
                    868, 
                    415
                ], 
                [
                    864, 
                    425
                ], 
                [
                    865, 
                    432
                ], 
                [
                    866, 
                    443
                ], 
                [
                    867, 
                    459
                ], 
                [
                    869, 
                    472
                ], 
                [
                    882, 
                    472
                ], 
                [
                    883, 
                    466
                ], 
                [
                    883, 
                    461
                ], 
                [
                    899, 
                    463
                ], 
                [
                    911, 
                    463
                ], 
                [
                    947, 
                    465
                ], 
                [
                    959, 
                    462
                ], 
                [
                    961, 
                    470
                ], 
                [
                    963, 
                    474
                ], 
                [
                    976, 
                    474
                ], 
                [
                    985, 
                    472
                ], 
                [
                    986, 
                    467
                ], 
                [
                    985, 
                    460
                ], 
                [
                    991, 
                    460
                ], 
                [
                    991, 
                    465
                ], 
                [
                    996, 
                    466
                ], 
                [
                    1003, 
                    465
                ], 
                [
                    1004, 
                    464
                ], 
                [
                    1005, 
                    454
                ], 
                [
                    1007, 
                    427
                ], 
                [
                    1004, 
                    412
                ]
            ]
        }, 
        {
            "label": "license plate", 
            "polygon": [
                [
                    647, 
                    446
                ], 
                [
                    686, 
                    446
                ], 
                [
                    686, 
                    453
                ], 
                [
                    654, 
                    453
                ]
            ]
        }, 
        {
            "label": "car", 
            "polygon": [
                [
                    644, 
                    420
                ], 
                [
                    629, 
                    389
                ], 
                [
                    622, 
                    382
                ], 
                [
                    617, 
                    380
                ], 
                [
                    607, 
                    379
                ], 
                [
                    594, 
                    382
                ], 
                [
                    546, 
                    382
                ], 
                [
                    515, 
                    382
                ], 
                [
                    505, 
                    383
                ], 
                [
                    487, 
                    390
                ], 
                [
                    471, 
                    413
                ], 
                [
                    458, 
                    429
                ], 
                [
                    451, 
                    426
                ], 
                [
                    444, 
                    429
                ], 
                [
                    443, 
                    439
                ], 
                [
                    451, 
                    444
                ], 
                [
                    441, 
                    462
                ], 
                [
                    437, 
                    493
                ], 
                [
                    443, 
                    535
                ], 
                [
                    451, 
                    541
                ], 
                [
                    460, 
                    539
                ], 
                [
                    466, 
                    537
                ], 
                [
                    468, 
                    527
                ], 
                [
                    501, 
                    526
                ], 
                [
                    596, 
                    520
                ], 
                [
                    598, 
                    531
                ], 
                [
                    601, 
                    534
                ], 
                [
                    609, 
                    533
                ], 
                [
                    620, 
                    532
                ], 
                [
                    626, 
                    527
                ], 
                [
                    631, 
                    521
                ], 
                [
                    632, 
                    510
                ], 
                [
                    641, 
                    503
                ], 
                [
                    641, 
                    511
                ], 
                [
                    643, 
                    514
                ], 
                [
                    655, 
                    515
                ], 
                [
                    660, 
                    512
                ], 
                [
                    658, 
                    483
                ], 
                [
                    657, 
                    464
                ], 
                [
                    656, 
                    448
                ], 
                [
                    654, 
                    431
                ], 
                [
                    648, 
                    429
                ]
            ]
        }, 
        {
            "label": "car", 
            "polygon": [
                [
                    134, 
                    348
                ], 
                [
                    156, 
                    339
                ], 
                [
                    229, 
                    332
                ], 
                [
                    345, 
                    331
                ], 
                [
                    412, 
                    339
                ], 
                [
                    422, 
                    346
                ], 
                [
                    434, 
                    379
                ], 
                [
                    449, 
                    446
                ], 
                [
                    454, 
                    524
                ], 
                [
                    451, 
                    535
                ], 
                [
                    447, 
                    541
                ], 
                [
                    447, 
                    584
                ], 
                [
                    443, 
                    592
                ], 
                [
                    435, 
                    599
                ], 
                [
                    425, 
                    601
                ], 
                [
                    405, 
                    602
                ], 
                [
                    402, 
                    582
                ], 
                [
                    401, 
                    569
                ], 
                [
                    334, 
                    590
                ], 
                [
                    330, 
                    614
                ], 
                [
                    325, 
                    622
                ], 
                [
                    316, 
                    630
                ], 
                [
                    303, 
                    642
                ], 
                [
                    290, 
                    646
                ], 
                [
                    276, 
                    647
                ], 
                [
                    265, 
                    642
                ], 
                [
                    256, 
                    629
                ], 
                [
                    195, 
                    637
                ], 
                [
                    93, 
                    376
                ]
            ]
        }, 
        {
            "label": "car", 
            "polygon": [
                [
                    0, 
                    341
                ], 
                [
                    70, 
                    341
                ], 
                [
                    102, 
                    350
                ], 
                [
                    123, 
                    357
                ], 
                [
                    127, 
                    364
                ], 
                [
                    171, 
                    424
                ], 
                [
                    187, 
                    466
                ], 
                [
                    191, 
                    525
                ], 
                [
                    200, 
                    546
                ], 
                [
                    206, 
                    601
                ], 
                [
                    208, 
                    648
                ], 
                [
                    203, 
                    663
                ], 
                [
                    194, 
                    678
                ], 
                [
                    182, 
                    684
                ], 
                [
                    160, 
                    685
                ], 
                [
                    149, 
                    680
                ], 
                [
                    139, 
                    657
                ], 
                [
                    37, 
                    698
                ], 
                [
                    23, 
                    743
                ], 
                [
                    12, 
                    759
                ], 
                [
                    1, 
                    761
                ]
            ]
        }, 
        {
            "label": "car", 
            "polygon": [
                [
                    1236, 
                    411
                ], 
                [
                    1236, 
                    378
                ], 
                [
                    1212, 
                    373
                ], 
                [
                    1196, 
                    371
                ], 
                [
                    1193, 
                    378
                ], 
                [
                    1187, 
                    403
                ], 
                [
                    1191, 
                    412
                ], 
                [
                    1205, 
                    413
                ], 
                [
                    1207, 
                    417
                ], 
                [
                    1211, 
                    420
                ], 
                [
                    1218, 
                    420
                ], 
                [
                    1224, 
                    414
                ]
            ]
        }, 
        {
            "label": "car", 
            "polygon": [
                [
                    1196, 
                    377
                ], 
                [
                    1193, 
                    371
                ], 
                [
                    1187, 
                    367
                ], 
                [
                    1142, 
                    366
                ], 
                [
                    1131, 
                    371
                ], 
                [
                    1120, 
                    380
                ], 
                [
                    1118, 
                    380
                ], 
                [
                    1116, 
                    382
                ], 
                [
                    1117, 
                    383
                ], 
                [
                    1107, 
                    394
                ], 
                [
                    1107, 
                    416
                ], 
                [
                    1116, 
                    418
                ], 
                [
                    1120, 
                    415
                ], 
                [
                    1120, 
                    412
                ], 
                [
                    1149, 
                    412
                ], 
                [
                    1153, 
                    417
                ], 
                [
                    1158, 
                    418
                ], 
                [
                    1162, 
                    417
                ], 
                [
                    1166, 
                    413
                ], 
                [
                    1185, 
                    412
                ], 
                [
                    1184, 
                    417
                ], 
                [
                    1190, 
                    419
                ], 
                [
                    1196, 
                    418
                ], 
                [
                    1198, 
                    414
                ], 
                [
                    1198, 
                    409
                ], 
                [
                    1198, 
                    406
                ], 
                [
                    1200, 
                    401
                ]
            ]
        }, 
        {
            "label": "traffic sign", 
            "polygon": [
                [
                    1337, 
                    239
                ], 
                [
                    1337, 
                    233
                ], 
                [
                    1282, 
                    233
                ], 
                [
                    1283, 
                    281
                ], 
                [
                    1337, 
                    281
                ]
            ]
        }, 
        {
            "label": "terrain", 
            "polygon": [
                [
                    1179, 
                    463
                ], 
                [
                    1184, 
                    473
                ], 
                [
                    1229, 
                    473
                ], 
                [
                    1299, 
                    472
                ], 
                [
                    1297, 
                    468
                ], 
                [
                    1282, 
                    460
                ], 
                [
                    1272, 
                    455
                ], 
                [
                    1265, 
                    454
                ], 
                [
                    1255, 
                    454
                ], 
                [
                    1257, 
                    458
                ], 
                [
                    1258, 
                    460
                ], 
                [
                    1258, 
                    462
                ], 
                [
                    1245, 
                    462
                ], 
                [
                    1229, 
                    460
                ], 
                [
                    1222, 
                    461
                ], 
                [
                    1214, 
                    462
                ], 
                [
                    1205, 
                    463
                ], 
                [
                    1198, 
                    463
                ], 
                [
                    1196, 
                    462
                ], 
                [
                    1193, 
                    460
                ], 
                [
                    1192, 
                    463
                ], 
                [
                    1186, 
                    463
                ], 
                [
                    1185, 
                    462
                ]
            ]
        }, 
        {
            "label": "static", 
            "polygon": [
                [
                    1357, 
                    331
                ], 
                [
                    1325, 
                    331
                ], 
                [
                    1325, 
                    374
                ], 
                [
                    1358, 
                    374
                ]
            ]
        }, 
        {
            "label": "static", 
            "polygon": [
                [
                    1252, 
                    437
                ], 
                [
                    1279, 
                    436
                ], 
                [
                    1301, 
                    447
                ], 
                [
                    1302, 
                    466
                ], 
                [
                    1290, 
                    465
                ], 
                [
                    1290, 
                    450
                ], 
                [
                    1283, 
                    450
                ], 
                [
                    1283, 
                    460
                ], 
                [
                    1278, 
                    460
                ], 
                [
                    1278, 
                    450
                ], 
                [
                    1216, 
                    452
                ], 
                [
                    1216, 
                    471
                ], 
                [
                    1211, 
                    471
                ], 
                [
                    1210, 
                    453
                ], 
                [
                    1205, 
                    452
                ], 
                [
                    1205, 
                    446
                ], 
                [
                    1282, 
                    444
                ], 
                [
                    1278, 
                    441
                ], 
                [
                    1210, 
                    439
                ], 
                [
                    1211, 
                    435
                ]
            ]
        }, 
        {
            "label": "static", 
            "polygon": [
                [
                    1315, 
                    471
                ], 
                [
                    1316, 
                    443
                ], 
                [
                    1315, 
                    425
                ], 
                [
                    1307, 
                    417
                ], 
                [
                    1300, 
                    413
                ], 
                [
                    1236, 
                    413
                ], 
                [
                    1230, 
                    416
                ], 
                [
                    1228, 
                    422
                ], 
                [
                    1228, 
                    472
                ], 
                [
                    1242, 
                    483
                ], 
                [
                    1247, 
                    483
                ], 
                [
                    1248, 
                    429
                ], 
                [
                    1254, 
                    426
                ], 
                [
                    1294, 
                    425
                ], 
                [
                    1292, 
                    474
                ], 
                [
                    1314, 
                    479
                ]
            ]
        }, 
        {
            "label": "pole", 
            "polygon": [
                [
                    1226, 
                    480
                ], 
                [
                    1220, 
                    481
                ], 
                [
                    1220, 
                    283
                ], 
                [
                    1229, 
                    284
                ]
            ]
        }, 
        {
            "label": "car", 
            "polygon": [
                [
                    1581, 
                    399
                ], 
                [
                    1584, 
                    395
                ], 
                [
                    1562, 
                    388
                ], 
                [
                    1526, 
                    383
                ], 
                [
                    1447, 
                    383
                ], 
                [
                    1386, 
                    388
                ], 
                [
                    1343, 
                    444
                ], 
                [
                    1334, 
                    434
                ], 
                [
                    1329, 
                    434
                ], 
                [
                    1324, 
                    440
                ], 
                [
                    1324, 
                    449
                ], 
                [
                    1329, 
                    452
                ], 
                [
                    1338, 
                    453
                ], 
                [
                    1321, 
                    465
                ], 
                [
                    1308, 
                    473
                ], 
                [
                    1303, 
                    490
                ], 
                [
                    1302, 
                    549
                ], 
                [
                    1306, 
                    572
                ], 
                [
                    1326, 
                    576
                ], 
                [
                    1333, 
                    573
                ], 
                [
                    1336, 
                    566
                ], 
                [
                    1351, 
                    570
                ], 
                [
                    1351, 
                    596
                ], 
                [
                    1358, 
                    605
                ], 
                [
                    1364, 
                    609
                ], 
                [
                    1377, 
                    610
                ], 
                [
                    1389, 
                    611
                ], 
                [
                    1395, 
                    608
                ], 
                [
                    1400, 
                    597
                ], 
                [
                    1403, 
                    584
                ], 
                [
                    1401, 
                    578
                ], 
                [
                    1461, 
                    583
                ]
            ]
        }, 
        {
            "label": "traffic sign", 
            "polygon": [
                [
                    1226, 
                    296
                ], 
                [
                    1233, 
                    294
                ], 
                [
                    1240, 
                    288
                ], 
                [
                    1242, 
                    277
                ], 
                [
                    1238, 
                    269
                ], 
                [
                    1231, 
                    263
                ], 
                [
                    1218, 
                    263
                ], 
                [
                    1208, 
                    270
                ], 
                [
                    1205, 
                    280
                ], 
                [
                    1207, 
                    288
                ], 
                [
                    1212, 
                    295
                ]
            ]
        }, 
        {
            "label": "car", 
            "polygon": [
                [
                    1907, 
                    391
                ], 
                [
                    1881, 
                    387
                ], 
                [
                    1845, 
                    385
                ], 
                [
                    1793, 
                    381
                ], 
                [
                    1717, 
                    378
                ], 
                [
                    1655, 
                    380
                ], 
                [
                    1608, 
                    385
                ], 
                [
                    1588, 
                    393
                ], 
                [
                    1564, 
                    410
                ], 
                [
                    1529, 
                    444
                ], 
                [
                    1517, 
                    465
                ], 
                [
                    1496, 
                    466
                ], 
                [
                    1490, 
                    472
                ], 
                [
                    1486, 
                    481
                ], 
                [
                    1488, 
                    487
                ], 
                [
                    1488, 
                    490
                ], 
                [
                    1474, 
                    496
                ], 
                [
                    1461, 
                    505
                ], 
                [
                    1456, 
                    514
                ], 
                [
                    1450, 
                    538
                ], 
                [
                    1450, 
                    569
                ], 
                [
                    1453, 
                    592
                ], 
                [
                    1456, 
                    601
                ], 
                [
                    1460, 
                    646
                ], 
                [
                    1465, 
                    651
                ], 
                [
                    1480, 
                    653
                ], 
                [
                    1498, 
                    653
                ], 
                [
                    1502, 
                    645
                ], 
                [
                    1502, 
                    618
                ], 
                [
                    1502, 
                    613
                ], 
                [
                    1595, 
                    649
                ], 
                [
                    1592, 
                    684
                ], 
                [
                    1599, 
                    698
                ], 
                [
                    1617, 
                    717
                ], 
                [
                    1633, 
                    723
                ], 
                [
                    1662, 
                    722
                ], 
                [
                    1682, 
                    712
                ], 
                [
                    1687, 
                    688
                ], 
                [
                    1690, 
                    666
                ], 
                [
                    1757, 
                    660
                ]
            ]
        }, 
        {
            "label": "car", 
            "polygon": [
                [
                    2047, 
                    271
                ], 
                [
                    2027, 
                    277
                ], 
                [
                    2019, 
                    288
                ], 
                [
                    1971, 
                    309
                ], 
                [
                    1903, 
                    368
                ], 
                [
                    1851, 
                    438
                ], 
                [
                    1833, 
                    466
                ], 
                [
                    1819, 
                    459
                ], 
                [
                    1804, 
                    456
                ], 
                [
                    1781, 
                    461
                ], 
                [
                    1769, 
                    473
                ], 
                [
                    1767, 
                    495
                ], 
                [
                    1771, 
                    503
                ], 
                [
                    1803, 
                    509
                ], 
                [
                    1763, 
                    533
                ], 
                [
                    1748, 
                    548
                ], 
                [
                    1732, 
                    578
                ], 
                [
                    1719, 
                    620
                ], 
                [
                    1715, 
                    663
                ], 
                [
                    1718, 
                    697
                ], 
                [
                    1726, 
                    727
                ], 
                [
                    1735, 
                    736
                ], 
                [
                    1741, 
                    785
                ], 
                [
                    1746, 
                    794
                ], 
                [
                    1758, 
                    806
                ], 
                [
                    1805, 
                    809
                ], 
                [
                    1828, 
                    802
                ], 
                [
                    1840, 
                    782
                ], 
                [
                    1849, 
                    770
                ], 
                [
                    2047, 
                    838
                ]
            ]
        }, 
        {
            "label": "traffic sign", 
            "polygon": [
                [
                    901, 
                    280
                ], 
                [
                    870, 
                    281
                ], 
                [
                    870, 
                    309
                ], 
                [
                    903, 
                    309
                ]
            ]
        }, 
        {
            "label": "static", 
            "polygon": [
                [
                    963, 
                    342
                ], 
                [
                    952, 
                    342
                ], 
                [
                    952, 
                    356
                ], 
                [
                    964, 
                    356
                ]
            ]
        }, 
        {
            "label": "traffic sign", 
            "polygon": [
                [
                    962, 
                    338
                ], 
                [
                    963, 
                    333
                ], 
                [
                    962, 
                    330
                ], 
                [
                    959, 
                    328
                ], 
                [
                    956, 
                    329
                ], 
                [
                    954, 
                    331
                ], 
                [
                    953, 
                    334
                ], 
                [
                    954, 
                    338
                ], 
                [
                    955, 
                    340
                ], 
                [
                    958, 
                    340
                ]
            ]
        }, 
        {
            "label": "license plate", 
            "polygon": [
                [
                    481, 
                    493
                ], 
                [
                    540, 
                    491
                ], 
                [
                    541, 
                    503
                ], 
                [
                    480, 
                    505
                ]
            ]
        }, 
        {
            "label": "license plate", 
            "polygon": [
                [
                    901, 
                    441
                ], 
                [
                    936, 
                    441
                ], 
                [
                    936, 
                    449
                ], 
                [
                    901, 
                    449
                ]
            ]
        }, 
        {
            "label": "license plate", 
            "polygon": [
                [
                    1134, 
                    405
                ], 
                [
                    1134, 
                    402
                ], 
                [
                    1120, 
                    402
                ], 
                [
                    1120, 
                    405
                ]
            ]
        }, 
        {
            "label": "pole", 
            "polygon": [
                [
                    1129, 
                    417
                ], 
                [
                    1125, 
                    417
                ], 
                [
                    1125, 
                    389
                ], 
                [
                    1125, 
                    386
                ], 
                [
                    1129, 
                    386
                ]
            ]
        }, 
        {
            "label": "pole", 
            "polygon": [
                [
                    1105, 
                    417
                ], 
                [
                    1105, 
                    386
                ], 
                [
                    1109, 
                    386
                ], 
                [
                    1109, 
                    417
                ]
            ]
        }, 
        {
            "label": "static", 
            "polygon": [
                [
                    886, 
                    316
                ], 
                [
                    904, 
                    315
                ], 
                [
                    904, 
                    325
                ], 
                [
                    886, 
                    326
                ]
            ]
        }, 
        {
            "label": "ego vehicle", 
            "polygon": [
                [
                    271, 
                    1023
                ], 
                [
                    387, 
                    1009
                ], 
                [
                    549, 
                    993
                ], 
                [
                    821, 
                    966
                ], 
                [
                    1082, 
                    950
                ], 
                [
                    1142, 
                    947
                ], 
                [
                    1112, 
                    932
                ], 
                [
                    1096, 
                    896
                ], 
                [
                    1108, 
                    861
                ], 
                [
                    1137, 
                    844
                ], 
                [
                    1175, 
                    844
                ], 
                [
                    1204, 
                    867
                ], 
                [
                    1209, 
                    897
                ], 
                [
                    1195, 
                    931
                ], 
                [
                    1161, 
                    945
                ], 
                [
                    1376, 
                    957
                ], 
                [
                    1654, 
                    977
                ], 
                [
                    1883, 
                    1002
                ], 
                [
                    2028, 
                    1023
                ]
            ]
        }, 
        {
            "label": "out of roi", 
            "polygon": [
                [
                    0, 
                    0
                ], 
                [
                    2048, 
                    0
                ], 
                [
                    2048, 
                    1024
                ], 
                [
                    0, 
                    1024
                ], 
                [
                    0, 
                    0
                ], 
                [
                    5, 
                    5
                ], 
                [
                    5, 
                    1019
                ], 
                [
                    2043, 
                    1019
                ], 
                [
                    2043, 
                    5
                ], 
                [
                    5, 
                    5
                ]
            ]
        }
    ]
}