{
    "imgHeight": 1024, 
    "imgWidth": 2048, 
    "objects": [
        {
            "label": "vegetation", 
            "polygon": [
                [
                    1076, 
                    324
                ], 
                [
                    1076, 
                    444
                ], 
                [
                    1258, 
                    440
                ], 
                [
                    1247, 
                    324
                ]
            ]
        }, 
        {
            "label": "sky", 
            "polygon": [
                [
                    2047, 
                    0
                ], 
                [
                    2047, 
                    148
                ], 
                [
                    617, 
                    309
                ], 
                [
                    0, 
                    285
                ], 
                [
                    0, 
                    0
                ]
            ]
        }, 
        {
            "label": "road", 
            "polygon": [
                [
                    0, 
                    556
                ], 
                [
                    303, 
                    441
                ], 
                [
                    399, 
                    438
                ], 
                [
                    1085, 
                    479
                ], 
                [
                    1455, 
                    480
                ], 
                [
                    1988, 
                    363
                ], 
                [
                    2047, 
                    378
                ], 
                [
                    2047, 
                    1023
                ], 
                [
                    0, 
                    1023
                ]
            ]
        }, 
        {
            "label": "sidewalk", 
            "polygon": [
                [
                    2047, 
                    970
                ], 
                [
                    1692, 
                    780
                ], 
                [
                    1364, 
                    593
                ], 
                [
                    1361, 
                    576
                ], 
                [
                    1368, 
                    558
                ], 
                [
                    1410, 
                    539
                ], 
                [
                    1620, 
                    502
                ], 
                [
                    1756, 
                    493
                ], 
                [
                    1819, 
                    495
                ], 
                [
                    1829, 
                    483
                ], 
                [
                    1926, 
                    472
                ], 
                [
                    1931, 
                    503
                ], 
                [
                    2047, 
                    534
                ]
            ]
        }, 
        {
            "label": "building", 
            "polygon": [
                [
                    69, 
                    70
                ], 
                [
                    77, 
                    71
                ], 
                [
                    75, 
                    102
                ], 
                [
                    94, 
                    105
                ], 
                [
                    138, 
                    106
                ], 
                [
                    149, 
                    107
                ], 
                [
                    149, 
                    89
                ], 
                [
                    167, 
                    89
                ], 
                [
                    173, 
                    95
                ], 
                [
                    178, 
                    105
                ], 
                [
                    231, 
                    105
                ], 
                [
                    244, 
                    110
                ], 
                [
                    247, 
                    95
                ], 
                [
                    261, 
                    93
                ], 
                [
                    271, 
                    111
                ], 
                [
                    278, 
                    119
                ], 
                [
                    288, 
                    122
                ], 
                [
                    289, 
                    108
                ], 
                [
                    322, 
                    110
                ], 
                [
                    322, 
                    134
                ], 
                [
                    326, 
                    126
                ], 
                [
                    361, 
                    126
                ], 
                [
                    363, 
                    142
                ], 
                [
                    369, 
                    145
                ], 
                [
                    386, 
                    145
                ], 
                [
                    403, 
                    145
                ], 
                [
                    475, 
                    216
                ], 
                [
                    480, 
                    217
                ], 
                [
                    490, 
                    217
                ], 
                [
                    496, 
                    212
                ], 
                [
                    503, 
                    205
                ], 
                [
                    515, 
                    198
                ], 
                [
                    531, 
                    198
                ], 
                [
                    534, 
                    197
                ], 
                [
                    538, 
                    194
                ], 
                [
                    547, 
                    196
                ], 
                [
                    559, 
                    207
                ], 
                [
                    571, 
                    217
                ], 
                [
                    594, 
                    236
                ], 
                [
                    618, 
                    237
                ], 
                [
                    626, 
                    437
                ], 
                [
                    290, 
                    443
                ], 
                [
                    81, 
                    464
                ], 
                [
                    0, 
                    466
                ], 
                [
                    0, 
                    62
                ]
            ]
        }, 
        {
            "label": "sidewalk", 
            "polygon": [
                [
                    410, 
                    480
                ], 
                [
                    417, 
                    490
                ], 
                [
                    511, 
                    492
                ], 
                [
                    698, 
                    496
                ], 
                [
                    1158, 
                    501
                ], 
                [
                    1477, 
                    498
                ], 
                [
                    1595, 
                    488
                ], 
                [
                    1769, 
                    473
                ], 
                [
                    1936, 
                    462
                ], 
                [
                    1936, 
                    443
                ], 
                [
                    1609, 
                    463
                ], 
                [
                    1429, 
                    467
                ], 
                [
                    1311, 
                    470
                ], 
                [
                    1271, 
                    466
                ], 
                [
                    1251, 
                    462
                ], 
                [
                    1196, 
                    461
                ], 
                [
                    1112, 
                    464
                ], 
                [
                    1074, 
                    462
                ], 
                [
                    1068, 
                    477
                ], 
                [
                    606, 
                    475
                ], 
                [
                    605, 
                    460
                ], 
                [
                    609, 
                    444
                ], 
                [
                    594, 
                    458
                ], 
                [
                    551, 
                    467
                ], 
                [
                    514, 
                    475
                ], 
                [
                    487, 
                    477
                ], 
                [
                    439, 
                    481
                ]
            ]
        }, 
        {
            "label": "pole", 
            "polygon": [
                [
                    95, 
                    0
                ], 
                [
                    103, 
                    0
                ], 
                [
                    103, 
                    393
                ], 
                [
                    90, 
                    393
                ]
            ]
        }, 
        {
            "label": "pole", 
            "polygon": [
                [
                    62, 
                    109
                ], 
                [
                    58, 
                    404
                ], 
                [
                    72, 
                    403
                ], 
                [
                    75, 
                    108
                ]
            ]
        }, 
        {
            "label": "vegetation", 
            "polygon": [
                [
                    76, 
                    0
                ], 
                [
                    66, 
                    15
                ], 
                [
                    63, 
                    29
                ], 
                [
                    62, 
                    53
                ], 
                [
                    59, 
                    69
                ], 
                [
                    63, 
                    80
                ], 
                [
                    69, 
                    97
                ], 
                [
                    64, 
                    114
                ], 
                [
                    60, 
                    131
                ], 
                [
                    44, 
                    147
                ], 
                [
                    42, 
                    176
                ], 
                [
                    44, 
                    187
                ], 
                [
                    15, 
                    197
                ], 
                [
                    0, 
                    199
                ], 
                [
                    0, 
                    0
                ]
            ]
        }, 
        {
            "label": "traffic sign", 
            "polygon": [
                [
                    53, 
                    133
                ], 
                [
                    68, 
                    130
                ], 
                [
                    84, 
                    133
                ], 
                [
                    100, 
                    148
                ], 
                [
                    99, 
                    167
                ], 
                [
                    94, 
                    185
                ], 
                [
                    77, 
                    188
                ], 
                [
                    54, 
                    185
                ], 
                [
                    44, 
                    171
                ], 
                [
                    42, 
                    153
                ]
            ]
        }, 
        {
            "label": "terrain", 
            "polygon": [
                [
                    249, 
                    417
                ], 
                [
                    436, 
                    423
                ], 
                [
                    454, 
                    428
                ], 
                [
                    453, 
                    448
                ], 
                [
                    265, 
                    449
                ]
            ]
        }, 
        {
            "label": "vegetation", 
            "polygon": [
                [
                    211, 
                    240
                ], 
                [
                    218, 
                    223
                ], 
                [
                    228, 
                    211
                ], 
                [
                    263, 
                    214
                ], 
                [
                    270, 
                    221
                ], 
                [
                    284, 
                    202
                ], 
                [
                    304, 
                    186
                ], 
                [
                    341, 
                    180
                ], 
                [
                    377, 
                    198
                ], 
                [
                    401, 
                    209
                ], 
                [
                    422, 
                    219
                ], 
                [
                    456, 
                    229
                ], 
                [
                    489, 
                    246
                ], 
                [
                    510, 
                    253
                ], 
                [
                    519, 
                    243
                ], 
                [
                    512, 
                    229
                ], 
                [
                    499, 
                    212
                ], 
                [
                    507, 
                    196
                ], 
                [
                    534, 
                    187
                ], 
                [
                    582, 
                    183
                ], 
                [
                    606, 
                    195
                ], 
                [
                    627, 
                    236
                ], 
                [
                    634, 
                    303
                ], 
                [
                    620, 
                    343
                ], 
                [
                    593, 
                    357
                ], 
                [
                    582, 
                    359
                ], 
                [
                    576, 
                    368
                ], 
                [
                    578, 
                    393
                ], 
                [
                    582, 
                    425
                ], 
                [
                    569, 
                    426
                ], 
                [
                    565, 
                    389
                ], 
                [
                    539, 
                    387
                ], 
                [
                    521, 
                    385
                ], 
                [
                    514, 
                    371
                ], 
                [
                    498, 
                    375
                ], 
                [
                    479, 
                    371
                ], 
                [
                    474, 
                    365
                ], 
                [
                    465, 
                    371
                ], 
                [
                    464, 
                    392
                ], 
                [
                    458, 
                    411
                ], 
                [
                    441, 
                    425
                ], 
                [
                    385, 
                    411
                ], 
                [
                    300, 
                    407
                ], 
                [
                    222, 
                    432
                ], 
                [
                    215, 
                    359
                ], 
                [
                    194, 
                    306
                ], 
                [
                    188, 
                    264
                ]
            ]
        }, 
        {
            "label": "pole", 
            "polygon": [
                [
                    1051, 
                    492
                ], 
                [
                    1058, 
                    492
                ], 
                [
                    1043, 
                    297
                ], 
                [
                    1034, 
                    300
                ], 
                [
                    1045, 
                    403
                ]
            ]
        }, 
        {
            "label": "pole", 
            "polygon": [
                [
                    509, 
                    355
                ], 
                [
                    508, 
                    353
                ], 
                [
                    464, 
                    373
                ], 
                [
                    464, 
                    375
                ]
            ]
        }, 
        {
            "label": "pole", 
            "polygon": [
                [
                    967, 
                    428
                ], 
                [
                    964, 
                    435
                ], 
                [
                    966, 
                    440
                ], 
                [
                    966, 
                    450
                ], 
                [
                    964, 
                    453
                ], 
                [
                    966, 
                    455
                ], 
                [
                    966, 
                    467
                ], 
                [
                    963, 
                    467
                ], 
                [
                    965, 
                    472
                ], 
                [
                    965, 
                    489
                ], 
                [
                    974, 
                    491
                ], 
                [
                    974, 
                    473
                ], 
                [
                    975, 
                    468
                ], 
                [
                    973, 
                    465
                ], 
                [
                    973, 
                    454
                ], 
                [
                    975, 
                    452
                ], 
                [
                    973, 
                    450
                ], 
                [
                    973, 
                    439
                ], 
                [
                    975, 
                    434
                ], 
                [
                    973, 
                    430
                ], 
                [
                    973, 
                    427
                ]
            ]
        }, 
        {
            "label": "car", 
            "polygon": [
                [
                    562, 
                    400
                ], 
                [
                    563, 
                    395
                ], 
                [
                    563, 
                    393
                ], 
                [
                    575, 
                    393
                ], 
                [
                    576, 
                    397
                ], 
                [
                    577, 
                    399
                ], 
                [
                    609, 
                    399
                ], 
                [
                    615, 
                    418
                ], 
                [
                    619, 
                    427
                ], 
                [
                    572, 
                    428
                ], 
                [
                    557, 
                    428
                ]
            ]
        }, 
        {
            "label": "wall", 
            "polygon": [
                [
                    1075, 
                    414
                ], 
                [
                    1271, 
                    405
                ], 
                [
                    1258, 
                    463
                ], 
                [
                    1196, 
                    465
                ], 
                [
                    1124, 
                    466
                ], 
                [
                    1093, 
                    466
                ], 
                [
                    1062, 
                    465
                ]
            ]
        }, 
        {
            "label": "building", 
            "polygon": [
                [
                    610, 
                    0
                ], 
                [
                    609, 
                    195
                ], 
                [
                    602, 
                    256
                ], 
                [
                    600, 
                    480
                ], 
                [
                    1064, 
                    481
                ], 
                [
                    1077, 
                    477
                ], 
                [
                    1082, 
                    463
                ], 
                [
                    1085, 
                    380
                ], 
                [
                    1092, 
                    359
                ], 
                [
                    1113, 
                    340
                ], 
                [
                    1130, 
                    332
                ], 
                [
                    1137, 
                    331
                ], 
                [
                    1161, 
                    328
                ], 
                [
                    1194, 
                    341
                ], 
                [
                    1212, 
                    363
                ], 
                [
                    1219, 
                    386
                ], 
                [
                    1222, 
                    461
                ], 
                [
                    1259, 
                    471
                ], 
                [
                    1306, 
                    473
                ], 
                [
                    1431, 
                    471
                ], 
                [
                    1680, 
                    468
                ], 
                [
                    1809, 
                    463
                ], 
                [
                    1888, 
                    450
                ], 
                [
                    1924, 
                    450
                ], 
                [
                    1926, 
                    510
                ], 
                [
                    1968, 
                    523
                ], 
                [
                    2047, 
                    533
                ], 
                [
                    2047, 
                    0
                ]
            ]
        }, 
        {
            "label": "pole", 
            "polygon": [
                [
                    1588, 
                    511
                ], 
                [
                    1597, 
                    510
                ], 
                [
                    1594, 
                    301
                ], 
                [
                    1594, 
                    199
                ], 
                [
                    1584, 
                    200
                ], 
                [
                    1584, 
                    356
                ]
            ]
        }, 
        {
            "label": "static", 
            "polygon": [
                [
                    1788, 
                    166
                ], 
                [
                    1869, 
                    167
                ], 
                [
                    1949, 
                    130
                ], 
                [
                    1779, 
                    127
                ]
            ]
        }, 
        {
            "label": "pole", 
            "polygon": [
                [
                    1770, 
                    497
                ], 
                [
                    1783, 
                    498
                ], 
                [
                    1782, 
                    432
                ], 
                [
                    1777, 
                    434
                ], 
                [
                    1773, 
                    465
                ], 
                [
                    1773, 
                    475
                ]
            ]
        }, 
        {
            "label": "traffic sign", 
            "polygon": [
                [
                    1594, 
                    206
                ], 
                [
                    1594, 
                    220
                ], 
                [
                    1626, 
                    225
                ], 
                [
                    1629, 
                    210
                ]
            ]
        }, 
        {
            "label": "pole", 
            "polygon": [
                [
                    1769, 
                    1
                ], 
                [
                    1779, 
                    650
                ], 
                [
                    1811, 
                    653
                ], 
                [
                    1800, 
                    0
                ]
            ]
        }, 
        {
            "label": "static", 
            "polygon": [
                [
                    1795, 
                    0
                ], 
                [
                    1799, 
                    142
                ], 
                [
                    2043, 
                    138
                ], 
                [
                    2043, 
                    0
                ]
            ]
        }, 
        {
            "label": "static", 
            "polygon": [
                [
                    1755, 
                    244
                ], 
                [
                    1831, 
                    244
                ], 
                [
                    1837, 
                    349
                ], 
                [
                    1754, 
                    351
                ], 
                [
                    1741, 
                    352
                ], 
                [
                    1736, 
                    247
                ], 
                [
                    1747, 
                    247
                ]
            ]
        }, 
        {
            "label": "pole", 
            "polygon": [
                [
                    117, 
                    172
                ], 
                [
                    117, 
                    176
                ], 
                [
                    123, 
                    179
                ], 
                [
                    153, 
                    194
                ], 
                [
                    156, 
                    203
                ], 
                [
                    150, 
                    378
                ], 
                [
                    157, 
                    377
                ], 
                [
                    161, 
                    200
                ], 
                [
                    156, 
                    190
                ], 
                [
                    137, 
                    180
                ], 
                [
                    126, 
                    174
                ]
            ]
        }, 
        {
            "label": "traffic sign", 
            "polygon": [
                [
                    186, 
                    255
                ], 
                [
                    264, 
                    258
                ], 
                [
                    265, 
                    358
                ], 
                [
                    157, 
                    356
                ], 
                [
                    159, 
                    256
                ]
            ]
        }, 
        {
            "label": "pole", 
            "polygon": [
                [
                    264, 
                    486
                ], 
                [
                    272, 
                    487
                ], 
                [
                    271, 
                    285
                ], 
                [
                    272, 
                    16
                ], 
                [
                    367, 
                    8
                ], 
                [
                    383, 
                    9
                ], 
                [
                    390, 
                    5
                ], 
                [
                    382, 
                    0
                ], 
                [
                    368, 
                    2
                ], 
                [
                    271, 
                    10
                ], 
                [
                    151, 
                    9
                ], 
                [
                    149, 
                    11
                ], 
                [
                    153, 
                    14
                ], 
                [
                    170, 
                    15
                ], 
                [
                    174, 
                    13
                ], 
                [
                    264, 
                    15
                ], 
                [
                    266, 
                    19
                ]
            ]
        }, 
        {
            "label": "pole", 
            "polygon": [
                [
                    1036, 
                    306
                ], 
                [
                    1051, 
                    490
                ], 
                [
                    1058, 
                    490
                ], 
                [
                    1044, 
                    302
                ], 
                [
                    1037, 
                    302
                ]
            ]
        }, 
        {
            "label": "static", 
            "polygon": [
                [
                    1025, 
                    318
                ], 
                [
                    1026, 
                    339
                ], 
                [
                    1059, 
                    337
                ], 
                [
                    1058, 
                    316
                ]
            ]
        }, 
        {
            "label": "traffic sign", 
            "polygon": [
                [
                    1025, 
                    292
                ], 
                [
                    1023, 
                    301
                ], 
                [
                    1025, 
                    313
                ], 
                [
                    1033, 
                    317
                ], 
                [
                    1041, 
                    317
                ], 
                [
                    1051, 
                    314
                ], 
                [
                    1056, 
                    303
                ], 
                [
                    1053, 
                    289
                ], 
                [
                    1044, 
                    283
                ], 
                [
                    1033, 
                    283
                ]
            ]
        }, 
        {
            "label": "pole", 
            "polygon": [
                [
                    490, 
                    409
                ], 
                [
                    496, 
                    304
                ], 
                [
                    499, 
                    305
                ], 
                [
                    493, 
                    423
                ]
            ]
        }, 
        {
            "label": "traffic light", 
            "polygon": [
                [
                    486, 
                    349
                ], 
                [
                    496, 
                    349
                ], 
                [
                    495, 
                    375
                ], 
                [
                    486, 
                    375
                ]
            ]
        }, 
        {
            "label": "traffic light", 
            "polygon": [
                [
                    493, 
                    378
                ], 
                [
                    500, 
                    378
                ], 
                [
                    502, 
                    386
                ], 
                [
                    499, 
                    388
                ], 
                [
                    492, 
                    388
                ]
            ]
        }, 
        {
            "label": "static", 
            "polygon": [
                [
                    544, 
                    345
                ], 
                [
                    571, 
                    345
                ], 
                [
                    568, 
                    414
                ], 
                [
                    545, 
                    415
                ]
            ]
        }, 
        {
            "label": "traffic sign", 
            "polygon": [
                [
                    507, 
                    319
                ], 
                [
                    496, 
                    339
                ], 
                [
                    485, 
                    319
                ]
            ]
        }, 
        {
            "label": "traffic sign", 
            "polygon": [
                [
                    516, 
                    343
                ], 
                [
                    511, 
                    343
                ], 
                [
                    508, 
                    346
                ], 
                [
                    507, 
                    354
                ], 
                [
                    511, 
                    358
                ], 
                [
                    520, 
                    357
                ], 
                [
                    523, 
                    352
                ], 
                [
                    521, 
                    345
                ]
            ]
        }, 
        {
            "label": "static", 
            "polygon": [
                [
                    385, 
                    309
                ], 
                [
                    397, 
                    306
                ], 
                [
                    431, 
                    306
                ], 
                [
                    446, 
                    312
                ], 
                [
                    441, 
                    318
                ], 
                [
                    437, 
                    319
                ], 
                [
                    437, 
                    437
                ], 
                [
                    389, 
                    437
                ], 
                [
                    391, 
                    373
                ], 
                [
                    390, 
                    319
                ], 
                [
                    385, 
                    316
                ]
            ]
        }, 
        {
            "label": "bicycle", 
            "polygon": [
                [
                    2047, 
                    554
                ], 
                [
                    2041, 
                    578
                ], 
                [
                    2029, 
                    621
                ], 
                [
                    2022, 
                    631
                ], 
                [
                    2009, 
                    626
                ], 
                [
                    2002, 
                    615
                ], 
                [
                    2001, 
                    580
                ], 
                [
                    2000, 
                    526
                ], 
                [
                    2011, 
                    495
                ], 
                [
                    2019, 
                    483
                ], 
                [
                    2023, 
                    473
                ], 
                [
                    2027, 
                    462
                ], 
                [
                    2029, 
                    449
                ], 
                [
                    2036, 
                    443
                ], 
                [
                    2040, 
                    430
                ], 
                [
                    2044, 
                    424
                ], 
                [
                    2023, 
                    423
                ], 
                [
                    2008, 
                    419
                ], 
                [
                    1982, 
                    423
                ], 
                [
                    1974, 
                    419
                ], 
                [
                    1989, 
                    418
                ], 
                [
                    2007, 
                    413
                ], 
                [
                    1986, 
                    411
                ], 
                [
                    1985, 
                    404
                ], 
                [
                    1996, 
                    403
                ], 
                [
                    2017, 
                    407
                ], 
                [
                    2037, 
                    415
                ], 
                [
                    2047, 
                    415
                ]
            ]
        }, 
        {
            "label": "person", 
            "polygon": [
                [
                    1107, 
                    483
                ], 
                [
                    1113, 
                    481
                ], 
                [
                    1120, 
                    476
                ], 
                [
                    1120, 
                    467
                ], 
                [
                    1120, 
                    435
                ], 
                [
                    1122, 
                    441
                ], 
                [
                    1126, 
                    439
                ], 
                [
                    1124, 
                    411
                ], 
                [
                    1119, 
                    400
                ], 
                [
                    1119, 
                    399
                ], 
                [
                    1119, 
                    390
                ], 
                [
                    1112, 
                    385
                ], 
                [
                    1107, 
                    386
                ], 
                [
                    1104, 
                    391
                ], 
                [
                    1104, 
                    395
                ], 
                [
                    1094, 
                    400
                ], 
                [
                    1089, 
                    411
                ], 
                [
                    1089, 
                    426
                ], 
                [
                    1092, 
                    434
                ], 
                [
                    1097, 
                    434
                ]
            ]
        }, 
        {
            "label": "person", 
            "polygon": [
                [
                    1165, 
                    389
                ], 
                [
                    1169, 
                    381
                ], 
                [
                    1163, 
                    378
                ], 
                [
                    1157, 
                    379
                ], 
                [
                    1154, 
                    386
                ], 
                [
                    1155, 
                    391
                ], 
                [
                    1146, 
                    395
                ], 
                [
                    1143, 
                    409
                ], 
                [
                    1145, 
                    432
                ], 
                [
                    1147, 
                    439
                ], 
                [
                    1147, 
                    483
                ], 
                [
                    1155, 
                    484
                ], 
                [
                    1158, 
                    478
                ], 
                [
                    1159, 
                    443
                ], 
                [
                    1162, 
                    459
                ], 
                [
                    1166, 
                    480
                ], 
                [
                    1174, 
                    479
                ], 
                [
                    1173, 
                    453
                ], 
                [
                    1172, 
                    431
                ], 
                [
                    1173, 
                    415
                ], 
                [
                    1178, 
                    437
                ], 
                [
                    1179, 
                    427
                ], 
                [
                    1180, 
                    409
                ], 
                [
                    1174, 
                    397
                ]
            ]
        }, 
        {
            "label": "person", 
            "polygon": [
                [
                    1190, 
                    478
                ], 
                [
                    1204, 
                    479
                ], 
                [
                    1205, 
                    462
                ], 
                [
                    1207, 
                    439
                ], 
                [
                    1209, 
                    432
                ], 
                [
                    1214, 
                    432
                ], 
                [
                    1216, 
                    411
                ], 
                [
                    1211, 
                    393
                ], 
                [
                    1207, 
                    391
                ], 
                [
                    1204, 
                    387
                ], 
                [
                    1205, 
                    377
                ], 
                [
                    1199, 
                    373
                ], 
                [
                    1195, 
                    376
                ], 
                [
                    1194, 
                    379
                ], 
                [
                    1195, 
                    385
                ], 
                [
                    1193, 
                    389
                ], 
                [
                    1185, 
                    393
                ], 
                [
                    1181, 
                    394
                ], 
                [
                    1177, 
                    435
                ], 
                [
                    1182, 
                    439
                ], 
                [
                    1187, 
                    463
                ]
            ]
        }, 
        {
            "label": "car", 
            "polygon": [
                [
                    497, 
                    432
                ], 
                [
                    496, 
                    416
                ], 
                [
                    512, 
                    400
                ], 
                [
                    529, 
                    398
                ], 
                [
                    574, 
                    399
                ], 
                [
                    590, 
                    410
                ], 
                [
                    597, 
                    426
                ], 
                [
                    583, 
                    438
                ], 
                [
                    498, 
                    439
                ]
            ]
        }, 
        {
            "label": "person", 
            "polygon": [
                [
                    1230, 
                    479
                ], 
                [
                    1239, 
                    483
                ], 
                [
                    1242, 
                    422
                ], 
                [
                    1247, 
                    440
                ], 
                [
                    1254, 
                    435
                ], 
                [
                    1242, 
                    392
                ], 
                [
                    1233, 
                    389
                ], 
                [
                    1236, 
                    382
                ], 
                [
                    1234, 
                    376
                ], 
                [
                    1227, 
                    376
                ], 
                [
                    1222, 
                    383
                ], 
                [
                    1223, 
                    387
                ], 
                [
                    1212, 
                    394
                ], 
                [
                    1208, 
                    407
                ], 
                [
                    1210, 
                    420
                ], 
                [
                    1216, 
                    419
                ], 
                [
                    1217, 
                    432
                ], 
                [
                    1223, 
                    461
                ], 
                [
                    1229, 
                    461
                ]
            ]
        }, 
        {
            "label": "pole", 
            "polygon": [
                [
                    1129, 
                    333
                ], 
                [
                    1131, 
                    425
                ], 
                [
                    1135, 
                    425
                ], 
                [
                    1134, 
                    332
                ]
            ]
        }, 
        {
            "label": "car", 
            "polygon": [
                [
                    414, 
                    416
                ], 
                [
                    413, 
                    430
                ], 
                [
                    417, 
                    440
                ], 
                [
                    422, 
                    443
                ], 
                [
                    423, 
                    450
                ], 
                [
                    430, 
                    450
                ], 
                [
                    432, 
                    441
                ], 
                [
                    455, 
                    440
                ], 
                [
                    459, 
                    449
                ], 
                [
                    465, 
                    450
                ], 
                [
                    468, 
                    440
                ], 
                [
                    508, 
                    436
                ], 
                [
                    509, 
                    422
                ], 
                [
                    501, 
                    412
                ], 
                [
                    487, 
                    401
                ], 
                [
                    446, 
                    400
                ], 
                [
                    423, 
                    413
                ]
            ]
        }, 
        {
            "label": "vegetation", 
            "polygon": [
                [
                    414, 
                    448
                ], 
                [
                    413, 
                    460
                ], 
                [
                    418, 
                    473
                ], 
                [
                    420, 
                    478
                ], 
                [
                    437, 
                    485
                ], 
                [
                    456, 
                    480
                ], 
                [
                    504, 
                    480
                ], 
                [
                    516, 
                    477
                ], 
                [
                    533, 
                    475
                ], 
                [
                    541, 
                    472
                ], 
                [
                    557, 
                    470
                ], 
                [
                    577, 
                    465
                ], 
                [
                    596, 
                    461
                ], 
                [
                    605, 
                    458
                ], 
                [
                    608, 
                    449
                ], 
                [
                    609, 
                    411
                ], 
                [
                    600, 
                    409
                ], 
                [
                    564, 
                    411
                ], 
                [
                    559, 
                    409
                ], 
                [
                    549, 
                    411
                ], 
                [
                    541, 
                    415
                ], 
                [
                    532, 
                    416
                ], 
                [
                    523, 
                    411
                ], 
                [
                    515, 
                    409
                ], 
                [
                    509, 
                    417
                ], 
                [
                    498, 
                    422
                ], 
                [
                    473, 
                    422
                ], 
                [
                    447, 
                    426
                ], 
                [
                    428, 
                    438
                ], 
                [
                    419, 
                    443
                ]
            ]
        }, 
        {
            "label": "pole", 
            "polygon": [
                [
                    541, 
                    485
                ], 
                [
                    549, 
                    485
                ], 
                [
                    549, 
                    481
                ], 
                [
                    548, 
                    463
                ], 
                [
                    548, 
                    451
                ], 
                [
                    549, 
                    438
                ], 
                [
                    549, 
                    434
                ], 
                [
                    541, 
                    434
                ], 
                [
                    541, 
                    444
                ], 
                [
                    540, 
                    451
                ], 
                [
                    541, 
                    462
                ]
            ]
        }, 
        {
            "label": "car", 
            "polygon": [
                [
                    354, 
                    451
                ], 
                [
                    362, 
                    452
                ], 
                [
                    364, 
                    447
                ], 
                [
                    389, 
                    446
                ], 
                [
                    392, 
                    451
                ], 
                [
                    400, 
                    451
                ], 
                [
                    403, 
                    446
                ], 
                [
                    404, 
                    439
                ], 
                [
                    404, 
                    431
                ], 
                [
                    402, 
                    420
                ], 
                [
                    397, 
                    414
                ], 
                [
                    398, 
                    411
                ], 
                [
                    393, 
                    405
                ], 
                [
                    389, 
                    403
                ], 
                [
                    386, 
                    402
                ], 
                [
                    375, 
                    392
                ], 
                [
                    366, 
                    390
                ], 
                [
                    320, 
                    391
                ], 
                [
                    298, 
                    393
                ], 
                [
                    288, 
                    403
                ], 
                [
                    284, 
                    436
                ], 
                [
                    287, 
                    448
                ], 
                [
                    312, 
                    454
                ], 
                [
                    319, 
                    448
                ], 
                [
                    326, 
                    450
                ], 
                [
                    333, 
                    452
                ], 
                [
                    342, 
                    453
                ], 
                [
                    344, 
                    451
                ], 
                [
                    348, 
                    447
                ]
            ]
        }, 
        {
            "label": "pole", 
            "polygon": [
                [
                    597, 
                    486
                ], 
                [
                    601, 
                    486
                ], 
                [
                    601, 
                    470
                ], 
                [
                    602, 
                    466
                ], 
                [
                    601, 
                    464
                ], 
                [
                    601, 
                    454
                ], 
                [
                    601, 
                    451
                ], 
                [
                    601, 
                    437
                ], 
                [
                    599, 
                    431
                ], 
                [
                    596, 
                    431
                ], 
                [
                    595, 
                    434
                ], 
                [
                    595, 
                    438
                ], 
                [
                    595, 
                    450
                ], 
                [
                    594, 
                    451
                ], 
                [
                    596, 
                    453
                ], 
                [
                    596, 
                    465
                ]
            ]
        }, 
        {
            "label": "pole", 
            "polygon": [
                [
                    661, 
                    484
                ], 
                [
                    669, 
                    485
                ], 
                [
                    668, 
                    450
                ], 
                [
                    668, 
                    437
                ], 
                [
                    667, 
                    432
                ], 
                [
                    665, 
                    428
                ], 
                [
                    662, 
                    428
                ], 
                [
                    661, 
                    434
                ], 
                [
                    661, 
                    448
                ], 
                [
                    661, 
                    464
                ]
            ]
        }, 
        {
            "label": "pole", 
            "polygon": [
                [
                    727, 
                    485
                ], 
                [
                    734, 
                    485
                ], 
                [
                    733, 
                    468
                ], 
                [
                    732, 
                    452
                ], 
                [
                    731, 
                    434
                ], 
                [
                    728, 
                    431
                ], 
                [
                    726, 
                    432
                ], 
                [
                    726, 
                    451
                ], 
                [
                    726, 
                    464
                ], 
                [
                    726, 
                    466
                ], 
                [
                    727, 
                    467
                ]
            ]
        }, 
        {
            "label": "pole", 
            "polygon": [
                [
                    1909, 
                    459
                ], 
                [
                    1914, 
                    458
                ], 
                [
                    1914, 
                    442
                ], 
                [
                    1913, 
                    426
                ], 
                [
                    1913, 
                    407
                ], 
                [
                    1913, 
                    402
                ], 
                [
                    1911, 
                    401
                ], 
                [
                    1906, 
                    404
                ], 
                [
                    1906, 
                    409
                ], 
                [
                    1907, 
                    425
                ]
            ]
        }, 
        {
            "label": "pole", 
            "polygon": [
                [
                    1893, 
                    472
                ], 
                [
                    1894, 
                    476
                ], 
                [
                    1905, 
                    476
                ], 
                [
                    1904, 
                    472
                ], 
                [
                    1902, 
                    468
                ], 
                [
                    1902, 
                    451
                ], 
                [
                    1904, 
                    449
                ], 
                [
                    1903, 
                    447
                ], 
                [
                    1902, 
                    434
                ], 
                [
                    1901, 
                    412
                ], 
                [
                    1902, 
                    405
                ], 
                [
                    1901, 
                    403
                ], 
                [
                    1897, 
                    402
                ], 
                [
                    1894, 
                    405
                ], 
                [
                    1894, 
                    410
                ], 
                [
                    1894, 
                    429
                ], 
                [
                    1894, 
                    447
                ], 
                [
                    1893, 
                    450
                ], 
                [
                    1895, 
                    453
                ]
            ]
        }, 
        {
            "label": "pole", 
            "polygon": [
                [
                    1814, 
                    463
                ], 
                [
                    1820, 
                    463
                ], 
                [
                    1819, 
                    446
                ], 
                [
                    1818, 
                    432
                ], 
                [
                    1817, 
                    416
                ], 
                [
                    1813, 
                    416
                ], 
                [
                    1813, 
                    431
                ], 
                [
                    1813, 
                    444
                ]
            ]
        }, 
        {
            "label": "pole", 
            "polygon": [
                [
                    1836, 
                    488
                ], 
                [
                    1848, 
                    488
                ], 
                [
                    1843, 
                    473
                ], 
                [
                    1843, 
                    464
                ], 
                [
                    1844, 
                    462
                ], 
                [
                    1843, 
                    460
                ], 
                [
                    1841, 
                    446
                ], 
                [
                    1844, 
                    443
                ], 
                [
                    1844, 
                    440
                ], 
                [
                    1840, 
                    439
                ], 
                [
                    1839, 
                    420
                ], 
                [
                    1838, 
                    416
                ], 
                [
                    1837, 
                    415
                ], 
                [
                    1833, 
                    415
                ], 
                [
                    1831, 
                    416
                ], 
                [
                    1831, 
                    420
                ], 
                [
                    1832, 
                    423
                ], 
                [
                    1833, 
                    441
                ], 
                [
                    1832, 
                    443
                ], 
                [
                    1834, 
                    446
                ], 
                [
                    1834, 
                    460
                ], 
                [
                    1833, 
                    461
                ], 
                [
                    1834, 
                    464
                ], 
                [
                    1837, 
                    467
                ]
            ]
        }, 
        {
            "label": "car", 
            "polygon": [
                [
                    0, 
                    188
                ], 
                [
                    215, 
                    251
                ], 
                [
                    235, 
                    272
                ], 
                [
                    269, 
                    326
                ], 
                [
                    269, 
                    334
                ], 
                [
                    314, 
                    439
                ], 
                [
                    322, 
                    440
                ], 
                [
                    322, 
                    407
                ], 
                [
                    329, 
                    399
                ], 
                [
                    341, 
                    403
                ], 
                [
                    343, 
                    420
                ], 
                [
                    343, 
                    447
                ], 
                [
                    321, 
                    450
                ], 
                [
                    333, 
                    486
                ], 
                [
                    339, 
                    519
                ], 
                [
                    348, 
                    539
                ], 
                [
                    346, 
                    558
                ], 
                [
                    350, 
                    595
                ], 
                [
                    337, 
                    626
                ], 
                [
                    319, 
                    637
                ], 
                [
                    289, 
                    638
                ], 
                [
                    275, 
                    634
                ], 
                [
                    272, 
                    624
                ], 
                [
                    261, 
                    621
                ], 
                [
                    259, 
                    614
                ], 
                [
                    244, 
                    612
                ], 
                [
                    208, 
                    615
                ], 
                [
                    164, 
                    617
                ], 
                [
                    151, 
                    615
                ], 
                [
                    120, 
                    621
                ], 
                [
                    115, 
                    633
                ], 
                [
                    115, 
                    671
                ], 
                [
                    102, 
                    693
                ], 
                [
                    78, 
                    702
                ], 
                [
                    51, 
                    703
                ], 
                [
                    36, 
                    681
                ], 
                [
                    29, 
                    636
                ], 
                [
                    0, 
                    639
                ]
            ]
        }, 
        {
            "label": "pole", 
            "polygon": [
                [
                    1723, 
                    416
                ], 
                [
                    1729, 
                    417
                ], 
                [
                    1730, 
                    425
                ], 
                [
                    1731, 
                    434
                ], 
                [
                    1732, 
                    444
                ], 
                [
                    1732, 
                    470
                ], 
                [
                    1723, 
                    470
                ], 
                [
                    1724, 
                    453
                ], 
                [
                    1723, 
                    443
                ], 
                [
                    1723, 
                    437
                ], 
                [
                    1723, 
                    429
                ]
            ]
        }, 
        {
            "label": "pole", 
            "polygon": [
                [
                    1702, 
                    419
                ], 
                [
                    1707, 
                    418
                ], 
                [
                    1709, 
                    424
                ], 
                [
                    1708, 
                    427
                ], 
                [
                    1709, 
                    446
                ], 
                [
                    1709, 
                    449
                ], 
                [
                    1709, 
                    470
                ], 
                [
                    1711, 
                    474
                ], 
                [
                    1709, 
                    478
                ], 
                [
                    1709, 
                    493
                ], 
                [
                    1711, 
                    499
                ], 
                [
                    1705, 
                    501
                ], 
                [
                    1695, 
                    501
                ], 
                [
                    1697, 
                    497
                ], 
                [
                    1699, 
                    492
                ], 
                [
                    1699, 
                    477
                ], 
                [
                    1697, 
                    473
                ], 
                [
                    1697, 
                    467
                ], 
                [
                    1699, 
                    465
                ], 
                [
                    1699, 
                    451
                ], 
                [
                    1698, 
                    447
                ], 
                [
                    1700, 
                    442
                ], 
                [
                    1700, 
                    427
                ]
            ]
        }, 
        {
            "label": "pole", 
            "polygon": [
                [
                    1656, 
                    473
                ], 
                [
                    1662, 
                    473
                ], 
                [
                    1662, 
                    452
                ], 
                [
                    1661, 
                    443
                ], 
                [
                    1661, 
                    429
                ], 
                [
                    1661, 
                    422
                ], 
                [
                    1662, 
                    418
                ], 
                [
                    1660, 
                    416
                ], 
                [
                    1657, 
                    416
                ], 
                [
                    1655, 
                    420
                ], 
                [
                    1655, 
                    425
                ], 
                [
                    1656, 
                    430
                ], 
                [
                    1656, 
                    439
                ], 
                [
                    1655, 
                    451
                ], 
                [
                    1654, 
                    454
                ]
            ]
        }, 
        {
            "label": "pole", 
            "polygon": [
                [
                    1617, 
                    508
                ], 
                [
                    1631, 
                    508
                ], 
                [
                    1630, 
                    502
                ], 
                [
                    1628, 
                    483
                ], 
                [
                    1628, 
                    477
                ], 
                [
                    1629, 
                    474
                ], 
                [
                    1629, 
                    456
                ], 
                [
                    1628, 
                    448
                ], 
                [
                    1626, 
                    428
                ], 
                [
                    1630, 
                    426
                ], 
                [
                    1629, 
                    425
                ], 
                [
                    1626, 
                    422
                ], 
                [
                    1624, 
                    418
                ], 
                [
                    1621, 
                    418
                ], 
                [
                    1619, 
                    420
                ], 
                [
                    1619, 
                    425
                ], 
                [
                    1617, 
                    426
                ], 
                [
                    1620, 
                    429
                ], 
                [
                    1619, 
                    449
                ], 
                [
                    1617, 
                    452
                ], 
                [
                    1619, 
                    455
                ], 
                [
                    1618, 
                    472
                ], 
                [
                    1618, 
                    476
                ]
            ]
        }, 
        {
            "label": "pole", 
            "polygon": [
                [
                    1602, 
                    477
                ], 
                [
                    1609, 
                    477
                ], 
                [
                    1609, 
                    473
                ], 
                [
                    1608, 
                    462
                ], 
                [
                    1610, 
                    458
                ], 
                [
                    1610, 
                    455
                ], 
                [
                    1609, 
                    450
                ], 
                [
                    1609, 
                    441
                ], 
                [
                    1608, 
                    437
                ], 
                [
                    1608, 
                    424
                ], 
                [
                    1607, 
                    419
                ], 
                [
                    1604, 
                    417
                ], 
                [
                    1601, 
                    420
                ], 
                [
                    1601, 
                    425
                ], 
                [
                    1601, 
                    438
                ], 
                [
                    1599, 
                    441
                ], 
                [
                    1601, 
                    443
                ], 
                [
                    1602, 
                    453
                ], 
                [
                    1600, 
                    456
                ], 
                [
                    1600, 
                    459
                ], 
                [
                    1602, 
                    461
                ]
            ]
        }, 
        {
            "label": "pole", 
            "polygon": [
                [
                    1545, 
                    439
                ], 
                [
                    1545, 
                    430
                ], 
                [
                    1544, 
                    422
                ], 
                [
                    1547, 
                    417
                ], 
                [
                    1550, 
                    423
                ], 
                [
                    1549, 
                    426
                ], 
                [
                    1550, 
                    438
                ], 
                [
                    1550, 
                    447
                ], 
                [
                    1551, 
                    455
                ], 
                [
                    1551, 
                    473
                ], 
                [
                    1551, 
                    478
                ], 
                [
                    1544, 
                    478
                ], 
                [
                    1544, 
                    474
                ], 
                [
                    1544, 
                    460
                ], 
                [
                    1544, 
                    452
                ]
            ]
        }, 
        {
            "label": "pole", 
            "polygon": [
                [
                    1478, 
                    488
                ], 
                [
                    1487, 
                    489
                ], 
                [
                    1488, 
                    485
                ], 
                [
                    1486, 
                    480
                ], 
                [
                    1486, 
                    466
                ], 
                [
                    1485, 
                    451
                ], 
                [
                    1485, 
                    432
                ], 
                [
                    1485, 
                    428
                ], 
                [
                    1483, 
                    425
                ], 
                [
                    1479, 
                    427
                ], 
                [
                    1478, 
                    430
                ], 
                [
                    1479, 
                    434
                ], 
                [
                    1478, 
                    449
                ], 
                [
                    1478, 
                    466
                ], 
                [
                    1479, 
                    474
                ]
            ]
        }, 
        {
            "label": "pole", 
            "polygon": [
                [
                    965, 
                    490
                ], 
                [
                    974, 
                    490
                ], 
                [
                    973, 
                    483
                ], 
                [
                    973, 
                    473
                ], 
                [
                    974, 
                    468
                ], 
                [
                    973, 
                    463
                ], 
                [
                    973, 
                    453
                ], 
                [
                    973, 
                    448
                ], 
                [
                    973, 
                    438
                ], 
                [
                    973, 
                    430
                ], 
                [
                    968, 
                    428
                ], 
                [
                    964, 
                    430
                ], 
                [
                    964, 
                    435
                ], 
                [
                    966, 
                    439
                ], 
                [
                    966, 
                    451
                ], 
                [
                    966, 
                    454
                ], 
                [
                    966, 
                    467
                ], 
                [
                    965, 
                    472
                ]
            ]
        }, 
        {
            "label": "pole", 
            "polygon": [
                [
                    877, 
                    488
                ], 
                [
                    885, 
                    488
                ], 
                [
                    886, 
                    485
                ], 
                [
                    883, 
                    484
                ], 
                [
                    883, 
                    470
                ], 
                [
                    883, 
                    463
                ], 
                [
                    883, 
                    452
                ], 
                [
                    882, 
                    437
                ], 
                [
                    882, 
                    431
                ], 
                [
                    880, 
                    428
                ], 
                [
                    879, 
                    426
                ], 
                [
                    876, 
                    428
                ], 
                [
                    876, 
                    430
                ], 
                [
                    876, 
                    437
                ], 
                [
                    876, 
                    449
                ], 
                [
                    877, 
                    467
                ]
            ]
        }, 
        {
            "label": "pole", 
            "polygon": [
                [
                    804, 
                    487
                ], 
                [
                    810, 
                    487
                ], 
                [
                    809, 
                    484
                ], 
                [
                    808, 
                    468
                ], 
                [
                    808, 
                    452
                ], 
                [
                    807, 
                    435
                ], 
                [
                    808, 
                    430
                ], 
                [
                    806, 
                    428
                ], 
                [
                    803, 
                    430
                ], 
                [
                    804, 
                    432
                ], 
                [
                    802, 
                    435
                ], 
                [
                    802, 
                    451
                ], 
                [
                    802, 
                    468
                ]
            ]
        }, 
        {
            "label": "ego vehicle", 
            "polygon": [
                [
                    271, 
                    1023
                ], 
                [
                    387, 
                    1009
                ], 
                [
                    549, 
                    993
                ], 
                [
                    821, 
                    966
                ], 
                [
                    1082, 
                    950
                ], 
                [
                    1142, 
                    947
                ], 
                [
                    1112, 
                    932
                ], 
                [
                    1096, 
                    896
                ], 
                [
                    1108, 
                    861
                ], 
                [
                    1137, 
                    844
                ], 
                [
                    1175, 
                    844
                ], 
                [
                    1204, 
                    867
                ], 
                [
                    1209, 
                    897
                ], 
                [
                    1195, 
                    931
                ], 
                [
                    1161, 
                    945
                ], 
                [
                    1376, 
                    957
                ], 
                [
                    1654, 
                    977
                ], 
                [
                    1883, 
                    1002
                ], 
                [
                    2028, 
                    1023
                ]
            ]
        }, 
        {
            "label": "out of roi", 
            "polygon": [
                [
                    0, 
                    0
                ], 
                [
                    2048, 
                    0
                ], 
                [
                    2048, 
                    1024
                ], 
                [
                    0, 
                    1024
                ], 
                [
                    0, 
                    0
                ], 
                [
                    5, 
                    5
                ], 
                [
                    5, 
                    1019
                ], 
                [
                    2043, 
                    1019
                ], 
                [
                    2043, 
                    5
                ], 
                [
                    5, 
                    5
                ]
            ]
        }
    ]
}