{
    "imgHeight": 1024, 
    "imgWidth": 2048, 
    "objects": [
        {
            "label": "sky", 
            "polygon": [
                [
                    1426, 
                    0
                ], 
                [
                    599, 
                    0
                ], 
                [
                    1188, 
                    326
                ], 
                [
                    1675, 
                    322
                ], 
                [
                    1983, 
                    0
                ]
            ]
        }, 
        {
            "label": "vegetation", 
            "polygon": [
                [
                    976, 
                    202
                ], 
                [
                    1121, 
                    212
                ], 
                [
                    1269, 
                    211
                ], 
                [
                    1346, 
                    214
                ], 
                [
                    1391, 
                    212
                ], 
                [
                    1456, 
                    215
                ], 
                [
                    1521, 
                    206
                ], 
                [
                    1604, 
                    186
                ], 
                [
                    2047, 
                    1
                ], 
                [
                    2047, 
                    288
                ], 
                [
                    1081, 
                    331
                ]
            ]
        }, 
        {
            "label": "road", 
            "polygon": [
                [
                    0, 
                    575
                ], 
                [
                    931, 
                    444
                ], 
                [
                    1158, 
                    447
                ], 
                [
                    1153, 
                    397
                ], 
                [
                    1265, 
                    394
                ], 
                [
                    1390, 
                    415
                ], 
                [
                    2047, 
                    507
                ], 
                [
                    2047, 
                    1023
                ], 
                [
                    0, 
                    1023
                ]
            ]
        }, 
        {
            "label": "sidewalk", 
            "polygon": [
                [
                    1239, 
                    432
                ], 
                [
                    1255, 
                    435
                ], 
                [
                    1292, 
                    437
                ], 
                [
                    1236, 
                    407
                ], 
                [
                    1223, 
                    415
                ]
            ]
        }, 
        {
            "label": "parking", 
            "polygon": [
                [
                    1234, 
                    430
                ], 
                [
                    1241, 
                    432
                ], 
                [
                    1255, 
                    434
                ], 
                [
                    1236, 
                    417
                ], 
                [
                    1217, 
                    406
                ], 
                [
                    1205, 
                    410
                ]
            ]
        }, 
        {
            "label": "building", 
            "polygon": [
                [
                    1476, 
                    290
                ], 
                [
                    1386, 
                    284
                ], 
                [
                    1333, 
                    282
                ], 
                [
                    1324, 
                    291
                ], 
                [
                    1316, 
                    295
                ], 
                [
                    1300, 
                    294
                ], 
                [
                    1295, 
                    283
                ], 
                [
                    1315, 
                    266
                ], 
                [
                    1318, 
                    243
                ], 
                [
                    1186, 
                    240
                ], 
                [
                    1182, 
                    344
                ], 
                [
                    1231, 
                    404
                ], 
                [
                    1254, 
                    419
                ], 
                [
                    1295, 
                    438
                ], 
                [
                    1470, 
                    446
                ]
            ]
        }, 
        {
            "label": "bridge", 
            "polygon": [
                [
                    1168, 
                    448
                ], 
                [
                    1170, 
                    377
                ], 
                [
                    1242, 
                    379
                ], 
                [
                    1352, 
                    382
                ], 
                [
                    1352, 
                    440
                ], 
                [
                    1467, 
                    441
                ], 
                [
                    1467, 
                    345
                ], 
                [
                    1353, 
                    344
                ], 
                [
                    1314, 
                    343
                ], 
                [
                    1271, 
                    342
                ], 
                [
                    1124, 
                    337
                ], 
                [
                    1002, 
                    332
                ], 
                [
                    1000, 
                    446
                ]
            ]
        }, 
        {
            "label": "vegetation", 
            "polygon": [
                [
                    0, 
                    606
                ], 
                [
                    0, 
                    0
                ], 
                [
                    1069, 
                    0
                ], 
                [
                    1069, 
                    17
                ], 
                [
                    1060, 
                    22
                ], 
                [
                    1055, 
                    27
                ], 
                [
                    1040, 
                    26
                ], 
                [
                    1034, 
                    28
                ], 
                [
                    1046, 
                    37
                ], 
                [
                    1053, 
                    41
                ], 
                [
                    1053, 
                    49
                ], 
                [
                    1057, 
                    61
                ], 
                [
                    1052, 
                    66
                ], 
                [
                    1044, 
                    62
                ], 
                [
                    1031, 
                    64
                ], 
                [
                    1025, 
                    69
                ], 
                [
                    1024, 
                    73
                ], 
                [
                    1022, 
                    83
                ], 
                [
                    1039, 
                    83
                ], 
                [
                    1044, 
                    92
                ], 
                [
                    1043, 
                    96
                ], 
                [
                    1048, 
                    97
                ], 
                [
                    1063, 
                    93
                ], 
                [
                    1072, 
                    77
                ], 
                [
                    1090, 
                    75
                ], 
                [
                    1101, 
                    65
                ], 
                [
                    1117, 
                    65
                ], 
                [
                    1122, 
                    76
                ], 
                [
                    1145, 
                    68
                ], 
                [
                    1179, 
                    71
                ], 
                [
                    1179, 
                    83
                ], 
                [
                    1178, 
                    88
                ], 
                [
                    1203, 
                    86
                ], 
                [
                    1210, 
                    90
                ], 
                [
                    1204, 
                    98
                ], 
                [
                    1199, 
                    105
                ], 
                [
                    1199, 
                    109
                ], 
                [
                    1216, 
                    113
                ], 
                [
                    1216, 
                    124
                ], 
                [
                    1212, 
                    131
                ], 
                [
                    1228, 
                    135
                ], 
                [
                    1226, 
                    146
                ], 
                [
                    1218, 
                    147
                ], 
                [
                    1214, 
                    155
                ], 
                [
                    1226, 
                    156
                ], 
                [
                    1227, 
                    171
                ], 
                [
                    1220, 
                    170
                ], 
                [
                    1220, 
                    174
                ], 
                [
                    1233, 
                    176
                ], 
                [
                    1234, 
                    180
                ], 
                [
                    1251, 
                    184
                ], 
                [
                    1239, 
                    209
                ], 
                [
                    1246, 
                    222
                ], 
                [
                    1244, 
                    229
                ], 
                [
                    1248, 
                    225
                ], 
                [
                    1257, 
                    224
                ], 
                [
                    1264, 
                    233
                ], 
                [
                    1276, 
                    231
                ], 
                [
                    1290, 
                    230
                ], 
                [
                    1309, 
                    229
                ], 
                [
                    1321, 
                    232
                ], 
                [
                    1328, 
                    228
                ], 
                [
                    1333, 
                    229
                ], 
                [
                    1338, 
                    234
                ], 
                [
                    1338, 
                    241
                ], 
                [
                    1349, 
                    242
                ], 
                [
                    1355, 
                    242
                ], 
                [
                    1361, 
                    239
                ], 
                [
                    1367, 
                    236
                ], 
                [
                    1372, 
                    241
                ], 
                [
                    1378, 
                    246
                ], 
                [
                    1382, 
                    253
                ], 
                [
                    1383, 
                    246
                ], 
                [
                    1387, 
                    241
                ], 
                [
                    1394, 
                    235
                ], 
                [
                    1407, 
                    239
                ], 
                [
                    1424, 
                    237
                ], 
                [
                    1436, 
                    237
                ], 
                [
                    1449, 
                    243
                ], 
                [
                    1458, 
                    252
                ], 
                [
                    1463, 
                    269
                ], 
                [
                    1458, 
                    276
                ], 
                [
                    1462, 
                    283
                ], 
                [
                    1470, 
                    283
                ], 
                [
                    1468, 
                    301
                ], 
                [
                    1468, 
                    313
                ], 
                [
                    1456, 
                    313
                ], 
                [
                    1443, 
                    321
                ], 
                [
                    1443, 
                    327
                ], 
                [
                    1456, 
                    329
                ], 
                [
                    1462, 
                    330
                ], 
                [
                    1462, 
                    370
                ], 
                [
                    1448, 
                    377
                ], 
                [
                    1429, 
                    443
                ], 
                [
                    1395, 
                    444
                ], 
                [
                    1398, 
                    406
                ], 
                [
                    1376, 
                    404
                ], 
                [
                    1376, 
                    392
                ], 
                [
                    1354, 
                    392
                ], 
                [
                    1343, 
                    386
                ], 
                [
                    1344, 
                    376
                ], 
                [
                    1352, 
                    370
                ], 
                [
                    1351, 
                    353
                ], 
                [
                    1343, 
                    341
                ], 
                [
                    1344, 
                    324
                ], 
                [
                    1354, 
                    314
                ], 
                [
                    1362, 
                    292
                ], 
                [
                    1355, 
                    287
                ], 
                [
                    1340, 
                    289
                ], 
                [
                    1324, 
                    297
                ], 
                [
                    1304, 
                    300
                ], 
                [
                    1303, 
                    314
                ], 
                [
                    1300, 
                    331
                ], 
                [
                    1299, 
                    344
                ], 
                [
                    1231, 
                    342
                ], 
                [
                    1232, 
                    351
                ], 
                [
                    1232, 
                    356
                ], 
                [
                    1229, 
                    364
                ], 
                [
                    1223, 
                    376
                ], 
                [
                    1229, 
                    383
                ], 
                [
                    1223, 
                    397
                ], 
                [
                    1214, 
                    402
                ], 
                [
                    1209, 
                    413
                ], 
                [
                    1195, 
                    419
                ], 
                [
                    1179, 
                    430
                ], 
                [
                    1175, 
                    447
                ], 
                [
                    1136, 
                    453
                ], 
                [
                    1036, 
                    447
                ]
            ]
        }, 
        {
            "label": "terrain", 
            "polygon": [
                [
                    947, 
                    429
                ], 
                [
                    951, 
                    452
                ], 
                [
                    1172, 
                    459
                ], 
                [
                    1210, 
                    454
                ], 
                [
                    1184, 
                    446
                ], 
                [
                    1168, 
                    444
                ], 
                [
                    1144, 
                    448
                ], 
                [
                    949, 
                    430
                ]
            ]
        }, 
        {
            "label": "building", 
            "polygon": [
                [
                    2047, 
                    0
                ], 
                [
                    1626, 
                    0
                ], 
                [
                    1629, 
                    16
                ], 
                [
                    1625, 
                    125
                ], 
                [
                    1618, 
                    125
                ], 
                [
                    1617, 
                    144
                ], 
                [
                    1538, 
                    193
                ], 
                [
                    1520, 
                    198
                ], 
                [
                    1521, 
                    204
                ], 
                [
                    1524, 
                    208
                ], 
                [
                    1524, 
                    236
                ], 
                [
                    1516, 
                    243
                ], 
                [
                    1516, 
                    245
                ], 
                [
                    1473, 
                    245
                ], 
                [
                    1467, 
                    313
                ], 
                [
                    1455, 
                    313
                ], 
                [
                    1454, 
                    319
                ], 
                [
                    1459, 
                    320
                ], 
                [
                    1453, 
                    451
                ], 
                [
                    2047, 
                    525
                ]
            ]
        }, 
        {
            "label": "sidewalk", 
            "polygon": [
                [
                    0, 
                    770
                ], 
                [
                    1048, 
                    467
                ], 
                [
                    1034, 
                    458
                ], 
                [
                    891, 
                    430
                ], 
                [
                    166, 
                    549
                ], 
                [
                    105, 
                    560
                ], 
                [
                    0, 
                    578
                ]
            ]
        }, 
        {
            "label": "parking", 
            "polygon": [
                [
                    2047, 
                    610
                ], 
                [
                    1577, 
                    507
                ], 
                [
                    1470, 
                    444
                ], 
                [
                    1592, 
                    422
                ], 
                [
                    1823, 
                    487
                ], 
                [
                    2047, 
                    545
                ]
            ]
        }, 
        {
            "label": "vegetation", 
            "polygon": [
                [
                    1623, 
                    297
                ], 
                [
                    1614, 
                    270
                ], 
                [
                    1606, 
                    259
                ], 
                [
                    1584, 
                    261
                ], 
                [
                    1575, 
                    268
                ], 
                [
                    1564, 
                    265
                ], 
                [
                    1559, 
                    248
                ], 
                [
                    1555, 
                    241
                ], 
                [
                    1534, 
                    248
                ], 
                [
                    1525, 
                    258
                ], 
                [
                    1521, 
                    273
                ], 
                [
                    1516, 
                    289
                ], 
                [
                    1516, 
                    306
                ], 
                [
                    1516, 
                    315
                ], 
                [
                    1497, 
                    315
                ], 
                [
                    1483, 
                    314
                ], 
                [
                    1474, 
                    320
                ], 
                [
                    1486, 
                    331
                ], 
                [
                    1479, 
                    341
                ], 
                [
                    1480, 
                    355
                ], 
                [
                    1497, 
                    358
                ], 
                [
                    1508, 
                    363
                ], 
                [
                    1509, 
                    385
                ], 
                [
                    1523, 
                    407
                ], 
                [
                    1572, 
                    417
                ], 
                [
                    1580, 
                    456
                ], 
                [
                    1599, 
                    456
                ], 
                [
                    1594, 
                    411
                ], 
                [
                    1634, 
                    393
                ], 
                [
                    1644, 
                    350
                ], 
                [
                    1638, 
                    303
                ]
            ]
        }, 
        {
            "label": "ground", 
            "polygon": [
                [
                    2047, 
                    563
                ], 
                [
                    1618, 
                    434
                ], 
                [
                    1655, 
                    413
                ], 
                [
                    1950, 
                    509
                ], 
                [
                    2047, 
                    519
                ]
            ]
        }, 
        {
            "label": "sidewalk", 
            "polygon": [
                [
                    2047, 
                    563
                ], 
                [
                    1914, 
                    539
                ], 
                [
                    1783, 
                    513
                ], 
                [
                    1618, 
                    434
                ], 
                [
                    1655, 
                    413
                ], 
                [
                    1950, 
                    509
                ], 
                [
                    2047, 
                    519
                ]
            ]
        }, 
        {
            "label": "cargroup", 
            "polygon": [
                [
                    1064, 
                    429
                ], 
                [
                    1076, 
                    426
                ], 
                [
                    1092, 
                    428
                ], 
                [
                    1112, 
                    427
                ], 
                [
                    1120, 
                    447
                ], 
                [
                    1084, 
                    448
                ], 
                [
                    1064, 
                    447
                ]
            ]
        }, 
        {
            "label": "car", 
            "polygon": [
                [
                    1041, 
                    423
                ], 
                [
                    1065, 
                    425
                ], 
                [
                    1074, 
                    432
                ], 
                [
                    1072, 
                    446
                ], 
                [
                    1058, 
                    448
                ], 
                [
                    1028, 
                    446
                ], 
                [
                    1032, 
                    435
                ]
            ]
        }, 
        {
            "label": "cargroup", 
            "polygon": [
                [
                    1135, 
                    446
                ], 
                [
                    1154, 
                    448
                ], 
                [
                    1163, 
                    446
                ], 
                [
                    1159, 
                    435
                ], 
                [
                    1137, 
                    432
                ]
            ]
        }, 
        {
            "label": "static", 
            "polygon": [
                [
                    1177, 
                    425
                ], 
                [
                    1183, 
                    425
                ], 
                [
                    1192, 
                    416
                ], 
                [
                    1190, 
                    410
                ], 
                [
                    1180, 
                    409
                ], 
                [
                    1172, 
                    415
                ], 
                [
                    1171, 
                    424
                ]
            ]
        }, 
        {
            "label": "car", 
            "polygon": [
                [
                    1230, 
                    422
                ], 
                [
                    1239, 
                    422
                ], 
                [
                    1239, 
                    413
                ], 
                [
                    1231, 
                    413
                ]
            ]
        }, 
        {
            "label": "pole", 
            "polygon": [
                [
                    982, 
                    334
                ], 
                [
                    974, 
                    454
                ], 
                [
                    980, 
                    455
                ], 
                [
                    989, 
                    336
                ]
            ]
        }, 
        {
            "label": "car", 
            "polygon": [
                [
                    1233, 
                    426
                ], 
                [
                    1243, 
                    427
                ], 
                [
                    1243, 
                    417
                ], 
                [
                    1240, 
                    416
                ], 
                [
                    1233, 
                    416
                ], 
                [
                    1230, 
                    419
                ]
            ]
        }, 
        {
            "label": "car", 
            "polygon": [
                [
                    1211, 
                    434
                ], 
                [
                    1230, 
                    432
                ], 
                [
                    1231, 
                    425
                ], 
                [
                    1229, 
                    422
                ], 
                [
                    1215, 
                    422
                ], 
                [
                    1206, 
                    426
                ], 
                [
                    1206, 
                    432
                ]
            ]
        }, 
        {
            "label": "car", 
            "polygon": [
                [
                    1186, 
                    435
                ], 
                [
                    1210, 
                    436
                ], 
                [
                    1208, 
                    428
                ], 
                [
                    1208, 
                    420
                ], 
                [
                    1192, 
                    420
                ], 
                [
                    1187, 
                    428
                ]
            ]
        }, 
        {
            "label": "pole", 
            "polygon": [
                [
                    1141, 
                    285
                ], 
                [
                    1141, 
                    289
                ], 
                [
                    1010, 
                    301
                ], 
                [
                    1002, 
                    435
                ], 
                [
                    998, 
                    436
                ], 
                [
                    1002, 
                    297
                ]
            ]
        }, 
        {
            "label": "pole", 
            "polygon": [
                [
                    963, 
                    358
                ], 
                [
                    962, 
                    449
                ], 
                [
                    968, 
                    449
                ], 
                [
                    970, 
                    357
                ], 
                [
                    966, 
                    357
                ]
            ]
        }, 
        {
            "label": "car", 
            "polygon": [
                [
                    986, 
                    407
                ], 
                [
                    1024, 
                    410
                ], 
                [
                    1031, 
                    428
                ], 
                [
                    1034, 
                    444
                ], 
                [
                    1031, 
                    447
                ], 
                [
                    1031, 
                    455
                ], 
                [
                    1031, 
                    462
                ], 
                [
                    1025, 
                    464
                ], 
                [
                    1016, 
                    465
                ], 
                [
                    960, 
                    463
                ], 
                [
                    954, 
                    430
                ]
            ]
        }, 
        {
            "label": "car", 
            "polygon": [
                [
                    938, 
                    470
                ], 
                [
                    954, 
                    471
                ], 
                [
                    954, 
                    466
                ], 
                [
                    997, 
                    467
                ], 
                [
                    997, 
                    473
                ], 
                [
                    1001, 
                    474
                ], 
                [
                    1007, 
                    472
                ], 
                [
                    1011, 
                    471
                ], 
                [
                    1012, 
                    468
                ], 
                [
                    1017, 
                    468
                ], 
                [
                    1021, 
                    466
                ], 
                [
                    1022, 
                    460
                ], 
                [
                    1022, 
                    451
                ], 
                [
                    1022, 
                    441
                ], 
                [
                    1019, 
                    434
                ], 
                [
                    1023, 
                    432
                ], 
                [
                    1022, 
                    428
                ], 
                [
                    1019, 
                    428
                ], 
                [
                    1015, 
                    427
                ], 
                [
                    1012, 
                    417
                ], 
                [
                    1010, 
                    414
                ], 
                [
                    972, 
                    412
                ], 
                [
                    955, 
                    414
                ], 
                [
                    946, 
                    424
                ], 
                [
                    940, 
                    437
                ], 
                [
                    939, 
                    451
                ], 
                [
                    940, 
                    454
                ]
            ]
        }, 
        {
            "label": "pole", 
            "polygon": [
                [
                    1378, 
                    232
                ], 
                [
                    1441, 
                    240
                ], 
                [
                    1434, 
                    440
                ], 
                [
                    1437, 
                    443
                ], 
                [
                    1444, 
                    237
                ], 
                [
                    1379, 
                    229
                ]
            ]
        }, 
        {
            "label": "license plate", 
            "polygon": [
                [
                    961, 
                    436
                ], 
                [
                    961, 
                    442
                ], 
                [
                    986, 
                    443
                ], 
                [
                    986, 
                    438
                ]
            ]
        }, 
        {
            "label": "car", 
            "polygon": [
                [
                    839, 
                    484
                ], 
                [
                    844, 
                    477
                ], 
                [
                    848, 
                    477
                ], 
                [
                    848, 
                    484
                ], 
                [
                    858, 
                    485
                ], 
                [
                    861, 
                    478
                ], 
                [
                    862, 
                    476
                ], 
                [
                    911, 
                    480
                ], 
                [
                    911, 
                    487
                ], 
                [
                    914, 
                    489
                ], 
                [
                    921, 
                    489
                ], 
                [
                    923, 
                    485
                ], 
                [
                    923, 
                    478
                ], 
                [
                    925, 
                    478
                ], 
                [
                    925, 
                    481
                ], 
                [
                    925, 
                    485
                ], 
                [
                    931, 
                    486
                ], 
                [
                    935, 
                    485
                ], 
                [
                    936, 
                    474
                ], 
                [
                    937, 
                    465
                ], 
                [
                    938, 
                    452
                ], 
                [
                    932, 
                    438
                ], 
                [
                    934, 
                    436
                ], 
                [
                    940, 
                    436
                ], 
                [
                    943, 
                    434
                ], 
                [
                    942, 
                    429
                ], 
                [
                    936, 
                    428
                ], 
                [
                    931, 
                    429
                ], 
                [
                    921, 
                    407
                ], 
                [
                    914, 
                    404
                ], 
                [
                    863, 
                    400
                ], 
                [
                    854, 
                    403
                ], 
                [
                    838, 
                    430
                ], 
                [
                    833, 
                    463
                ], 
                [
                    832, 
                    478
                ]
            ]
        }, 
        {
            "label": "license plate", 
            "polygon": [
                [
                    861, 
                    440
                ], 
                [
                    861, 
                    448
                ], 
                [
                    892, 
                    450
                ], 
                [
                    892, 
                    441
                ]
            ]
        }, 
        {
            "label": "car", 
            "polygon": [
                [
                    683, 
                    399
                ], 
                [
                    691, 
                    393
                ], 
                [
                    711, 
                    392
                ], 
                [
                    799, 
                    398
                ], 
                [
                    825, 
                    427
                ], 
                [
                    836, 
                    427
                ], 
                [
                    836, 
                    435
                ], 
                [
                    831, 
                    439
                ], 
                [
                    842, 
                    447
                ], 
                [
                    845, 
                    454
                ], 
                [
                    846, 
                    473
                ], 
                [
                    843, 
                    483
                ], 
                [
                    842, 
                    488
                ], 
                [
                    840, 
                    497
                ], 
                [
                    839, 
                    502
                ], 
                [
                    836, 
                    504
                ], 
                [
                    827, 
                    505
                ], 
                [
                    820, 
                    502
                ], 
                [
                    820, 
                    492
                ], 
                [
                    790, 
                    492
                ], 
                [
                    789, 
                    499
                ], 
                [
                    784, 
                    507
                ], 
                [
                    770, 
                    508
                ], 
                [
                    765, 
                    507
                ], 
                [
                    764, 
                    499
                ], 
                [
                    764, 
                    490
                ], 
                [
                    740, 
                    490
                ], 
                [
                    736, 
                    491
                ], 
                [
                    735, 
                    498
                ], 
                [
                    723, 
                    499
                ], 
                [
                    719, 
                    492
                ], 
                [
                    720, 
                    485
                ], 
                [
                    699, 
                    485
                ], 
                [
                    695, 
                    503
                ], 
                [
                    676, 
                    503
                ], 
                [
                    660, 
                    476
                ], 
                [
                    661, 
                    444
                ], 
                [
                    665, 
                    419
                ]
            ]
        }, 
        {
            "label": "license plate", 
            "polygon": [
                [
                    697, 
                    432
                ], 
                [
                    732, 
                    435
                ], 
                [
                    731, 
                    446
                ], 
                [
                    727, 
                    448
                ], 
                [
                    698, 
                    447
                ]
            ]
        }, 
        {
            "label": "car", 
            "polygon": [
                [
                    497, 
                    387
                ], 
                [
                    539, 
                    377
                ], 
                [
                    662, 
                    385
                ], 
                [
                    688, 
                    404
                ], 
                [
                    702, 
                    422
                ], 
                [
                    706, 
                    432
                ], 
                [
                    717, 
                    435
                ], 
                [
                    719, 
                    440
                ], 
                [
                    717, 
                    446
                ], 
                [
                    715, 
                    449
                ], 
                [
                    723, 
                    456
                ], 
                [
                    728, 
                    470
                ], 
                [
                    731, 
                    480
                ], 
                [
                    729, 
                    491
                ], 
                [
                    727, 
                    500
                ], 
                [
                    726, 
                    514
                ], 
                [
                    724, 
                    532
                ], 
                [
                    721, 
                    541
                ], 
                [
                    707, 
                    543
                ], 
                [
                    698, 
                    539
                ], 
                [
                    699, 
                    532
                ], 
                [
                    698, 
                    527
                ], 
                [
                    668, 
                    533
                ], 
                [
                    667, 
                    539
                ], 
                [
                    666, 
                    549
                ], 
                [
                    661, 
                    559
                ], 
                [
                    645, 
                    559
                ], 
                [
                    636, 
                    558
                ], 
                [
                    633, 
                    545
                ], 
                [
                    632, 
                    532
                ], 
                [
                    594, 
                    532
                ], 
                [
                    587, 
                    532
                ], 
                [
                    589, 
                    541
                ], 
                [
                    585, 
                    550
                ], 
                [
                    565, 
                    556
                ], 
                [
                    553, 
                    550
                ], 
                [
                    531, 
                    526
                ], 
                [
                    513, 
                    489
                ], 
                [
                    490, 
                    436
                ]
            ]
        }, 
        {
            "label": "pole", 
            "polygon": [
                [
                    1266, 
                    413
                ], 
                [
                    1266, 
                    437
                ], 
                [
                    1264, 
                    436
                ], 
                [
                    1264, 
                    412
                ]
            ]
        }, 
        {
            "label": "license plate", 
            "polygon": [
                [
                    528, 
                    448
                ], 
                [
                    588, 
                    450
                ], 
                [
                    587, 
                    468
                ], 
                [
                    526, 
                    465
                ]
            ]
        }, 
        {
            "label": "car", 
            "polygon": [
                [
                    166, 
                    587
                ], 
                [
                    167, 
                    594
                ], 
                [
                    185, 
                    600
                ], 
                [
                    211, 
                    599
                ], 
                [
                    222, 
                    587
                ], 
                [
                    233, 
                    571
                ], 
                [
                    257, 
                    563
                ], 
                [
                    394, 
                    574
                ], 
                [
                    425, 
                    575
                ], 
                [
                    429, 
                    599
                ], 
                [
                    439, 
                    614
                ], 
                [
                    477, 
                    617
                ], 
                [
                    492, 
                    602
                ], 
                [
                    496, 
                    578
                ], 
                [
                    503, 
                    574
                ], 
                [
                    543, 
                    564
                ], 
                [
                    546, 
                    580
                ], 
                [
                    568, 
                    581
                ], 
                [
                    576, 
                    578
                ], 
                [
                    582, 
                    550
                ], 
                [
                    584, 
                    516
                ], 
                [
                    589, 
                    485
                ], 
                [
                    578, 
                    463
                ], 
                [
                    569, 
                    459
                ], 
                [
                    588, 
                    446
                ], 
                [
                    586, 
                    435
                ], 
                [
                    562, 
                    435
                ], 
                [
                    540, 
                    409
                ], 
                [
                    504, 
                    373
                ], 
                [
                    442, 
                    361
                ], 
                [
                    290, 
                    354
                ], 
                [
                    257, 
                    363
                ], 
                [
                    214, 
                    399
                ], 
                [
                    202, 
                    405
                ], 
                [
                    164, 
                    415
                ], 
                [
                    148, 
                    440
                ], 
                [
                    146, 
                    473
                ], 
                [
                    143, 
                    492
                ], 
                [
                    149, 
                    504
                ], 
                [
                    150, 
                    531
                ], 
                [
                    161, 
                    549
                ], 
                [
                    162, 
                    570
                ]
            ]
        }, 
        {
            "label": "pole", 
            "polygon": [
                [
                    1423, 
                    141
                ], 
                [
                    1428, 
                    142
                ], 
                [
                    1436, 
                    142
                ], 
                [
                    1421, 
                    441
                ], 
                [
                    1427, 
                    441
                ], 
                [
                    1439, 
                    138
                ], 
                [
                    1429, 
                    136
                ]
            ]
        }, 
        {
            "label": "license plate", 
            "polygon": [
                [
                    236, 
                    513
                ], 
                [
                    234, 
                    536
                ], 
                [
                    336, 
                    543
                ], 
                [
                    339, 
                    520
                ]
            ]
        }, 
        {
            "label": "car", 
            "polygon": [
                [
                    1292, 
                    484
                ], 
                [
                    1301, 
                    484
                ], 
                [
                    1301, 
                    478
                ], 
                [
                    1357, 
                    479
                ], 
                [
                    1354, 
                    425
                ], 
                [
                    1307, 
                    426
                ], 
                [
                    1296, 
                    437
                ], 
                [
                    1294, 
                    442
                ], 
                [
                    1291, 
                    441
                ], 
                [
                    1285, 
                    441
                ], 
                [
                    1285, 
                    446
                ], 
                [
                    1291, 
                    447
                ], 
                [
                    1290, 
                    471
                ]
            ]
        }, 
        {
            "label": "license plate", 
            "polygon": [
                [
                    1317, 
                    449
                ], 
                [
                    1317, 
                    455
                ], 
                [
                    1338, 
                    455
                ], 
                [
                    1337, 
                    449
                ]
            ]
        }, 
        {
            "label": "car", 
            "polygon": [
                [
                    1341, 
                    486
                ], 
                [
                    1334, 
                    487
                ], 
                [
                    1334, 
                    492
                ], 
                [
                    1328, 
                    492
                ], 
                [
                    1324, 
                    491
                ], 
                [
                    1322, 
                    489
                ], 
                [
                    1319, 
                    489
                ], 
                [
                    1320, 
                    472
                ], 
                [
                    1321, 
                    463
                ], 
                [
                    1321, 
                    456
                ], 
                [
                    1326, 
                    449
                ], 
                [
                    1321, 
                    448
                ], 
                [
                    1321, 
                    443
                ], 
                [
                    1324, 
                    442
                ], 
                [
                    1328, 
                    442
                ], 
                [
                    1337, 
                    427
                ], 
                [
                    1387, 
                    426
                ], 
                [
                    1402, 
                    443
                ], 
                [
                    1402, 
                    474
                ], 
                [
                    1401, 
                    491
                ]
            ]
        }, 
        {
            "label": "car", 
            "polygon": [
                [
                    1366, 
                    503
                ], 
                [
                    1366, 
                    512
                ], 
                [
                    1363, 
                    515
                ], 
                [
                    1351, 
                    515
                ], 
                [
                    1349, 
                    513
                ], 
                [
                    1348, 
                    508
                ], 
                [
                    1343, 
                    508
                ], 
                [
                    1341, 
                    504
                ], 
                [
                    1341, 
                    485
                ], 
                [
                    1344, 
                    452
                ], 
                [
                    1350, 
                    450
                ], 
                [
                    1343, 
                    448
                ], 
                [
                    1340, 
                    446
                ], 
                [
                    1341, 
                    442
                ], 
                [
                    1352, 
                    441
                ], 
                [
                    1353, 
                    446
                ], 
                [
                    1354, 
                    446
                ], 
                [
                    1358, 
                    436
                ], 
                [
                    1367, 
                    422
                ], 
                [
                    1375, 
                    418
                ], 
                [
                    1391, 
                    418
                ], 
                [
                    1416, 
                    418
                ], 
                [
                    1439, 
                    420
                ], 
                [
                    1447, 
                    425
                ], 
                [
                    1452, 
                    435
                ], 
                [
                    1460, 
                    452
                ], 
                [
                    1459, 
                    512
                ], 
                [
                    1434, 
                    512
                ], 
                [
                    1434, 
                    502
                ]
            ]
        }, 
        {
            "label": "pole", 
            "polygon": [
                [
                    1423, 
                    267
                ], 
                [
                    1425, 
                    271
                ], 
                [
                    1526, 
                    292
                ], 
                [
                    1541, 
                    295
                ], 
                [
                    1553, 
                    301
                ], 
                [
                    1560, 
                    314
                ], 
                [
                    1557, 
                    449
                ], 
                [
                    1565, 
                    449
                ], 
                [
                    1564, 
                    327
                ], 
                [
                    1563, 
                    310
                ], 
                [
                    1560, 
                    303
                ], 
                [
                    1549, 
                    295
                ], 
                [
                    1534, 
                    290
                ], 
                [
                    1502, 
                    283
                ]
            ]
        }, 
        {
            "label": "license plate", 
            "polygon": [
                [
                    1394, 
                    456
                ], 
                [
                    1394, 
                    465
                ], 
                [
                    1431, 
                    466
                ], 
                [
                    1431, 
                    458
                ]
            ]
        }, 
        {
            "label": "car", 
            "polygon": [
                [
                    1484, 
                    411
                ], 
                [
                    1490, 
                    404
                ], 
                [
                    1497, 
                    401
                ], 
                [
                    1557, 
                    401
                ], 
                [
                    1568, 
                    401
                ], 
                [
                    1573, 
                    404
                ], 
                [
                    1584, 
                    432
                ], 
                [
                    1586, 
                    447
                ], 
                [
                    1585, 
                    476
                ], 
                [
                    1584, 
                    502
                ], 
                [
                    1486, 
                    507
                ], 
                [
                    1464, 
                    479
                ], 
                [
                    1472, 
                    444
                ], 
                [
                    1484, 
                    416
                ]
            ]
        }, 
        {
            "label": "car", 
            "polygon": [
                [
                    1672, 
                    427
                ], 
                [
                    1682, 
                    424
                ], 
                [
                    1710, 
                    422
                ], 
                [
                    1770, 
                    424
                ], 
                [
                    1780, 
                    443
                ], 
                [
                    1778, 
                    511
                ], 
                [
                    1682, 
                    513
                ], 
                [
                    1648, 
                    486
                ], 
                [
                    1658, 
                    451
                ]
            ]
        }, 
        {
            "label": "person", 
            "polygon": [
                [
                    1855, 
                    416
                ], 
                [
                    1860, 
                    414
                ], 
                [
                    1863, 
                    413
                ], 
                [
                    1863, 
                    407
                ], 
                [
                    1864, 
                    403
                ], 
                [
                    1868, 
                    400
                ], 
                [
                    1874, 
                    399
                ], 
                [
                    1878, 
                    402
                ], 
                [
                    1877, 
                    410
                ], 
                [
                    1875, 
                    414
                ], 
                [
                    1877, 
                    423
                ], 
                [
                    1880, 
                    439
                ], 
                [
                    1880, 
                    516
                ], 
                [
                    1850, 
                    516
                ], 
                [
                    1842, 
                    477
                ], 
                [
                    1842, 
                    444
                ], 
                [
                    1846, 
                    432
                ]
            ]
        }, 
        {
            "label": "pole", 
            "polygon": [
                [
                    1877, 
                    501
                ], 
                [
                    1890, 
                    502
                ], 
                [
                    1914, 
                    1
                ], 
                [
                    1901, 
                    0
                ]
            ]
        }, 
        {
            "label": "car", 
            "polygon": [
                [
                    1783, 
                    541
                ], 
                [
                    1796, 
                    543
                ], 
                [
                    1806, 
                    537
                ], 
                [
                    1805, 
                    531
                ], 
                [
                    1838, 
                    528
                ], 
                [
                    1839, 
                    535
                ], 
                [
                    1850, 
                    538
                ], 
                [
                    1860, 
                    536
                ], 
                [
                    1862, 
                    532
                ], 
                [
                    1862, 
                    529
                ], 
                [
                    1903, 
                    529
                ], 
                [
                    1909, 
                    539
                ], 
                [
                    1911, 
                    546
                ], 
                [
                    1925, 
                    546
                ], 
                [
                    1936, 
                    544
                ], 
                [
                    1939, 
                    535
                ], 
                [
                    1939, 
                    524
                ], 
                [
                    1948, 
                    514
                ], 
                [
                    1951, 
                    480
                ], 
                [
                    1947, 
                    459
                ], 
                [
                    1912, 
                    422
                ], 
                [
                    1903, 
                    416
                ], 
                [
                    1785, 
                    416
                ], 
                [
                    1744, 
                    449
                ], 
                [
                    1732, 
                    448
                ], 
                [
                    1727, 
                    452
                ], 
                [
                    1727, 
                    458
                ], 
                [
                    1739, 
                    460
                ], 
                [
                    1722, 
                    466
                ], 
                [
                    1717, 
                    479
                ], 
                [
                    1714, 
                    505
                ], 
                [
                    1714, 
                    522
                ], 
                [
                    1718, 
                    532
                ], 
                [
                    1733, 
                    535
                ], 
                [
                    1740, 
                    534
                ], 
                [
                    1741, 
                    527
                ], 
                [
                    1771, 
                    526
                ], 
                [
                    1773, 
                    529
                ], 
                [
                    1773, 
                    536
                ]
            ]
        }, 
        {
            "label": "license plate", 
            "polygon": [
                [
                    1860, 
                    468
                ], 
                [
                    1861, 
                    480
                ], 
                [
                    1910, 
                    481
                ], 
                [
                    1910, 
                    470
                ]
            ]
        }, 
        {
            "label": "pole", 
            "polygon": [
                [
                    1607, 
                    458
                ], 
                [
                    1617, 
                    460
                ], 
                [
                    1635, 
                    5
                ], 
                [
                    1584, 
                    0
                ], 
                [
                    1549, 
                    0
                ], 
                [
                    1599, 
                    8
                ], 
                [
                    1632, 
                    9
                ]
            ]
        }, 
        {
            "label": "pole", 
            "polygon": [
                [
                    1607, 
                    458
                ], 
                [
                    1617, 
                    460
                ], 
                [
                    1635, 
                    5
                ], 
                [
                    1584, 
                    0
                ], 
                [
                    1549, 
                    0
                ], 
                [
                    1599, 
                    8
                ], 
                [
                    1632, 
                    9
                ]
            ]
        }, 
        {
            "label": "car", 
            "polygon": [
                [
                    1467, 
                    604
                ], 
                [
                    1503, 
                    606
                ], 
                [
                    1512, 
                    583
                ], 
                [
                    1522, 
                    574
                ], 
                [
                    1616, 
                    578
                ], 
                [
                    1624, 
                    593
                ], 
                [
                    1641, 
                    590
                ], 
                [
                    1647, 
                    584
                ], 
                [
                    1670, 
                    590
                ], 
                [
                    1677, 
                    612
                ], 
                [
                    1708, 
                    614
                ], 
                [
                    1716, 
                    575
                ], 
                [
                    1717, 
                    511
                ], 
                [
                    1709, 
                    491
                ], 
                [
                    1695, 
                    463
                ], 
                [
                    1672, 
                    419
                ], 
                [
                    1663, 
                    411
                ], 
                [
                    1496, 
                    409
                ], 
                [
                    1477, 
                    417
                ], 
                [
                    1459, 
                    443
                ], 
                [
                    1448, 
                    466
                ], 
                [
                    1444, 
                    467
                ], 
                [
                    1444, 
                    458
                ], 
                [
                    1424, 
                    460
                ], 
                [
                    1418, 
                    466
                ], 
                [
                    1419, 
                    472
                ], 
                [
                    1426, 
                    475
                ], 
                [
                    1441, 
                    475
                ], 
                [
                    1437, 
                    489
                ], 
                [
                    1429, 
                    497
                ], 
                [
                    1428, 
                    501
                ], 
                [
                    1428, 
                    524
                ], 
                [
                    1427, 
                    543
                ], 
                [
                    1427, 
                    564
                ], 
                [
                    1429, 
                    581
                ], 
                [
                    1437, 
                    583
                ], 
                [
                    1449, 
                    582
                ], 
                [
                    1455, 
                    580
                ], 
                [
                    1456, 
                    573
                ], 
                [
                    1458, 
                    569
                ], 
                [
                    1461, 
                    569
                ], 
                [
                    1460, 
                    578
                ], 
                [
                    1461, 
                    586
                ], 
                [
                    1460, 
                    598
                ]
            ]
        }, 
        {
            "label": "license plate", 
            "polygon": [
                [
                    1562, 
                    529
                ], 
                [
                    1562, 
                    547
                ], 
                [
                    1644, 
                    549
                ], 
                [
                    1642, 
                    531
                ]
            ]
        }, 
        {
            "label": "traffic light", 
            "polygon": [
                [
                    959, 
                    392
                ], 
                [
                    972, 
                    391
                ], 
                [
                    973, 
                    367
                ], 
                [
                    968, 
                    366
                ], 
                [
                    964, 
                    367
                ], 
                [
                    965, 
                    374
                ], 
                [
                    956, 
                    374
                ], 
                [
                    953, 
                    376
                ], 
                [
                    953, 
                    383
                ]
            ]
        }, 
        {
            "label": "traffic sign", 
            "polygon": [
                [
                    964, 
                    389
                ], 
                [
                    959, 
                    391
                ], 
                [
                    958, 
                    398
                ], 
                [
                    961, 
                    405
                ], 
                [
                    968, 
                    404
                ], 
                [
                    974, 
                    400
                ], 
                [
                    973, 
                    393
                ]
            ]
        }, 
        {
            "label": "pole", 
            "polygon": [
                [
                    1138, 
                    371
                ], 
                [
                    1136, 
                    451
                ], 
                [
                    1141, 
                    451
                ], 
                [
                    1144, 
                    369
                ]
            ]
        }, 
        {
            "label": "traffic light", 
            "polygon": [
                [
                    1150, 
                    369
                ], 
                [
                    1141, 
                    369
                ], 
                [
                    1141, 
                    400
                ], 
                [
                    1150, 
                    398
                ]
            ]
        }, 
        {
            "label": "traffic light", 
            "polygon": [
                [
                    990, 
                    361
                ], 
                [
                    1009, 
                    359
                ], 
                [
                    1009, 
                    368
                ], 
                [
                    1015, 
                    368
                ], 
                [
                    1016, 
                    371
                ], 
                [
                    1019, 
                    373
                ], 
                [
                    1019, 
                    388
                ], 
                [
                    1017, 
                    394
                ], 
                [
                    1001, 
                    393
                ], 
                [
                    995, 
                    389
                ], 
                [
                    987, 
                    388
                ], 
                [
                    985, 
                    364
                ]
            ]
        }, 
        {
            "label": "traffic light", 
            "polygon": [
                [
                    1580, 
                    284
                ], 
                [
                    1598, 
                    285
                ], 
                [
                    1596, 
                    328
                ], 
                [
                    1577, 
                    328
                ]
            ]
        }, 
        {
            "label": "traffic sign", 
            "polygon": [
                [
                    1563, 
                    338
                ], 
                [
                    1552, 
                    345
                ], 
                [
                    1562, 
                    356
                ], 
                [
                    1574, 
                    348
                ]
            ]
        }, 
        {
            "label": "traffic sign", 
            "polygon": [
                [
                    1410, 
                    395
                ], 
                [
                    1425, 
                    395
                ], 
                [
                    1425, 
                    410
                ], 
                [
                    1410, 
                    410
                ]
            ]
        }, 
        {
            "label": "traffic light", 
            "polygon": [
                [
                    1423, 
                    380
                ], 
                [
                    1442, 
                    381
                ], 
                [
                    1442, 
                    402
                ], 
                [
                    1424, 
                    402
                ]
            ]
        }, 
        {
            "label": "static", 
            "polygon": [
                [
                    1279, 
                    383
                ], 
                [
                    1291, 
                    383
                ], 
                [
                    1294, 
                    434
                ], 
                [
                    1285, 
                    434
                ], 
                [
                    1285, 
                    407
                ], 
                [
                    1278, 
                    407
                ]
            ]
        }, 
        {
            "label": "traffic light", 
            "polygon": [
                [
                    1261, 
                    412
                ], 
                [
                    1261, 
                    422
                ], 
                [
                    1266, 
                    420
                ], 
                [
                    1267, 
                    412
                ]
            ]
        }, 
        {
            "label": "traffic light", 
            "polygon": [
                [
                    1244, 
                    389
                ], 
                [
                    1238, 
                    389
                ], 
                [
                    1239, 
                    401
                ], 
                [
                    1243, 
                    401
                ]
            ]
        }, 
        {
            "label": "pole", 
            "polygon": [
                [
                    1587, 
                    307
                ], 
                [
                    1587, 
                    310
                ], 
                [
                    1617, 
                    321
                ], 
                [
                    1613, 
                    410
                ], 
                [
                    1619, 
                    410
                ], 
                [
                    1623, 
                    318
                ]
            ]
        }, 
        {
            "label": "traffic light", 
            "polygon": [
                [
                    1136, 
                    300
                ], 
                [
                    1146, 
                    300
                ], 
                [
                    1146, 
                    284
                ], 
                [
                    1153, 
                    280
                ], 
                [
                    1153, 
                    273
                ], 
                [
                    1148, 
                    270
                ], 
                [
                    1144, 
                    268
                ], 
                [
                    1135, 
                    269
                ], 
                [
                    1132, 
                    272
                ], 
                [
                    1131, 
                    277
                ], 
                [
                    1133, 
                    281
                ], 
                [
                    1136, 
                    284
                ]
            ]
        }, 
        {
            "label": "traffic light", 
            "polygon": [
                [
                    1416, 
                    268
                ], 
                [
                    1415, 
                    285
                ], 
                [
                    1426, 
                    287
                ], 
                [
                    1426, 
                    270
                ], 
                [
                    1431, 
                    268
                ], 
                [
                    1436, 
                    261
                ], 
                [
                    1434, 
                    256
                ], 
                [
                    1429, 
                    253
                ], 
                [
                    1425, 
                    252
                ], 
                [
                    1419, 
                    251
                ], 
                [
                    1414, 
                    253
                ], 
                [
                    1410, 
                    257
                ], 
                [
                    1411, 
                    261
                ]
            ]
        }, 
        {
            "label": "traffic light", 
            "polygon": [
                [
                    1559, 
                    374
                ], 
                [
                    1559, 
                    393
                ], 
                [
                    1570, 
                    393
                ], 
                [
                    1570, 
                    376
                ], 
                [
                    1576, 
                    370
                ], 
                [
                    1576, 
                    364
                ], 
                [
                    1574, 
                    359
                ], 
                [
                    1570, 
                    357
                ], 
                [
                    1561, 
                    357
                ], 
                [
                    1557, 
                    359
                ], 
                [
                    1555, 
                    364
                ], 
                [
                    1557, 
                    369
                ]
            ]
        }, 
        {
            "label": "traffic light", 
            "polygon": [
                [
                    1031, 
                    373
                ], 
                [
                    1029, 
                    388
                ], 
                [
                    1039, 
                    388
                ], 
                [
                    1040, 
                    370
                ], 
                [
                    1044, 
                    365
                ], 
                [
                    1044, 
                    358
                ], 
                [
                    1040, 
                    355
                ], 
                [
                    1029, 
                    356
                ], 
                [
                    1027, 
                    361
                ], 
                [
                    1028, 
                    366
                ], 
                [
                    1028, 
                    367
                ]
            ]
        }, 
        {
            "label": "static", 
            "polygon": [
                [
                    1105, 
                    417
                ], 
                [
                    1104, 
                    448
                ], 
                [
                    1135, 
                    448
                ], 
                [
                    1135, 
                    418
                ]
            ]
        }, 
        {
            "label": "static", 
            "polygon": [
                [
                    1215, 
                    415
                ], 
                [
                    1209, 
                    405
                ], 
                [
                    1214, 
                    404
                ], 
                [
                    1217, 
                    394
                ], 
                [
                    1224, 
                    391
                ], 
                [
                    1235, 
                    391
                ], 
                [
                    1240, 
                    407
                ], 
                [
                    1233, 
                    412
                ], 
                [
                    1229, 
                    416
                ], 
                [
                    1222, 
                    418
                ]
            ]
        }, 
        {
            "label": "person", 
            "polygon": [
                [
                    1207, 
                    424
                ], 
                [
                    1205, 
                    419
                ], 
                [
                    1202, 
                    423
                ], 
                [
                    1202, 
                    427
                ], 
                [
                    1200, 
                    431
                ], 
                [
                    1199, 
                    434
                ], 
                [
                    1202, 
                    436
                ], 
                [
                    1204, 
                    437
                ], 
                [
                    1206, 
                    434
                ], 
                [
                    1208, 
                    435
                ], 
                [
                    1210, 
                    434
                ], 
                [
                    1212, 
                    431
                ], 
                [
                    1207, 
                    428
                ]
            ]
        }, 
        {
            "label": "static", 
            "polygon": [
                [
                    1436, 
                    143
                ], 
                [
                    1439, 
                    141
                ], 
                [
                    1439, 
                    138
                ], 
                [
                    1429, 
                    136
                ], 
                [
                    1423, 
                    141
                ], 
                [
                    1428, 
                    142
                ], 
                [
                    1436, 
                    142
                ], 
                [
                    1436, 
                    143
                ]
            ]
        }, 
        {
            "label": "static", 
            "polygon": [
                [
                    1386, 
                    229
                ], 
                [
                    1386, 
                    233
                ], 
                [
                    1378, 
                    232
                ], 
                [
                    1379, 
                    229
                ], 
                [
                    1386, 
                    229
                ]
            ]
        }, 
        {
            "label": "vegetation", 
            "polygon": [
                [
                    1168, 
                    447
                ], 
                [
                    1175, 
                    441
                ], 
                [
                    1179, 
                    439
                ], 
                [
                    1185, 
                    438
                ], 
                [
                    1194, 
                    435
                ], 
                [
                    1200, 
                    434
                ], 
                [
                    1206, 
                    436
                ], 
                [
                    1209, 
                    440
                ], 
                [
                    1210, 
                    446
                ], 
                [
                    1211, 
                    454
                ], 
                [
                    1200, 
                    452
                ], 
                [
                    1196, 
                    450
                ], 
                [
                    1186, 
                    449
                ], 
                [
                    1179, 
                    448
                ]
            ]
        }, 
        {
            "label": "static", 
            "polygon": [
                [
                    1198, 
                    430
                ], 
                [
                    1198, 
                    425
                ], 
                [
                    1195, 
                    423
                ], 
                [
                    1192, 
                    423
                ], 
                [
                    1190, 
                    426
                ], 
                [
                    1191, 
                    428
                ], 
                [
                    1193, 
                    432
                ], 
                [
                    1193, 
                    434
                ], 
                [
                    1197, 
                    435
                ], 
                [
                    1197, 
                    435
                ]
            ]
        }, 
        {
            "label": "ego vehicle", 
            "polygon": [
                [
                    271, 
                    1023
                ], 
                [
                    387, 
                    1009
                ], 
                [
                    549, 
                    993
                ], 
                [
                    821, 
                    966
                ], 
                [
                    1082, 
                    950
                ], 
                [
                    1142, 
                    947
                ], 
                [
                    1112, 
                    932
                ], 
                [
                    1096, 
                    896
                ], 
                [
                    1108, 
                    861
                ], 
                [
                    1137, 
                    844
                ], 
                [
                    1175, 
                    844
                ], 
                [
                    1204, 
                    867
                ], 
                [
                    1209, 
                    897
                ], 
                [
                    1195, 
                    931
                ], 
                [
                    1161, 
                    945
                ], 
                [
                    1376, 
                    957
                ], 
                [
                    1654, 
                    977
                ], 
                [
                    1883, 
                    1002
                ], 
                [
                    2028, 
                    1023
                ]
            ]
        }, 
        {
            "label": "out of roi", 
            "polygon": [
                [
                    0, 
                    0
                ], 
                [
                    2048, 
                    0
                ], 
                [
                    2048, 
                    1024
                ], 
                [
                    0, 
                    1024
                ], 
                [
                    0, 
                    0
                ], 
                [
                    5, 
                    5
                ], 
                [
                    5, 
                    1019
                ], 
                [
                    2043, 
                    1019
                ], 
                [
                    2043, 
                    5
                ], 
                [
                    5, 
                    5
                ]
            ]
        }
    ]
}