{
    "imgHeight": 1024, 
    "imgWidth": 2048, 
    "objects": [
        {
            "label": "building", 
            "polygon": [
                [
                    0, 
                    0
                ], 
                [
                    2047, 
                    0
                ], 
                [
                    2047, 
                    693
                ], 
                [
                    0, 
                    666
                ]
            ]
        }, 
        {
            "label": "road", 
            "polygon": [
                [
                    0, 
                    480
                ], 
                [
                    411, 
                    470
                ], 
                [
                    1070, 
                    513
                ], 
                [
                    2047, 
                    550
                ], 
                [
                    2047, 
                    1023
                ], 
                [
                    0, 
                    1023
                ]
            ]
        }, 
        {
            "label": "pole", 
            "polygon": [
                [
                    1184, 
                    0
                ], 
                [
                    1180, 
                    270
                ], 
                [
                    1174, 
                    288
                ], 
                [
                    1175, 
                    417
                ], 
                [
                    1188, 
                    426
                ], 
                [
                    1188, 
                    403
                ], 
                [
                    1190, 
                    288
                ], 
                [
                    1186, 
                    276
                ], 
                [
                    1186, 
                    272
                ], 
                [
                    1188, 
                    0
                ]
            ]
        }, 
        {
            "label": "parking", 
            "polygon": [
                [
                    1628, 
                    569
                ], 
                [
                    1612, 
                    551
                ], 
                [
                    1548, 
                    535
                ], 
                [
                    206, 
                    483
                ], 
                [
                    22, 
                    486
                ], 
                [
                    0, 
                    495
                ], 
                [
                    0, 
                    543
                ], 
                [
                    257, 
                    565
                ], 
                [
                    844, 
                    573
                ], 
                [
                    1260, 
                    583
                ], 
                [
                    1596, 
                    593
                ], 
                [
                    1658, 
                    590
                ], 
                [
                    1675, 
                    585
                ], 
                [
                    1682, 
                    580
                ], 
                [
                    1620, 
                    564
                ]
            ]
        }, 
        {
            "label": "sidewalk", 
            "polygon": [
                [
                    0, 
                    978
                ], 
                [
                    110, 
                    919
                ], 
                [
                    236, 
                    851
                ], 
                [
                    344, 
                    793
                ], 
                [
                    447, 
                    736
                ], 
                [
                    511, 
                    705
                ], 
                [
                    529, 
                    683
                ], 
                [
                    523, 
                    662
                ], 
                [
                    515, 
                    648
                ], 
                [
                    362, 
                    632
                ], 
                [
                    0, 
                    610
                ]
            ]
        }, 
        {
            "label": "sidewalk", 
            "polygon": [
                [
                    0, 
                    504
                ], 
                [
                    550, 
                    532
                ], 
                [
                    613, 
                    533
                ], 
                [
                    719, 
                    538
                ], 
                [
                    1297, 
                    548
                ], 
                [
                    1610, 
                    553
                ], 
                [
                    1606, 
                    565
                ], 
                [
                    1606, 
                    568
                ], 
                [
                    1616, 
                    565
                ], 
                [
                    1649, 
                    574
                ], 
                [
                    1799, 
                    582
                ], 
                [
                    1870, 
                    582
                ], 
                [
                    2002, 
                    582
                ], 
                [
                    2013, 
                    584
                ], 
                [
                    2047, 
                    587
                ], 
                [
                    2047, 
                    497
                ], 
                [
                    2013, 
                    489
                ], 
                [
                    1994, 
                    490
                ], 
                [
                    1996, 
                    475
                ], 
                [
                    1984, 
                    505
                ], 
                [
                    1965, 
                    485
                ], 
                [
                    1965, 
                    525
                ], 
                [
                    1869, 
                    523
                ], 
                [
                    1858, 
                    478
                ], 
                [
                    1708, 
                    475
                ], 
                [
                    1625, 
                    473
                ], 
                [
                    1350, 
                    467
                ], 
                [
                    1328, 
                    477
                ], 
                [
                    1308, 
                    478
                ], 
                [
                    1296, 
                    477
                ], 
                [
                    1288, 
                    472
                ], 
                [
                    1244, 
                    473
                ], 
                [
                    629, 
                    477
                ], 
                [
                    0, 
                    490
                ]
            ]
        }, 
        {
            "label": "terrain", 
            "polygon": [
                [
                    1588, 
                    566
                ], 
                [
                    1600, 
                    540
                ], 
                [
                    1622, 
                    523
                ], 
                [
                    1721, 
                    514
                ], 
                [
                    1864, 
                    511
                ], 
                [
                    1940, 
                    516
                ], 
                [
                    2015, 
                    495
                ], 
                [
                    2047, 
                    498
                ], 
                [
                    2047, 
                    558
                ], 
                [
                    2047, 
                    599
                ], 
                [
                    2025, 
                    597
                ], 
                [
                    1983, 
                    595
                ], 
                [
                    1862, 
                    592
                ], 
                [
                    1758, 
                    586
                ], 
                [
                    1705, 
                    587
                ], 
                [
                    1650, 
                    583
                ], 
                [
                    1617, 
                    575
                ], 
                [
                    1592, 
                    571
                ]
            ]
        }, 
        {
            "label": "vegetation", 
            "polygon": [
                [
                    0, 
                    72
                ], 
                [
                    0, 
                    167
                ], 
                [
                    10, 
                    160
                ], 
                [
                    12, 
                    150
                ], 
                [
                    16, 
                    151
                ], 
                [
                    26, 
                    154
                ], 
                [
                    35, 
                    155
                ], 
                [
                    42, 
                    156
                ], 
                [
                    47, 
                    156
                ], 
                [
                    56, 
                    156
                ], 
                [
                    60, 
                    156
                ], 
                [
                    61, 
                    157
                ], 
                [
                    66, 
                    157
                ], 
                [
                    71, 
                    159
                ], 
                [
                    76, 
                    159
                ], 
                [
                    84, 
                    153
                ], 
                [
                    88, 
                    148
                ], 
                [
                    95, 
                    146
                ], 
                [
                    103, 
                    146
                ], 
                [
                    120, 
                    142
                ], 
                [
                    125, 
                    142
                ], 
                [
                    135, 
                    142
                ], 
                [
                    145, 
                    142
                ], 
                [
                    147, 
                    142
                ], 
                [
                    145, 
                    135
                ], 
                [
                    133, 
                    133
                ], 
                [
                    131, 
                    133
                ], 
                [
                    124, 
                    132
                ], 
                [
                    123, 
                    131
                ], 
                [
                    107, 
                    127
                ], 
                [
                    100, 
                    126
                ], 
                [
                    95, 
                    125
                ], 
                [
                    94, 
                    118
                ], 
                [
                    90, 
                    113
                ], 
                [
                    87, 
                    111
                ], 
                [
                    85, 
                    105
                ], 
                [
                    86, 
                    100
                ], 
                [
                    81, 
                    97
                ], 
                [
                    77, 
                    94
                ], 
                [
                    75, 
                    94
                ], 
                [
                    68, 
                    89
                ], 
                [
                    62, 
                    87
                ], 
                [
                    57, 
                    86
                ], 
                [
                    54, 
                    78
                ], 
                [
                    65, 
                    71
                ], 
                [
                    68, 
                    69
                ], 
                [
                    53, 
                    59
                ], 
                [
                    52, 
                    58
                ], 
                [
                    50, 
                    52
                ], 
                [
                    52, 
                    42
                ], 
                [
                    64, 
                    40
                ], 
                [
                    72, 
                    45
                ], 
                [
                    74, 
                    47
                ], 
                [
                    82, 
                    50
                ], 
                [
                    87, 
                    53
                ], 
                [
                    99, 
                    53
                ], 
                [
                    105, 
                    46
                ], 
                [
                    108, 
                    34
                ], 
                [
                    109, 
                    28
                ], 
                [
                    106, 
                    22
                ], 
                [
                    100, 
                    14
                ], 
                [
                    98, 
                    10
                ], 
                [
                    92, 
                    1
                ], 
                [
                    89, 
                    0
                ], 
                [
                    0, 
                    0
                ]
            ]
        }, 
        {
            "label": "car", 
            "polygon": [
                [
                    0, 
                    394
                ], 
                [
                    10, 
                    385
                ], 
                [
                    64, 
                    374
                ], 
                [
                    150, 
                    373
                ], 
                [
                    202, 
                    371
                ], 
                [
                    198, 
                    510
                ], 
                [
                    169, 
                    516
                ], 
                [
                    159, 
                    517
                ], 
                [
                    149, 
                    522
                ], 
                [
                    143, 
                    531
                ], 
                [
                    136, 
                    541
                ], 
                [
                    126, 
                    546
                ], 
                [
                    117, 
                    547
                ], 
                [
                    108, 
                    547
                ], 
                [
                    100, 
                    545
                ], 
                [
                    94, 
                    540
                ], 
                [
                    87, 
                    532
                ], 
                [
                    82, 
                    520
                ], 
                [
                    0, 
                    524
                ]
            ]
        }, 
        {
            "label": "motorcycle", 
            "polygon": [
                [
                    0, 
                    501
                ], 
                [
                    12, 
                    489
                ], 
                [
                    24, 
                    492
                ], 
                [
                    27, 
                    503
                ], 
                [
                    19, 
                    516
                ], 
                [
                    3, 
                    540
                ], 
                [
                    9, 
                    564
                ], 
                [
                    13, 
                    582
                ], 
                [
                    13, 
                    596
                ], 
                [
                    10, 
                    611
                ], 
                [
                    0, 
                    626
                ]
            ]
        }, 
        {
            "label": "car", 
            "polygon": [
                [
                    463, 
                    389
                ], 
                [
                    587, 
                    387
                ], 
                [
                    619, 
                    393
                ], 
                [
                    647, 
                    416
                ], 
                [
                    673, 
                    443
                ], 
                [
                    676, 
                    458
                ], 
                [
                    676, 
                    472
                ], 
                [
                    681, 
                    483
                ], 
                [
                    673, 
                    507
                ], 
                [
                    673, 
                    524
                ], 
                [
                    660, 
                    540
                ], 
                [
                    643, 
                    543
                ], 
                [
                    626, 
                    538
                ], 
                [
                    622, 
                    532
                ], 
                [
                    584, 
                    535
                ], 
                [
                    576, 
                    544
                ], 
                [
                    566, 
                    554
                ], 
                [
                    549, 
                    558
                ], 
                [
                    529, 
                    558
                ], 
                [
                    458, 
                    388
                ]
            ]
        }, 
        {
            "label": "bicycle", 
            "polygon": [
                [
                    1211, 
                    413
                ], 
                [
                    1219, 
                    409
                ], 
                [
                    1222, 
                    405
                ], 
                [
                    1229, 
                    409
                ], 
                [
                    1238, 
                    404
                ], 
                [
                    1238, 
                    400
                ], 
                [
                    1236, 
                    398
                ], 
                [
                    1248, 
                    389
                ], 
                [
                    1259, 
                    387
                ], 
                [
                    1260, 
                    390
                ], 
                [
                    1255, 
                    397
                ], 
                [
                    1247, 
                    404
                ], 
                [
                    1240, 
                    406
                ], 
                [
                    1246, 
                    410
                ], 
                [
                    1253, 
                    417
                ], 
                [
                    1254, 
                    431
                ], 
                [
                    1260, 
                    432
                ], 
                [
                    1259, 
                    439
                ], 
                [
                    1256, 
                    439
                ], 
                [
                    1254, 
                    447
                ], 
                [
                    1258, 
                    446
                ], 
                [
                    1264, 
                    448
                ], 
                [
                    1270, 
                    451
                ], 
                [
                    1277, 
                    455
                ], 
                [
                    1284, 
                    463
                ], 
                [
                    1291, 
                    472
                ], 
                [
                    1295, 
                    486
                ], 
                [
                    1297, 
                    497
                ], 
                [
                    1294, 
                    509
                ], 
                [
                    1289, 
                    516
                ], 
                [
                    1282, 
                    522
                ], 
                [
                    1273, 
                    524
                ], 
                [
                    1257, 
                    521
                ], 
                [
                    1243, 
                    514
                ]
            ]
        }, 
        {
            "label": "static", 
            "polygon": [
                [
                    106, 
                    0
                ], 
                [
                    103, 
                    97
                ], 
                [
                    112, 
                    103
                ], 
                [
                    255, 
                    102
                ], 
                [
                    258, 
                    96
                ], 
                [
                    258, 
                    0
                ]
            ]
        }, 
        {
            "label": "car", 
            "polygon": [
                [
                    731, 
                    495
                ], 
                [
                    734, 
                    475
                ], 
                [
                    757, 
                    466
                ], 
                [
                    824, 
                    447
                ], 
                [
                    1052, 
                    385
                ], 
                [
                    1093, 
                    383
                ], 
                [
                    1200, 
                    398
                ], 
                [
                    1229, 
                    423
                ], 
                [
                    1242, 
                    442
                ], 
                [
                    1246, 
                    477
                ], 
                [
                    1251, 
                    484
                ], 
                [
                    1248, 
                    525
                ], 
                [
                    1188, 
                    548
                ], 
                [
                    1159, 
                    552
                ], 
                [
                    1153, 
                    545
                ], 
                [
                    1148, 
                    552
                ], 
                [
                    1146, 
                    566
                ], 
                [
                    1139, 
                    576
                ], 
                [
                    1124, 
                    577
                ], 
                [
                    806, 
                    553
                ], 
                [
                    791, 
                    565
                ], 
                [
                    779, 
                    565
                ], 
                [
                    767, 
                    563
                ], 
                [
                    747, 
                    552
                ], 
                [
                    743, 
                    556
                ], 
                [
                    740, 
                    546
                ], 
                [
                    730, 
                    534
                ], 
                [
                    726, 
                    510
                ]
            ]
        }, 
        {
            "label": "pole", 
            "polygon": [
                [
                    158, 
                    0
                ], 
                [
                    182, 
                    0
                ], 
                [
                    186, 
                    737
                ], 
                [
                    164, 
                    737
                ]
            ]
        }, 
        {
            "label": "terrain", 
            "polygon": [
                [
                    1818, 
                    560
                ], 
                [
                    1805, 
                    551
                ], 
                [
                    1800, 
                    549
                ], 
                [
                    1797, 
                    548
                ], 
                [
                    1796, 
                    547
                ], 
                [
                    1788, 
                    536
                ], 
                [
                    1788, 
                    533
                ], 
                [
                    1788, 
                    531
                ], 
                [
                    1794, 
                    526
                ], 
                [
                    1796, 
                    525
                ], 
                [
                    1804, 
                    517
                ], 
                [
                    1812, 
                    517
                ], 
                [
                    1819, 
                    516
                ], 
                [
                    1820, 
                    515
                ], 
                [
                    1838, 
                    514
                ], 
                [
                    1840, 
                    514
                ], 
                [
                    1850, 
                    522
                ], 
                [
                    1855, 
                    526
                ], 
                [
                    1861, 
                    531
                ], 
                [
                    1866, 
                    534
                ], 
                [
                    1870, 
                    540
                ], 
                [
                    1870, 
                    540
                ], 
                [
                    1870, 
                    540
                ], 
                [
                    1875, 
                    544
                ], 
                [
                    1882, 
                    547
                ], 
                [
                    1898, 
                    543
                ], 
                [
                    1912, 
                    543
                ], 
                [
                    1916, 
                    541
                ], 
                [
                    1933, 
                    540
                ], 
                [
                    1938, 
                    540
                ], 
                [
                    1947, 
                    540
                ], 
                [
                    1947, 
                    541
                ], 
                [
                    1947, 
                    546
                ], 
                [
                    1978, 
                    544
                ], 
                [
                    2003, 
                    544
                ], 
                [
                    2007, 
                    544
                ], 
                [
                    2007, 
                    544
                ], 
                [
                    2047, 
                    543
                ], 
                [
                    2047, 
                    556
                ], 
                [
                    2047, 
                    563
                ], 
                [
                    2047, 
                    569
                ], 
                [
                    2047, 
                    569
                ], 
                [
                    2043, 
                    569
                ], 
                [
                    2031, 
                    569
                ], 
                [
                    2031, 
                    569
                ], 
                [
                    1982, 
                    569
                ], 
                [
                    1982, 
                    569
                ], 
                [
                    1978, 
                    566
                ], 
                [
                    1973, 
                    564
                ], 
                [
                    1960, 
                    564
                ], 
                [
                    1947, 
                    564
                ], 
                [
                    1939, 
                    568
                ], 
                [
                    1917, 
                    568
                ], 
                [
                    1915, 
                    570
                ], 
                [
                    1905, 
                    568
                ], 
                [
                    1901, 
                    566
                ], 
                [
                    1894, 
                    570
                ], 
                [
                    1893, 
                    571
                ], 
                [
                    1878, 
                    571
                ], 
                [
                    1867, 
                    566
                ], 
                [
                    1862, 
                    570
                ], 
                [
                    1860, 
                    574
                ], 
                [
                    1856, 
                    574
                ], 
                [
                    1853, 
                    573
                ], 
                [
                    1850, 
                    572
                ], 
                [
                    1848, 
                    572
                ], 
                [
                    1846, 
                    572
                ], 
                [
                    1843, 
                    572
                ], 
                [
                    1843, 
                    572
                ], 
                [
                    1838, 
                    569
                ], 
                [
                    1827, 
                    569
                ]
            ]
        }, 
        {
            "label": "vegetation", 
            "polygon": [
                [
                    1781, 
                    512
                ], 
                [
                    1783, 
                    500
                ], 
                [
                    1792, 
                    495
                ], 
                [
                    1797, 
                    488
                ], 
                [
                    1805, 
                    479
                ], 
                [
                    1811, 
                    474
                ], 
                [
                    1817, 
                    484
                ], 
                [
                    1813, 
                    495
                ], 
                [
                    1816, 
                    497
                ], 
                [
                    1823, 
                    495
                ], 
                [
                    1823, 
                    495
                ], 
                [
                    1826, 
                    488
                ], 
                [
                    1828, 
                    486
                ], 
                [
                    1829, 
                    491
                ], 
                [
                    1832, 
                    500
                ], 
                [
                    1832, 
                    500
                ], 
                [
                    1836, 
                    501
                ], 
                [
                    1840, 
                    501
                ], 
                [
                    1844, 
                    498
                ], 
                [
                    1844, 
                    498
                ], 
                [
                    1855, 
                    499
                ], 
                [
                    1855, 
                    498
                ], 
                [
                    1857, 
                    495
                ], 
                [
                    1869, 
                    501
                ], 
                [
                    1870, 
                    503
                ], 
                [
                    1876, 
                    498
                ], 
                [
                    1877, 
                    498
                ], 
                [
                    1878, 
                    460
                ], 
                [
                    1876, 
                    451
                ], 
                [
                    1868, 
                    446
                ], 
                [
                    1861, 
                    447
                ], 
                [
                    1850, 
                    453
                ], 
                [
                    1828, 
                    463
                ], 
                [
                    1819, 
                    461
                ], 
                [
                    1816, 
                    450
                ], 
                [
                    1811, 
                    435
                ], 
                [
                    1813, 
                    431
                ], 
                [
                    1814, 
                    427
                ], 
                [
                    1815, 
                    424
                ], 
                [
                    1818, 
                    415
                ], 
                [
                    1818, 
                    409
                ], 
                [
                    1826, 
                    403
                ], 
                [
                    1829, 
                    401
                ], 
                [
                    1834, 
                    398
                ], 
                [
                    1844, 
                    391
                ], 
                [
                    1849, 
                    399
                ], 
                [
                    1858, 
                    403
                ], 
                [
                    1858, 
                    403
                ], 
                [
                    1860, 
                    397
                ], 
                [
                    1862, 
                    390
                ], 
                [
                    1864, 
                    387
                ], 
                [
                    1877, 
                    387
                ], 
                [
                    1881, 
                    389
                ], 
                [
                    1884, 
                    390
                ], 
                [
                    1887, 
                    390
                ], 
                [
                    1888, 
                    405
                ], 
                [
                    1895, 
                    412
                ], 
                [
                    1899, 
                    402
                ], 
                [
                    1902, 
                    399
                ], 
                [
                    1906, 
                    399
                ], 
                [
                    1909, 
                    398
                ], 
                [
                    1922, 
                    400
                ], 
                [
                    1916, 
                    394
                ], 
                [
                    1911, 
                    406
                ], 
                [
                    1917, 
                    406
                ], 
                [
                    1922, 
                    411
                ], 
                [
                    1927, 
                    410
                ], 
                [
                    1926, 
                    419
                ], 
                [
                    1924, 
                    428
                ], 
                [
                    1922, 
                    430
                ], 
                [
                    1901, 
                    440
                ], 
                [
                    1906, 
                    444
                ], 
                [
                    1910, 
                    450
                ], 
                [
                    1899, 
                    455
                ], 
                [
                    1894, 
                    458
                ], 
                [
                    1891, 
                    461
                ], 
                [
                    1898, 
                    470
                ], 
                [
                    1895, 
                    472
                ], 
                [
                    1895, 
                    476
                ], 
                [
                    1890, 
                    481
                ], 
                [
                    1888, 
                    493
                ], 
                [
                    1888, 
                    543
                ], 
                [
                    1881, 
                    541
                ], 
                [
                    1881, 
                    505
                ], 
                [
                    1865, 
                    516
                ], 
                [
                    1860, 
                    515
                ], 
                [
                    1860, 
                    513
                ], 
                [
                    1854, 
                    510
                ], 
                [
                    1852, 
                    509
                ], 
                [
                    1845, 
                    510
                ], 
                [
                    1839, 
                    511
                ], 
                [
                    1836, 
                    511
                ], 
                [
                    1826, 
                    515
                ], 
                [
                    1825, 
                    515
                ], 
                [
                    1814, 
                    515
                ], 
                [
                    1813, 
                    515
                ], 
                [
                    1809, 
                    516
                ], 
                [
                    1799, 
                    516
                ], 
                [
                    1799, 
                    516
                ], 
                [
                    1791, 
                    516
                ], 
                [
                    1787, 
                    516
                ]
            ]
        }, 
        {
            "label": "person", 
            "polygon": [
                [
                    1531, 
                    348
                ], 
                [
                    1528, 
                    342
                ], 
                [
                    1532, 
                    338
                ], 
                [
                    1536, 
                    330
                ], 
                [
                    1545, 
                    327
                ], 
                [
                    1550, 
                    330
                ], 
                [
                    1558, 
                    339
                ], 
                [
                    1557, 
                    355
                ], 
                [
                    1561, 
                    366
                ], 
                [
                    1563, 
                    383
                ], 
                [
                    1561, 
                    410
                ], 
                [
                    1558, 
                    422
                ], 
                [
                    1558, 
                    440
                ], 
                [
                    1552, 
                    446
                ], 
                [
                    1549, 
                    447
                ], 
                [
                    1547, 
                    448
                ], 
                [
                    1551, 
                    453
                ], 
                [
                    1561, 
                    463
                ], 
                [
                    1568, 
                    473
                ], 
                [
                    1572, 
                    479
                ], 
                [
                    1577, 
                    486
                ], 
                [
                    1581, 
                    489
                ], 
                [
                    1577, 
                    495
                ], 
                [
                    1568, 
                    500
                ], 
                [
                    1556, 
                    501
                ], 
                [
                    1555, 
                    499
                ], 
                [
                    1559, 
                    499
                ], 
                [
                    1561, 
                    495
                ], 
                [
                    1560, 
                    487
                ], 
                [
                    1555, 
                    476
                ], 
                [
                    1541, 
                    463
                ], 
                [
                    1538, 
                    460
                ], 
                [
                    1536, 
                    463
                ], 
                [
                    1535, 
                    472
                ], 
                [
                    1532, 
                    486
                ], 
                [
                    1525, 
                    491
                ], 
                [
                    1522, 
                    501
                ], 
                [
                    1521, 
                    504
                ], 
                [
                    1511, 
                    507
                ], 
                [
                    1501, 
                    504
                ], 
                [
                    1498, 
                    499
                ], 
                [
                    1504, 
                    496
                ], 
                [
                    1514, 
                    487
                ], 
                [
                    1517, 
                    471
                ], 
                [
                    1519, 
                    460
                ], 
                [
                    1519, 
                    451
                ], 
                [
                    1523, 
                    439
                ], 
                [
                    1527, 
                    427
                ], 
                [
                    1519, 
                    426
                ], 
                [
                    1520, 
                    410
                ], 
                [
                    1522, 
                    375
                ], 
                [
                    1524, 
                    364
                ], 
                [
                    1528, 
                    356
                ], 
                [
                    1532, 
                    353
                ], 
                [
                    1533, 
                    352
                ]
            ]
        }, 
        {
            "label": "person", 
            "polygon": [
                [
                    1968, 
                    330
                ], 
                [
                    1972, 
                    306
                ], 
                [
                    1977, 
                    297
                ], 
                [
                    2003, 
                    294
                ], 
                [
                    2021, 
                    300
                ], 
                [
                    2032, 
                    309
                ], 
                [
                    2027, 
                    329
                ], 
                [
                    2029, 
                    338
                ], 
                [
                    2026, 
                    338
                ], 
                [
                    2025, 
                    348
                ], 
                [
                    2014, 
                    353
                ], 
                [
                    2033, 
                    366
                ], 
                [
                    2047, 
                    388
                ], 
                [
                    2047, 
                    551
                ], 
                [
                    2047, 
                    539
                ], 
                [
                    2040, 
                    534
                ], 
                [
                    2046, 
                    512
                ], 
                [
                    2046, 
                    501
                ], 
                [
                    2045, 
                    498
                ], 
                [
                    2037, 
                    498
                ], 
                [
                    2033, 
                    534
                ], 
                [
                    2023, 
                    641
                ], 
                [
                    2010, 
                    699
                ], 
                [
                    2014, 
                    708
                ], 
                [
                    2024, 
                    714
                ], 
                [
                    2027, 
                    719
                ], 
                [
                    2019, 
                    727
                ], 
                [
                    1995, 
                    730
                ], 
                [
                    1987, 
                    720
                ], 
                [
                    1986, 
                    710
                ], 
                [
                    1986, 
                    698
                ], 
                [
                    1988, 
                    682
                ], 
                [
                    1989, 
                    672
                ], 
                [
                    1989, 
                    658
                ], 
                [
                    1995, 
                    636
                ], 
                [
                    1994, 
                    574
                ], 
                [
                    1988, 
                    544
                ], 
                [
                    1979, 
                    543
                ], 
                [
                    1973, 
                    563
                ], 
                [
                    1959, 
                    600
                ], 
                [
                    1955, 
                    623
                ], 
                [
                    1956, 
                    675
                ], 
                [
                    1952, 
                    706
                ], 
                [
                    1945, 
                    716
                ], 
                [
                    1933, 
                    729
                ], 
                [
                    1914, 
                    732
                ], 
                [
                    1907, 
                    724
                ], 
                [
                    1914, 
                    711
                ], 
                [
                    1924, 
                    690
                ], 
                [
                    1922, 
                    609
                ], 
                [
                    1930, 
                    556
                ], 
                [
                    1933, 
                    503
                ], 
                [
                    1930, 
                    496
                ], 
                [
                    1922, 
                    471
                ], 
                [
                    1915, 
                    447
                ], 
                [
                    1913, 
                    401
                ], 
                [
                    1925, 
                    366
                ], 
                [
                    1956, 
                    353
                ], 
                [
                    1965, 
                    344
                ]
            ]
        }, 
        {
            "label": "person", 
            "polygon": [
                [
                    245, 
                    294
                ], 
                [
                    234, 
                    263
                ], 
                [
                    230, 
                    243
                ], 
                [
                    242, 
                    224
                ], 
                [
                    267, 
                    208
                ], 
                [
                    287, 
                    205
                ], 
                [
                    322, 
                    214
                ], 
                [
                    330, 
                    230
                ], 
                [
                    336, 
                    235
                ], 
                [
                    333, 
                    253
                ], 
                [
                    327, 
                    275
                ], 
                [
                    328, 
                    290
                ], 
                [
                    327, 
                    305
                ], 
                [
                    327, 
                    315
                ], 
                [
                    316, 
                    328
                ], 
                [
                    333, 
                    349
                ], 
                [
                    350, 
                    377
                ], 
                [
                    376, 
                    420
                ], 
                [
                    410, 
                    455
                ], 
                [
                    425, 
                    455
                ], 
                [
                    442, 
                    460
                ], 
                [
                    442, 
                    470
                ], 
                [
                    440, 
                    470
                ], 
                [
                    443, 
                    479
                ], 
                [
                    443, 
                    485
                ], 
                [
                    444, 
                    489
                ], 
                [
                    440, 
                    493
                ], 
                [
                    441, 
                    497
                ], 
                [
                    426, 
                    493
                ], 
                [
                    420, 
                    491
                ], 
                [
                    417, 
                    491
                ], 
                [
                    352, 
                    495
                ], 
                [
                    363, 
                    526
                ], 
                [
                    352, 
                    552
                ], 
                [
                    349, 
                    575
                ], 
                [
                    352, 
                    638
                ], 
                [
                    320, 
                    644
                ], 
                [
                    303, 
                    699
                ], 
                [
                    321, 
                    755
                ], 
                [
                    321, 
                    794
                ], 
                [
                    341, 
                    907
                ], 
                [
                    352, 
                    937
                ], 
                [
                    352, 
                    949
                ], 
                [
                    364, 
                    977
                ], 
                [
                    374, 
                    983
                ], 
                [
                    370, 
                    997
                ], 
                [
                    354, 
                    1002
                ], 
                [
                    308, 
                    998
                ], 
                [
                    280, 
                    992
                ], 
                [
                    276, 
                    977
                ], 
                [
                    264, 
                    912
                ], 
                [
                    254, 
                    830
                ], 
                [
                    253, 
                    808
                ], 
                [
                    227, 
                    863
                ], 
                [
                    209, 
                    913
                ], 
                [
                    212, 
                    926
                ], 
                [
                    219, 
                    936
                ], 
                [
                    235, 
                    944
                ], 
                [
                    245, 
                    952
                ], 
                [
                    229, 
                    961
                ], 
                [
                    198, 
                    964
                ], 
                [
                    183, 
                    947
                ], 
                [
                    145, 
                    925
                ], 
                [
                    138, 
                    911
                ], 
                [
                    225, 
                    724
                ], 
                [
                    216, 
                    702
                ], 
                [
                    194, 
                    676
                ], 
                [
                    178, 
                    659
                ], 
                [
                    174, 
                    668
                ], 
                [
                    160, 
                    666
                ], 
                [
                    142, 
                    648
                ], 
                [
                    138, 
                    634
                ], 
                [
                    144, 
                    622
                ], 
                [
                    148, 
                    586
                ], 
                [
                    160, 
                    509
                ], 
                [
                    168, 
                    438
                ], 
                [
                    170, 
                    398
                ], 
                [
                    192, 
                    355
                ], 
                [
                    228, 
                    318
                ], 
                [
                    240, 
                    306
                ]
            ]
        }, 
        {
            "label": "license plate", 
            "polygon": [
                [
                    1222, 
                    535
                ], 
                [
                    1226, 
                    521
                ], 
                [
                    1226, 
                    508
                ], 
                [
                    1245, 
                    502
                ], 
                [
                    1244, 
                    521
                ], 
                [
                    1234, 
                    536
                ]
            ]
        }, 
        {
            "label": "dynamic", 
            "polygon": [
                [
                    1199, 
                    510
                ], 
                [
                    1219, 
                    509
                ], 
                [
                    1227, 
                    516
                ], 
                [
                    1244, 
                    517
                ], 
                [
                    1254, 
                    537
                ], 
                [
                    1291, 
                    561
                ], 
                [
                    1322, 
                    602
                ], 
                [
                    1332, 
                    625
                ], 
                [
                    1327, 
                    627
                ], 
                [
                    1324, 
                    654
                ], 
                [
                    1321, 
                    729
                ], 
                [
                    1325, 
                    744
                ], 
                [
                    1318, 
                    758
                ], 
                [
                    1332, 
                    778
                ], 
                [
                    1331, 
                    796
                ], 
                [
                    1326, 
                    813
                ], 
                [
                    1322, 
                    827
                ], 
                [
                    1314, 
                    837
                ], 
                [
                    1300, 
                    842
                ], 
                [
                    1276, 
                    844
                ], 
                [
                    1256, 
                    833
                ], 
                [
                    1252, 
                    814
                ], 
                [
                    1253, 
                    795
                ], 
                [
                    1263, 
                    782
                ], 
                [
                    1271, 
                    766
                ], 
                [
                    1264, 
                    761
                ], 
                [
                    1171, 
                    801
                ], 
                [
                    1162, 
                    812
                ], 
                [
                    1159, 
                    826
                ], 
                [
                    1146, 
                    838
                ], 
                [
                    1123, 
                    841
                ], 
                [
                    1104, 
                    828
                ], 
                [
                    1095, 
                    805
                ], 
                [
                    1097, 
                    781
                ], 
                [
                    1109, 
                    773
                ], 
                [
                    1119, 
                    769
                ], 
                [
                    1130, 
                    753
                ], 
                [
                    1145, 
                    745
                ], 
                [
                    1161, 
                    745
                ], 
                [
                    1180, 
                    754
                ], 
                [
                    1252, 
                    730
                ], 
                [
                    1233, 
                    651
                ], 
                [
                    1223, 
                    642
                ], 
                [
                    1223, 
                    635
                ], 
                [
                    1227, 
                    630
                ], 
                [
                    1193, 
                    629
                ], 
                [
                    1193, 
                    619
                ], 
                [
                    1229, 
                    619
                ], 
                [
                    1210, 
                    531
                ], 
                [
                    1200, 
                    533
                ], 
                [
                    1192, 
                    521
                ]
            ]
        }, 
        {
            "label": "person", 
            "polygon": [
                [
                    426, 
                    280
                ], 
                [
                    422, 
                    267
                ], 
                [
                    420, 
                    248
                ], 
                [
                    432, 
                    233
                ], 
                [
                    447, 
                    229
                ], 
                [
                    501, 
                    234
                ], 
                [
                    525, 
                    241
                ], 
                [
                    534, 
                    253
                ], 
                [
                    536, 
                    257
                ], 
                [
                    513, 
                    270
                ], 
                [
                    515, 
                    284
                ], 
                [
                    522, 
                    291
                ], 
                [
                    527, 
                    295
                ], 
                [
                    526, 
                    302
                ], 
                [
                    520, 
                    303
                ], 
                [
                    517, 
                    305
                ], 
                [
                    517, 
                    310
                ], 
                [
                    516, 
                    314
                ], 
                [
                    520, 
                    320
                ], 
                [
                    520, 
                    330
                ], 
                [
                    510, 
                    334
                ], 
                [
                    503, 
                    337
                ], 
                [
                    500, 
                    339
                ], 
                [
                    498, 
                    344
                ], 
                [
                    509, 
                    356
                ], 
                [
                    520, 
                    378
                ], 
                [
                    531, 
                    430
                ], 
                [
                    540, 
                    508
                ], 
                [
                    546, 
                    553
                ], 
                [
                    538, 
                    575
                ], 
                [
                    519, 
                    590
                ], 
                [
                    511, 
                    599
                ], 
                [
                    508, 
                    617
                ], 
                [
                    505, 
                    638
                ], 
                [
                    495, 
                    655
                ], 
                [
                    493, 
                    673
                ], 
                [
                    489, 
                    691
                ], 
                [
                    484, 
                    721
                ], 
                [
                    491, 
                    758
                ], 
                [
                    489, 
                    801
                ], 
                [
                    514, 
                    856
                ], 
                [
                    531, 
                    887
                ], 
                [
                    558, 
                    898
                ], 
                [
                    576, 
                    904
                ], 
                [
                    583, 
                    913
                ], 
                [
                    572, 
                    921
                ], 
                [
                    549, 
                    932
                ], 
                [
                    504, 
                    944
                ], 
                [
                    488, 
                    942
                ], 
                [
                    473, 
                    880
                ], 
                [
                    460, 
                    843
                ], 
                [
                    458, 
                    836
                ], 
                [
                    448, 
                    858
                ], 
                [
                    442, 
                    893
                ], 
                [
                    442, 
                    898
                ], 
                [
                    461, 
                    903
                ], 
                [
                    474, 
                    912
                ], 
                [
                    480, 
                    924
                ], 
                [
                    474, 
                    928
                ], 
                [
                    464, 
                    931
                ], 
                [
                    424, 
                    935
                ], 
                [
                    389, 
                    930
                ], 
                [
                    374, 
                    924
                ], 
                [
                    373, 
                    904
                ], 
                [
                    399, 
                    773
                ], 
                [
                    399, 
                    742
                ], 
                [
                    405, 
                    710
                ], 
                [
                    369, 
                    589
                ], 
                [
                    356, 
                    538
                ], 
                [
                    337, 
                    490
                ], 
                [
                    334, 
                    451
                ], 
                [
                    344, 
                    415
                ], 
                [
                    362, 
                    346
                ], 
                [
                    385, 
                    327
                ], 
                [
                    411, 
                    315
                ], 
                [
                    425, 
                    306
                ], 
                [
                    426, 
                    291
                ]
            ]
        }, 
        {
            "label": "person", 
            "polygon": [
                [
                    1012, 
                    356
                ], 
                [
                    1040, 
                    343
                ], 
                [
                    1063, 
                    334
                ], 
                [
                    1059, 
                    325
                ], 
                [
                    1065, 
                    320
                ], 
                [
                    1069, 
                    315
                ], 
                [
                    1068, 
                    305
                ], 
                [
                    1068, 
                    300
                ], 
                [
                    1069, 
                    288
                ], 
                [
                    1073, 
                    276
                ], 
                [
                    1086, 
                    269
                ], 
                [
                    1107, 
                    266
                ], 
                [
                    1126, 
                    271
                ], 
                [
                    1142, 
                    279
                ], 
                [
                    1147, 
                    292
                ], 
                [
                    1143, 
                    306
                ], 
                [
                    1141, 
                    316
                ], 
                [
                    1146, 
                    331
                ], 
                [
                    1138, 
                    333
                ], 
                [
                    1137, 
                    344
                ], 
                [
                    1129, 
                    354
                ], 
                [
                    1116, 
                    356
                ], 
                [
                    1109, 
                    368
                ], 
                [
                    1116, 
                    394
                ], 
                [
                    1125, 
                    417
                ], 
                [
                    1134, 
                    439
                ], 
                [
                    1130, 
                    449
                ], 
                [
                    1130, 
                    460
                ], 
                [
                    1149, 
                    472
                ], 
                [
                    1167, 
                    483
                ], 
                [
                    1183, 
                    492
                ], 
                [
                    1195, 
                    502
                ], 
                [
                    1207, 
                    507
                ], 
                [
                    1200, 
                    510
                ], 
                [
                    1205, 
                    522
                ], 
                [
                    1207, 
                    526
                ], 
                [
                    1200, 
                    529
                ], 
                [
                    1198, 
                    533
                ], 
                [
                    1193, 
                    534
                ], 
                [
                    1193, 
                    539
                ], 
                [
                    1191, 
                    540
                ], 
                [
                    1183, 
                    540
                ], 
                [
                    1173, 
                    534
                ], 
                [
                    1170, 
                    522
                ], 
                [
                    1151, 
                    516
                ], 
                [
                    1139, 
                    515
                ], 
                [
                    1138, 
                    538
                ], 
                [
                    1134, 
                    571
                ], 
                [
                    1119, 
                    643
                ], 
                [
                    1096, 
                    650
                ], 
                [
                    1088, 
                    702
                ], 
                [
                    1066, 
                    782
                ], 
                [
                    1060, 
                    790
                ], 
                [
                    1077, 
                    797
                ], 
                [
                    1090, 
                    802
                ], 
                [
                    1099, 
                    810
                ], 
                [
                    1087, 
                    818
                ], 
                [
                    1050, 
                    820
                ], 
                [
                    1026, 
                    818
                ], 
                [
                    997, 
                    805
                ], 
                [
                    977, 
                    795
                ], 
                [
                    961, 
                    773
                ], 
                [
                    964, 
                    756
                ], 
                [
                    974, 
                    742
                ], 
                [
                    1000, 
                    712
                ], 
                [
                    1019, 
                    687
                ], 
                [
                    1035, 
                    656
                ], 
                [
                    953, 
                    441
                ]
            ]
        }, 
        {
            "label": "person", 
            "polygon": [
                [
                    949, 
                    270
                ], 
                [
                    964, 
                    266
                ], 
                [
                    983, 
                    271
                ], 
                [
                    1004, 
                    285
                ], 
                [
                    1015, 
                    303
                ], 
                [
                    1015, 
                    316
                ], 
                [
                    1011, 
                    330
                ], 
                [
                    1004, 
                    339
                ], 
                [
                    1023, 
                    351
                ], 
                [
                    1050, 
                    380
                ], 
                [
                    1072, 
                    490
                ], 
                [
                    1086, 
                    551
                ], 
                [
                    1087, 
                    570
                ], 
                [
                    1071, 
                    590
                ], 
                [
                    1059, 
                    607
                ], 
                [
                    1049, 
                    621
                ], 
                [
                    1035, 
                    658
                ], 
                [
                    1029, 
                    687
                ], 
                [
                    1027, 
                    695
                ], 
                [
                    1028, 
                    707
                ], 
                [
                    1034, 
                    731
                ], 
                [
                    1034, 
                    829
                ], 
                [
                    1034, 
                    852
                ], 
                [
                    1029, 
                    864
                ], 
                [
                    1021, 
                    870
                ], 
                [
                    1014, 
                    863
                ], 
                [
                    1013, 
                    861
                ], 
                [
                    993, 
                    866
                ], 
                [
                    961, 
                    861
                ], 
                [
                    915, 
                    860
                ], 
                [
                    885, 
                    852
                ], 
                [
                    886, 
                    845
                ], 
                [
                    892, 
                    844
                ], 
                [
                    913, 
                    840
                ], 
                [
                    956, 
                    780
                ], 
                [
                    982, 
                    794
                ], 
                [
                    984, 
                    765
                ], 
                [
                    975, 
                    650
                ], 
                [
                    953, 
                    676
                ], 
                [
                    959, 
                    747
                ], 
                [
                    958, 
                    784
                ], 
                [
                    919, 
                    676
                ], 
                [
                    947, 
                    411
                ], 
                [
                    928, 
                    283
                ], 
                [
                    943, 
                    273
                ], 
                [
                    953, 
                    271
                ]
            ]
        }, 
        {
            "label": "person", 
            "polygon": [
                [
                    875, 
                    339
                ], 
                [
                    869, 
                    324
                ], 
                [
                    867, 
                    308
                ], 
                [
                    861, 
                    298
                ], 
                [
                    860, 
                    289
                ], 
                [
                    865, 
                    287
                ], 
                [
                    870, 
                    283
                ], 
                [
                    867, 
                    273
                ], 
                [
                    862, 
                    265
                ], 
                [
                    863, 
                    257
                ], 
                [
                    881, 
                    245
                ], 
                [
                    900, 
                    239
                ], 
                [
                    926, 
                    237
                ], 
                [
                    946, 
                    251
                ], 
                [
                    962, 
                    266
                ], 
                [
                    970, 
                    281
                ], 
                [
                    964, 
                    297
                ], 
                [
                    955, 
                    315
                ], 
                [
                    954, 
                    327
                ], 
                [
                    949, 
                    330
                ], 
                [
                    965, 
                    353
                ], 
                [
                    988, 
                    382
                ], 
                [
                    996, 
                    392
                ], 
                [
                    992, 
                    398
                ], 
                [
                    996, 
                    416
                ], 
                [
                    996, 
                    470
                ], 
                [
                    992, 
                    510
                ], 
                [
                    980, 
                    642
                ], 
                [
                    954, 
                    680
                ], 
                [
                    967, 
                    819
                ], 
                [
                    972, 
                    891
                ], 
                [
                    965, 
                    904
                ], 
                [
                    951, 
                    909
                ], 
                [
                    904, 
                    905
                ], 
                [
                    885, 
                    898
                ], 
                [
                    883, 
                    887
                ], 
                [
                    891, 
                    886
                ], 
                [
                    911, 
                    877
                ], 
                [
                    918, 
                    874
                ], 
                [
                    919, 
                    821
                ], 
                [
                    866, 
                    825
                ], 
                [
                    866, 
                    851
                ], 
                [
                    866, 
                    874
                ], 
                [
                    861, 
                    886
                ], 
                [
                    854, 
                    887
                ], 
                [
                    821, 
                    889
                ], 
                [
                    796, 
                    888
                ], 
                [
                    780, 
                    879
                ], 
                [
                    780, 
                    874
                ], 
                [
                    787, 
                    869
                ], 
                [
                    808, 
                    864
                ], 
                [
                    819, 
                    852
                ], 
                [
                    821, 
                    816
                ], 
                [
                    805, 
                    688
                ], 
                [
                    810, 
                    641
                ], 
                [
                    803, 
                    636
                ], 
                [
                    810, 
                    626
                ], 
                [
                    816, 
                    620
                ], 
                [
                    802, 
                    610
                ], 
                [
                    779, 
                    598
                ], 
                [
                    779, 
                    586
                ], 
                [
                    802, 
                    534
                ], 
                [
                    809, 
                    532
                ], 
                [
                    825, 
                    533
                ], 
                [
                    829, 
                    523
                ], 
                [
                    832, 
                    508
                ], 
                [
                    836, 
                    468
                ], 
                [
                    837, 
                    435
                ], 
                [
                    852, 
                    402
                ], 
                [
                    860, 
                    382
                ], 
                [
                    852, 
                    376
                ], 
                [
                    846, 
                    369
                ], 
                [
                    864, 
                    352
                ]
            ]
        }, 
        {
            "label": "vegetation", 
            "polygon": [
                [
                    1638, 
                    529
                ], 
                [
                    1639, 
                    519
                ], 
                [
                    1642, 
                    509
                ], 
                [
                    1644, 
                    505
                ], 
                [
                    1646, 
                    505
                ], 
                [
                    1649, 
                    500
                ], 
                [
                    1650, 
                    496
                ], 
                [
                    1656, 
                    495
                ], 
                [
                    1661, 
                    492
                ], 
                [
                    1666, 
                    492
                ], 
                [
                    1674, 
                    496
                ], 
                [
                    1678, 
                    503
                ], 
                [
                    1685, 
                    505
                ], 
                [
                    1692, 
                    505
                ], 
                [
                    1692, 
                    498
                ], 
                [
                    1697, 
                    495
                ], 
                [
                    1708, 
                    500
                ], 
                [
                    1712, 
                    503
                ], 
                [
                    1718, 
                    507
                ], 
                [
                    1718, 
                    498
                ], 
                [
                    1718, 
                    492
                ], 
                [
                    1718, 
                    489
                ], 
                [
                    1720, 
                    481
                ], 
                [
                    1724, 
                    477
                ], 
                [
                    1726, 
                    476
                ], 
                [
                    1731, 
                    478
                ], 
                [
                    1732, 
                    483
                ], 
                [
                    1734, 
                    485
                ], 
                [
                    1739, 
                    475
                ], 
                [
                    1743, 
                    474
                ], 
                [
                    1750, 
                    477
                ], 
                [
                    1754, 
                    485
                ], 
                [
                    1755, 
                    493
                ], 
                [
                    1757, 
                    505
                ], 
                [
                    1765, 
                    509
                ], 
                [
                    1768, 
                    510
                ], 
                [
                    1772, 
                    512
                ], 
                [
                    1772, 
                    512
                ], 
                [
                    1764, 
                    519
                ], 
                [
                    1759, 
                    524
                ], 
                [
                    1748, 
                    524
                ], 
                [
                    1745, 
                    524
                ], 
                [
                    1739, 
                    524
                ], 
                [
                    1733, 
                    524
                ], 
                [
                    1730, 
                    523
                ], 
                [
                    1730, 
                    521
                ], 
                [
                    1728, 
                    519
                ], 
                [
                    1718, 
                    516
                ], 
                [
                    1704, 
                    516
                ], 
                [
                    1683, 
                    526
                ], 
                [
                    1663, 
                    533
                ], 
                [
                    1655, 
                    536
                ], 
                [
                    1648, 
                    537
                ], 
                [
                    1645, 
                    537
                ]
            ]
        }, 
        {
            "label": "static", 
            "polygon": [
                [
                    1638, 
                    549
                ], 
                [
                    1672, 
                    525
                ], 
                [
                    1687, 
                    513
                ], 
                [
                    1691, 
                    515
                ], 
                [
                    1705, 
                    510
                ], 
                [
                    1723, 
                    512
                ], 
                [
                    1738, 
                    541
                ], 
                [
                    1745, 
                    554
                ], 
                [
                    1736, 
                    562
                ], 
                [
                    1724, 
                    571
                ], 
                [
                    1712, 
                    574
                ], 
                [
                    1703, 
                    576
                ], 
                [
                    1694, 
                    572
                ], 
                [
                    1694, 
                    572
                ], 
                [
                    1689, 
                    572
                ], 
                [
                    1683, 
                    574
                ], 
                [
                    1681, 
                    574
                ], 
                [
                    1672, 
                    574
                ], 
                [
                    1671, 
                    574
                ], 
                [
                    1662, 
                    573
                ], 
                [
                    1658, 
                    569
                ], 
                [
                    1651, 
                    569
                ], 
                [
                    1646, 
                    569
                ], 
                [
                    1642, 
                    566
                ], 
                [
                    1634, 
                    564
                ], 
                [
                    1634, 
                    564
                ], 
                [
                    1631, 
                    560
                ]
            ]
        }, 
        {
            "label": "license plate", 
            "polygon": [
                [
                    626, 
                    478
                ], 
                [
                    624, 
                    461
                ], 
                [
                    658, 
                    458
                ], 
                [
                    661, 
                    459
                ], 
                [
                    661, 
                    474
                ]
            ]
        }, 
        {
            "label": "ego vehicle", 
            "polygon": [
                [
                    271, 
                    1023
                ], 
                [
                    387, 
                    1009
                ], 
                [
                    549, 
                    993
                ], 
                [
                    821, 
                    966
                ], 
                [
                    1082, 
                    950
                ], 
                [
                    1142, 
                    947
                ], 
                [
                    1112, 
                    932
                ], 
                [
                    1096, 
                    896
                ], 
                [
                    1108, 
                    861
                ], 
                [
                    1137, 
                    844
                ], 
                [
                    1175, 
                    844
                ], 
                [
                    1204, 
                    867
                ], 
                [
                    1209, 
                    897
                ], 
                [
                    1195, 
                    931
                ], 
                [
                    1161, 
                    945
                ], 
                [
                    1376, 
                    957
                ], 
                [
                    1654, 
                    977
                ], 
                [
                    1883, 
                    1002
                ], 
                [
                    2028, 
                    1023
                ]
            ]
        }, 
        {
            "label": "out of roi", 
            "polygon": [
                [
                    0, 
                    0
                ], 
                [
                    2048, 
                    0
                ], 
                [
                    2048, 
                    1024
                ], 
                [
                    0, 
                    1024
                ], 
                [
                    0, 
                    0
                ], 
                [
                    5, 
                    5
                ], 
                [
                    5, 
                    1019
                ], 
                [
                    2043, 
                    1019
                ], 
                [
                    2043, 
                    5
                ], 
                [
                    5, 
                    5
                ]
            ]
        }
    ]
}