{
    "imgHeight": 1024, 
    "imgWidth": 2048, 
    "objects": [
        {
            "label": "sky", 
            "polygon": [
                [
                    1057, 
                    0
                ], 
                [
                    1377, 
                    225
                ], 
                [
                    2004, 
                    204
                ], 
                [
                    2047, 
                    0
                ]
            ]
        }, 
        {
            "label": "road", 
            "polygon": [
                [
                    0, 
                    842
                ], 
                [
                    0, 
                    740
                ], 
                [
                    0, 
                    639
                ], 
                [
                    0, 
                    500
                ], 
                [
                    422, 
                    501
                ], 
                [
                    654, 
                    493
                ], 
                [
                    903, 
                    477
                ], 
                [
                    1127, 
                    446
                ], 
                [
                    1406, 
                    406
                ], 
                [
                    1548, 
                    415
                ], 
                [
                    1421, 
                    553
                ], 
                [
                    1750, 
                    568
                ], 
                [
                    2047, 
                    593
                ], 
                [
                    2047, 
                    1023
                ], 
                [
                    0, 
                    1023
                ], 
                [
                    0, 
                    916
                ]
            ]
        }, 
        {
            "label": "building", 
            "polygon": [
                [
                    0, 
                    0
                ], 
                [
                    332, 
                    0
                ], 
                [
                    463, 
                    0
                ], 
                [
                    1228, 
                    0
                ], 
                [
                    1235, 
                    7
                ], 
                [
                    1235, 
                    8
                ], 
                [
                    1229, 
                    8
                ], 
                [
                    1229, 
                    11
                ], 
                [
                    1236, 
                    31
                ], 
                [
                    1249, 
                    31
                ], 
                [
                    1257, 
                    31
                ], 
                [
                    1263, 
                    32
                ], 
                [
                    1266, 
                    35
                ], 
                [
                    1270, 
                    42
                ], 
                [
                    1273, 
                    51
                ], 
                [
                    1275, 
                    59
                ], 
                [
                    1275, 
                    70
                ], 
                [
                    1275, 
                    74
                ], 
                [
                    1276, 
                    78
                ], 
                [
                    1279, 
                    82
                ], 
                [
                    1281, 
                    80
                ], 
                [
                    1281, 
                    73
                ], 
                [
                    1292, 
                    72
                ], 
                [
                    1296, 
                    68
                ], 
                [
                    1294, 
                    64
                ], 
                [
                    1294, 
                    61
                ], 
                [
                    1294, 
                    58
                ], 
                [
                    1300, 
                    53
                ], 
                [
                    1300, 
                    47
                ], 
                [
                    1303, 
                    45
                ], 
                [
                    1309, 
                    46
                ], 
                [
                    1314, 
                    47
                ], 
                [
                    1314, 
                    53
                ], 
                [
                    1330, 
                    61
                ], 
                [
                    1341, 
                    62
                ], 
                [
                    1342, 
                    68
                ], 
                [
                    1355, 
                    74
                ], 
                [
                    1356, 
                    74
                ], 
                [
                    1357, 
                    0
                ], 
                [
                    1367, 
                    0
                ], 
                [
                    1367, 
                    15
                ], 
                [
                    1367, 
                    80
                ], 
                [
                    1409, 
                    77
                ], 
                [
                    1409, 
                    83
                ], 
                [
                    1418, 
                    89
                ], 
                [
                    1458, 
                    87
                ], 
                [
                    1495, 
                    86
                ], 
                [
                    1517, 
                    107
                ], 
                [
                    1521, 
                    106
                ], 
                [
                    1522, 
                    0
                ], 
                [
                    2047, 
                    0
                ], 
                [
                    2047, 
                    552
                ], 
                [
                    1623, 
                    566
                ], 
                [
                    1489, 
                    449
                ], 
                [
                    1482, 
                    401
                ], 
                [
                    1319, 
                    431
                ], 
                [
                    1047, 
                    462
                ], 
                [
                    775, 
                    485
                ], 
                [
                    295, 
                    507
                ], 
                [
                    0, 
                    505
                ]
            ]
        }, 
        {
            "label": "sidewalk", 
            "polygon": [
                [
                    256, 
                    523
                ], 
                [
                    309, 
                    521
                ], 
                [
                    410, 
                    516
                ], 
                [
                    492, 
                    512
                ], 
                [
                    696, 
                    501
                ], 
                [
                    771, 
                    497
                ], 
                [
                    827, 
                    493
                ], 
                [
                    951, 
                    485
                ], 
                [
                    1041, 
                    476
                ], 
                [
                    1143, 
                    464
                ], 
                [
                    1194, 
                    456
                ], 
                [
                    1322, 
                    436
                ], 
                [
                    1294, 
                    420
                ], 
                [
                    1175, 
                    437
                ], 
                [
                    1109, 
                    446
                ], 
                [
                    966, 
                    466
                ], 
                [
                    851, 
                    476
                ], 
                [
                    751, 
                    481
                ], 
                [
                    574, 
                    490
                ], 
                [
                    470, 
                    491
                ], 
                [
                    351, 
                    497
                ], 
                [
                    211, 
                    492
                ], 
                [
                    131, 
                    493
                ], 
                [
                    146, 
                    550
                ]
            ]
        }, 
        {
            "label": "sidewalk", 
            "polygon": [
                [
                    1454, 
                    412
                ], 
                [
                    1409, 
                    426
                ], 
                [
                    1374, 
                    423
                ], 
                [
                    1367, 
                    419
                ], 
                [
                    1378, 
                    415
                ], 
                [
                    1406, 
                    410
                ], 
                [
                    1437, 
                    404
                ], 
                [
                    1458, 
                    401
                ], 
                [
                    1475, 
                    406
                ]
            ]
        }, 
        {
            "label": "person", 
            "polygon": [
                [
                    1415, 
                    417
                ], 
                [
                    1416, 
                    411
                ], 
                [
                    1418, 
                    407
                ], 
                [
                    1419, 
                    405
                ], 
                [
                    1419, 
                    404
                ], 
                [
                    1417, 
                    402
                ], 
                [
                    1418, 
                    397
                ], 
                [
                    1419, 
                    392
                ], 
                [
                    1423, 
                    389
                ], 
                [
                    1426, 
                    389
                ], 
                [
                    1430, 
                    392
                ], 
                [
                    1431, 
                    394
                ], 
                [
                    1434, 
                    394
                ], 
                [
                    1436, 
                    397
                ], 
                [
                    1437, 
                    402
                ], 
                [
                    1435, 
                    405
                ], 
                [
                    1430, 
                    405
                ], 
                [
                    1431, 
                    412
                ], 
                [
                    1430, 
                    417
                ], 
                [
                    1428, 
                    418
                ], 
                [
                    1426, 
                    417
                ], 
                [
                    1426, 
                    413
                ], 
                [
                    1426, 
                    411
                ], 
                [
                    1422, 
                    412
                ], 
                [
                    1421, 
                    415
                ], 
                [
                    1419, 
                    418
                ]
            ]
        }, 
        {
            "label": "sidewalk", 
            "polygon": [
                [
                    1744, 
                    597
                ], 
                [
                    1645, 
                    588
                ], 
                [
                    1573, 
                    584
                ], 
                [
                    1501, 
                    582
                ], 
                [
                    1388, 
                    575
                ], 
                [
                    1372, 
                    572
                ], 
                [
                    1339, 
                    569
                ], 
                [
                    1303, 
                    564
                ], 
                [
                    1288, 
                    561
                ], 
                [
                    1284, 
                    557
                ], 
                [
                    1290, 
                    553
                ], 
                [
                    1306, 
                    551
                ], 
                [
                    1338, 
                    547
                ], 
                [
                    1350, 
                    543
                ], 
                [
                    1377, 
                    534
                ], 
                [
                    1633, 
                    554
                ], 
                [
                    1718, 
                    556
                ]
            ]
        }, 
        {
            "label": "vegetation", 
            "polygon": [
                [
                    1435, 
                    366
                ], 
                [
                    1430, 
                    356
                ], 
                [
                    1433, 
                    419
                ], 
                [
                    1424, 
                    418
                ], 
                [
                    1424, 
                    354
                ], 
                [
                    1407, 
                    349
                ], 
                [
                    1397, 
                    330
                ], 
                [
                    1397, 
                    318
                ], 
                [
                    1395, 
                    307
                ], 
                [
                    1404, 
                    314
                ], 
                [
                    1404, 
                    301
                ], 
                [
                    1412, 
                    306
                ], 
                [
                    1411, 
                    289
                ], 
                [
                    1407, 
                    282
                ], 
                [
                    1405, 
                    273
                ], 
                [
                    1415, 
                    273
                ], 
                [
                    1414, 
                    268
                ], 
                [
                    1421, 
                    271
                ], 
                [
                    1419, 
                    257
                ], 
                [
                    1427, 
                    263
                ], 
                [
                    1423, 
                    249
                ], 
                [
                    1427, 
                    239
                ], 
                [
                    1437, 
                    245
                ], 
                [
                    1443, 
                    233
                ], 
                [
                    1446, 
                    225
                ], 
                [
                    1449, 
                    219
                ], 
                [
                    1454, 
                    210
                ], 
                [
                    1462, 
                    211
                ], 
                [
                    1470, 
                    217
                ], 
                [
                    1476, 
                    217
                ], 
                [
                    1482, 
                    225
                ], 
                [
                    1485, 
                    225
                ], 
                [
                    1492, 
                    227
                ], 
                [
                    1500, 
                    229
                ], 
                [
                    1507, 
                    231
                ], 
                [
                    1519, 
                    230
                ], 
                [
                    1515, 
                    358
                ]
            ]
        }, 
        {
            "label": "person", 
            "polygon": [
                [
                    1361, 
                    423
                ], 
                [
                    1355, 
                    419
                ], 
                [
                    1354, 
                    411
                ], 
                [
                    1352, 
                    405
                ], 
                [
                    1354, 
                    397
                ], 
                [
                    1353, 
                    394
                ], 
                [
                    1353, 
                    391
                ], 
                [
                    1355, 
                    389
                ], 
                [
                    1358, 
                    387
                ], 
                [
                    1361, 
                    390
                ], 
                [
                    1363, 
                    392
                ], 
                [
                    1365, 
                    395
                ], 
                [
                    1366, 
                    415
                ]
            ]
        }, 
        {
            "label": "person", 
            "polygon": [
                [
                    1383, 
                    423
                ], 
                [
                    1383, 
                    415
                ], 
                [
                    1383, 
                    409
                ], 
                [
                    1381, 
                    403
                ], 
                [
                    1382, 
                    399
                ], 
                [
                    1385, 
                    395
                ], 
                [
                    1385, 
                    393
                ], 
                [
                    1385, 
                    391
                ], 
                [
                    1387, 
                    389
                ], 
                [
                    1389, 
                    389
                ], 
                [
                    1391, 
                    391
                ], 
                [
                    1391, 
                    393
                ], 
                [
                    1391, 
                    394
                ], 
                [
                    1393, 
                    397
                ], 
                [
                    1395, 
                    399
                ], 
                [
                    1395, 
                    405
                ], 
                [
                    1394, 
                    407
                ], 
                [
                    1392, 
                    410
                ], 
                [
                    1393, 
                    412
                ], 
                [
                    1394, 
                    416
                ], 
                [
                    1395, 
                    422
                ], 
                [
                    1392, 
                    423
                ], 
                [
                    1390, 
                    414
                ], 
                [
                    1388, 
                    414
                ], 
                [
                    1388, 
                    422
                ]
            ]
        }, 
        {
            "label": "person", 
            "polygon": [
                [
                    1156, 
                    443
                ], 
                [
                    1157, 
                    441
                ], 
                [
                    1158, 
                    438
                ], 
                [
                    1158, 
                    431
                ], 
                [
                    1157, 
                    424
                ], 
                [
                    1155, 
                    423
                ], 
                [
                    1151, 
                    422
                ], 
                [
                    1155, 
                    418
                ], 
                [
                    1156, 
                    414
                ], 
                [
                    1157, 
                    411
                ], 
                [
                    1157, 
                    405
                ], 
                [
                    1159, 
                    403
                ], 
                [
                    1161, 
                    403
                ], 
                [
                    1163, 
                    404
                ], 
                [
                    1165, 
                    406
                ], 
                [
                    1165, 
                    410
                ], 
                [
                    1166, 
                    411
                ], 
                [
                    1170, 
                    413
                ], 
                [
                    1168, 
                    429
                ], 
                [
                    1168, 
                    434
                ], 
                [
                    1167, 
                    440
                ], 
                [
                    1168, 
                    443
                ], 
                [
                    1165, 
                    444
                ], 
                [
                    1160, 
                    446
                ], 
                [
                    1157, 
                    446
                ], 
                [
                    1155, 
                    446
                ]
            ]
        }, 
        {
            "label": "person", 
            "polygon": [
                [
                    1163, 
                    424
                ], 
                [
                    1163, 
                    418
                ], 
                [
                    1163, 
                    414
                ], 
                [
                    1166, 
                    411
                ], 
                [
                    1168, 
                    409
                ], 
                [
                    1169, 
                    407
                ], 
                [
                    1169, 
                    405
                ], 
                [
                    1169, 
                    403
                ], 
                [
                    1171, 
                    401
                ], 
                [
                    1174, 
                    401
                ], 
                [
                    1175, 
                    404
                ], 
                [
                    1177, 
                    407
                ], 
                [
                    1180, 
                    410
                ], 
                [
                    1181, 
                    413
                ], 
                [
                    1181, 
                    422
                ], 
                [
                    1181, 
                    426
                ], 
                [
                    1179, 
                    428
                ], 
                [
                    1179, 
                    431
                ], 
                [
                    1179, 
                    438
                ], 
                [
                    1179, 
                    443
                ], 
                [
                    1178, 
                    448
                ], 
                [
                    1173, 
                    448
                ], 
                [
                    1171, 
                    446
                ], 
                [
                    1172, 
                    442
                ], 
                [
                    1172, 
                    438
                ], 
                [
                    1171, 
                    436
                ], 
                [
                    1169, 
                    434
                ], 
                [
                    1168, 
                    429
                ], 
                [
                    1166, 
                    428
                ]
            ]
        }, 
        {
            "label": "traffic light", 
            "polygon": [
                [
                    1306, 
                    385
                ], 
                [
                    1302, 
                    380
                ], 
                [
                    1302, 
                    376
                ], 
                [
                    1304, 
                    370
                ], 
                [
                    1307, 
                    366
                ], 
                [
                    1315, 
                    366
                ], 
                [
                    1318, 
                    390
                ], 
                [
                    1308, 
                    392
                ]
            ]
        }, 
        {
            "label": "person", 
            "polygon": [
                [
                    808, 
                    486
                ], 
                [
                    806, 
                    480
                ], 
                [
                    813, 
                    477
                ], 
                [
                    815, 
                    460
                ], 
                [
                    813, 
                    452
                ], 
                [
                    809, 
                    447
                ], 
                [
                    813, 
                    439
                ], 
                [
                    818, 
                    431
                ], 
                [
                    818, 
                    425
                ], 
                [
                    822, 
                    422
                ], 
                [
                    826, 
                    423
                ], 
                [
                    828, 
                    426
                ], 
                [
                    827, 
                    432
                ], 
                [
                    832, 
                    437
                ], 
                [
                    833, 
                    443
                ], 
                [
                    831, 
                    456
                ], 
                [
                    832, 
                    470
                ], 
                [
                    831, 
                    485
                ], 
                [
                    829, 
                    488
                ], 
                [
                    826, 
                    487
                ], 
                [
                    828, 
                    463
                ], 
                [
                    822, 
                    460
                ], 
                [
                    818, 
                    489
                ]
            ]
        }, 
        {
            "label": "person", 
            "polygon": [
                [
                    743, 
                    484
                ], 
                [
                    744, 
                    477
                ], 
                [
                    744, 
                    472
                ], 
                [
                    741, 
                    467
                ], 
                [
                    736, 
                    464
                ], 
                [
                    742, 
                    454
                ], 
                [
                    739, 
                    451
                ], 
                [
                    737, 
                    447
                ], 
                [
                    739, 
                    440
                ], 
                [
                    744, 
                    435
                ], 
                [
                    745, 
                    430
                ], 
                [
                    747, 
                    426
                ], 
                [
                    752, 
                    425
                ], 
                [
                    756, 
                    428
                ], 
                [
                    756, 
                    434
                ], 
                [
                    752, 
                    437
                ], 
                [
                    757, 
                    439
                ], 
                [
                    758, 
                    446
                ], 
                [
                    760, 
                    453
                ], 
                [
                    765, 
                    460
                ], 
                [
                    759, 
                    462
                ], 
                [
                    757, 
                    456
                ], 
                [
                    754, 
                    464
                ], 
                [
                    755, 
                    467
                ], 
                [
                    754, 
                    471
                ], 
                [
                    753, 
                    475
                ], 
                [
                    757, 
                    476
                ], 
                [
                    751, 
                    486
                ]
            ]
        }, 
        {
            "label": "person", 
            "polygon": [
                [
                    642, 
                    492
                ], 
                [
                    642, 
                    486
                ], 
                [
                    643, 
                    476
                ], 
                [
                    642, 
                    467
                ], 
                [
                    642, 
                    458
                ], 
                [
                    635, 
                    452
                ], 
                [
                    641, 
                    419
                ], 
                [
                    643, 
                    417
                ], 
                [
                    647, 
                    416
                ], 
                [
                    651, 
                    416
                ], 
                [
                    654, 
                    418
                ], 
                [
                    654, 
                    424
                ], 
                [
                    651, 
                    428
                ], 
                [
                    650, 
                    438
                ], 
                [
                    651, 
                    442
                ], 
                [
                    657, 
                    447
                ], 
                [
                    657, 
                    450
                ], 
                [
                    667, 
                    453
                ], 
                [
                    671, 
                    491
                ], 
                [
                    662, 
                    493
                ], 
                [
                    655, 
                    491
                ], 
                [
                    650, 
                    489
                ], 
                [
                    649, 
                    492
                ]
            ]
        }, 
        {
            "label": "static", 
            "polygon": [
                [
                    633, 
                    492
                ], 
                [
                    633, 
                    454
                ], 
                [
                    625, 
                    454
                ], 
                [
                    624, 
                    418
                ], 
                [
                    649, 
                    417
                ], 
                [
                    653, 
                    453
                ], 
                [
                    638, 
                    453
                ], 
                [
                    639, 
                    493
                ]
            ]
        }, 
        {
            "label": "pole", 
            "polygon": [
                [
                    1361, 
                    548
                ], 
                [
                    1357, 
                    464
                ], 
                [
                    1357, 
                    281
                ], 
                [
                    1357, 
                    0
                ], 
                [
                    1366, 
                    0
                ], 
                [
                    1366, 
                    110
                ], 
                [
                    1368, 
                    292
                ], 
                [
                    1372, 
                    464
                ], 
                [
                    1375, 
                    532
                ], 
                [
                    1380, 
                    550
                ], 
                [
                    1368, 
                    561
                ]
            ]
        }, 
        {
            "label": "pole", 
            "polygon": [
                [
                    1733, 
                    466
                ], 
                [
                    1735, 
                    316
                ], 
                [
                    1747, 
                    317
                ], 
                [
                    1750, 
                    468
                ]
            ]
        }, 
        {
            "label": "bicycle", 
            "polygon": [
                [
                    1718, 
                    481
                ], 
                [
                    1700, 
                    478
                ], 
                [
                    1693, 
                    478
                ], 
                [
                    1681, 
                    478
                ], 
                [
                    1681, 
                    471
                ], 
                [
                    1690, 
                    467
                ], 
                [
                    1695, 
                    467
                ], 
                [
                    1690, 
                    463
                ], 
                [
                    1687, 
                    461
                ], 
                [
                    1678, 
                    462
                ], 
                [
                    1672, 
                    471
                ], 
                [
                    1675, 
                    481
                ], 
                [
                    1682, 
                    486
                ], 
                [
                    1691, 
                    487
                ], 
                [
                    1698, 
                    489
                ], 
                [
                    1687, 
                    503
                ], 
                [
                    1681, 
                    507
                ], 
                [
                    1681, 
                    510
                ], 
                [
                    1682, 
                    514
                ], 
                [
                    1670, 
                    522
                ], 
                [
                    1661, 
                    531
                ], 
                [
                    1655, 
                    547
                ], 
                [
                    1650, 
                    564
                ], 
                [
                    1651, 
                    578
                ], 
                [
                    1660, 
                    582
                ], 
                [
                    1670, 
                    574
                ], 
                [
                    1680, 
                    560
                ], 
                [
                    1689, 
                    547
                ], 
                [
                    1692, 
                    536
                ], 
                [
                    1720, 
                    524
                ]
            ]
        }, 
        {
            "label": "car", 
            "polygon": [
                [
                    2047, 
                    440
                ], 
                [
                    2012, 
                    426
                ], 
                [
                    1989, 
                    424
                ], 
                [
                    1937, 
                    418
                ], 
                [
                    1886, 
                    420
                ], 
                [
                    1827, 
                    419
                ], 
                [
                    1763, 
                    428
                ], 
                [
                    1740, 
                    435
                ], 
                [
                    1723, 
                    456
                ], 
                [
                    1709, 
                    478
                ], 
                [
                    1703, 
                    490
                ], 
                [
                    1702, 
                    531
                ], 
                [
                    1692, 
                    536
                ], 
                [
                    1690, 
                    553
                ], 
                [
                    1696, 
                    569
                ], 
                [
                    1700, 
                    578
                ], 
                [
                    1706, 
                    581
                ], 
                [
                    1708, 
                    595
                ], 
                [
                    1715, 
                    606
                ], 
                [
                    1724, 
                    613
                ], 
                [
                    1745, 
                    619
                ], 
                [
                    1755, 
                    618
                ], 
                [
                    1764, 
                    612
                ], 
                [
                    1769, 
                    608
                ], 
                [
                    1778, 
                    598
                ], 
                [
                    1843, 
                    598
                ], 
                [
                    1846, 
                    607
                ], 
                [
                    1856, 
                    619
                ], 
                [
                    1867, 
                    627
                ], 
                [
                    1882, 
                    629
                ], 
                [
                    1900, 
                    627
                ], 
                [
                    1916, 
                    620
                ], 
                [
                    1922, 
                    612
                ], 
                [
                    1923, 
                    602
                ], 
                [
                    1967, 
                    606
                ], 
                [
                    1986, 
                    619
                ], 
                [
                    2004, 
                    625
                ], 
                [
                    2037, 
                    630
                ], 
                [
                    2047, 
                    625
                ]
            ]
        }, 
        {
            "label": "car", 
            "polygon": [
                [
                    0, 
                    330
                ], 
                [
                    54, 
                    324
                ], 
                [
                    101, 
                    324
                ], 
                [
                    158, 
                    328
                ], 
                [
                    205, 
                    331
                ], 
                [
                    218, 
                    333
                ], 
                [
                    227, 
                    338
                ], 
                [
                    236, 
                    353
                ], 
                [
                    241, 
                    379
                ], 
                [
                    244, 
                    389
                ], 
                [
                    248, 
                    389
                ], 
                [
                    249, 
                    402
                ], 
                [
                    245, 
                    403
                ], 
                [
                    255, 
                    427
                ], 
                [
                    256, 
                    467
                ], 
                [
                    258, 
                    495
                ], 
                [
                    259, 
                    527
                ], 
                [
                    253, 
                    547
                ], 
                [
                    247, 
                    564
                ], 
                [
                    223, 
                    566
                ], 
                [
                    223, 
                    580
                ], 
                [
                    216, 
                    600
                ], 
                [
                    198, 
                    612
                ], 
                [
                    188, 
                    612
                ], 
                [
                    163, 
                    610
                ], 
                [
                    159, 
                    606
                ], 
                [
                    151, 
                    592
                ], 
                [
                    134, 
                    592
                ], 
                [
                    112, 
                    592
                ], 
                [
                    99, 
                    587
                ], 
                [
                    77, 
                    581
                ], 
                [
                    65, 
                    578
                ], 
                [
                    45, 
                    588
                ], 
                [
                    31, 
                    589
                ], 
                [
                    17, 
                    590
                ], 
                [
                    17, 
                    598
                ], 
                [
                    14, 
                    605
                ], 
                [
                    0, 
                    610
                ]
            ]
        }, 
        {
            "label": "static", 
            "polygon": [
                [
                    115, 
                    0
                ], 
                [
                    106, 
                    83
                ], 
                [
                    77, 
                    446
                ], 
                [
                    80, 
                    473
                ], 
                [
                    88, 
                    475
                ], 
                [
                    83, 
                    481
                ], 
                [
                    0, 
                    474
                ], 
                [
                    0, 
                    0
                ]
            ]
        }, 
        {
            "label": "static", 
            "polygon": [
                [
                    285, 
                    41
                ], 
                [
                    330, 
                    39
                ], 
                [
                    332, 
                    290
                ], 
                [
                    287, 
                    291
                ]
            ]
        }, 
        {
            "label": "static", 
            "polygon": [
                [
                    263, 
                    356
                ], 
                [
                    263, 
                    324
                ], 
                [
                    310, 
                    324
                ], 
                [
                    313, 
                    363
                ], 
                [
                    287, 
                    361
                ], 
                [
                    263, 
                    363
                ]
            ]
        }, 
        {
            "label": "pole", 
            "polygon": [
                [
                    540, 
                    490
                ], 
                [
                    539, 
                    367
                ], 
                [
                    539, 
                    343
                ], 
                [
                    546, 
                    343
                ], 
                [
                    545, 
                    407
                ], 
                [
                    547, 
                    493
                ]
            ]
        }, 
        {
            "label": "bicycle", 
            "polygon": [
                [
                    977, 
                    332
                ], 
                [
                    977, 
                    298
                ], 
                [
                    1010, 
                    298
                ], 
                [
                    1009, 
                    332
                ]
            ]
        }, 
        {
            "label": "traffic sign", 
            "polygon": [
                [
                    1717, 
                    333
                ], 
                [
                    1714, 
                    331
                ], 
                [
                    1714, 
                    332
                ], 
                [
                    1714, 
                    292
                ], 
                [
                    1775, 
                    292
                ], 
                [
                    1778, 
                    291
                ], 
                [
                    1778, 
                    334
                ]
            ]
        }, 
        {
            "label": "traffic sign", 
            "polygon": [
                [
                    1711, 
                    296
                ], 
                [
                    1710, 
                    239
                ], 
                [
                    1716, 
                    236
                ], 
                [
                    1773, 
                    237
                ], 
                [
                    1778, 
                    240
                ], 
                [
                    1777, 
                    298
                ]
            ]
        }, 
        {
            "label": "pole", 
            "polygon": [
                [
                    1341, 
                    560
                ], 
                [
                    1341, 
                    503
                ], 
                [
                    1339, 
                    390
                ], 
                [
                    1340, 
                    308
                ], 
                [
                    1348, 
                    308
                ], 
                [
                    1349, 
                    376
                ], 
                [
                    1349, 
                    467
                ], 
                [
                    1350, 
                    564
                ]
            ]
        }, 
        {
            "label": "traffic sign", 
            "polygon": [
                [
                    1321, 
                    356
                ], 
                [
                    1321, 
                    320
                ], 
                [
                    1365, 
                    320
                ], 
                [
                    1365, 
                    356
                ]
            ]
        }, 
        {
            "label": "traffic sign", 
            "polygon": [
                [
                    1320, 
                    308
                ], 
                [
                    1318, 
                    296
                ], 
                [
                    1321, 
                    288
                ], 
                [
                    1329, 
                    279
                ], 
                [
                    1339, 
                    272
                ], 
                [
                    1354, 
                    272
                ], 
                [
                    1363, 
                    281
                ], 
                [
                    1367, 
                    293
                ], 
                [
                    1367, 
                    307
                ], 
                [
                    1361, 
                    313
                ], 
                [
                    1349, 
                    320
                ], 
                [
                    1337, 
                    318
                ], 
                [
                    1327, 
                    314
                ]
            ]
        }, 
        {
            "label": "static", 
            "polygon": [
                [
                    1441, 
                    440
                ], 
                [
                    1439, 
                    355
                ], 
                [
                    1453, 
                    338
                ], 
                [
                    1547, 
                    339
                ], 
                [
                    1558, 
                    348
                ], 
                [
                    1556, 
                    448
                ], 
                [
                    1462, 
                    456
                ]
            ]
        }, 
        {
            "label": "car", 
            "polygon": [
                [
                    1361, 
                    517
                ], 
                [
                    1375, 
                    502
                ], 
                [
                    1385, 
                    493
                ], 
                [
                    1379, 
                    491
                ], 
                [
                    1378, 
                    485
                ], 
                [
                    1386, 
                    479
                ], 
                [
                    1394, 
                    479
                ], 
                [
                    1406, 
                    464
                ], 
                [
                    1431, 
                    444
                ], 
                [
                    1447, 
                    439
                ], 
                [
                    1466, 
                    437
                ], 
                [
                    1600, 
                    440
                ], 
                [
                    1614, 
                    444
                ], 
                [
                    1631, 
                    470
                ], 
                [
                    1639, 
                    513
                ], 
                [
                    1647, 
                    526
                ], 
                [
                    1645, 
                    562
                ], 
                [
                    1643, 
                    585
                ], 
                [
                    1634, 
                    597
                ], 
                [
                    1617, 
                    599
                ], 
                [
                    1606, 
                    594
                ], 
                [
                    1602, 
                    581
                ], 
                [
                    1589, 
                    578
                ], 
                [
                    1550, 
                    574
                ], 
                [
                    1513, 
                    576
                ], 
                [
                    1512, 
                    584
                ], 
                [
                    1504, 
                    594
                ], 
                [
                    1484, 
                    597
                ], 
                [
                    1470, 
                    590
                ], 
                [
                    1460, 
                    575
                ], 
                [
                    1459, 
                    571
                ], 
                [
                    1390, 
                    570
                ], 
                [
                    1390, 
                    576
                ], 
                [
                    1388, 
                    584
                ], 
                [
                    1378, 
                    585
                ], 
                [
                    1370, 
                    583
                ], 
                [
                    1367, 
                    574
                ], 
                [
                    1367, 
                    565
                ], 
                [
                    1362, 
                    560
                ], 
                [
                    1358, 
                    547
                ], 
                [
                    1357, 
                    526
                ]
            ]
        }, 
        {
            "label": "pole", 
            "polygon": [
                [
                    1276, 
                    382
                ], 
                [
                    1278, 
                    346
                ], 
                [
                    1279, 
                    263
                ], 
                [
                    1280, 
                    184
                ], 
                [
                    1300, 
                    184
                ], 
                [
                    1297, 
                    187
                ], 
                [
                    1296, 
                    190
                ], 
                [
                    1284, 
                    188
                ], 
                [
                    1284, 
                    295
                ], 
                [
                    1282, 
                    401
                ], 
                [
                    1276, 
                    399
                ]
            ]
        }, 
        {
            "label": "bus", 
            "polygon": [
                [
                    1193, 
                    450
                ], 
                [
                    1193, 
                    399
                ], 
                [
                    1190, 
                    401
                ], 
                [
                    1187, 
                    405
                ], 
                [
                    1187, 
                    411
                ], 
                [
                    1183, 
                    411
                ], 
                [
                    1182, 
                    404
                ], 
                [
                    1185, 
                    398
                ], 
                [
                    1193, 
                    393
                ], 
                [
                    1194, 
                    386
                ], 
                [
                    1261, 
                    382
                ], 
                [
                    1296, 
                    381
                ], 
                [
                    1331, 
                    380
                ], 
                [
                    1333, 
                    435
                ], 
                [
                    1332, 
                    438
                ], 
                [
                    1319, 
                    442
                ], 
                [
                    1316, 
                    447
                ], 
                [
                    1309, 
                    448
                ], 
                [
                    1304, 
                    447
                ], 
                [
                    1301, 
                    443
                ], 
                [
                    1280, 
                    448
                ], 
                [
                    1277, 
                    451
                ], 
                [
                    1272, 
                    453
                ], 
                [
                    1268, 
                    453
                ], 
                [
                    1264, 
                    450
                ], 
                [
                    1247, 
                    451
                ], 
                [
                    1229, 
                    451
                ], 
                [
                    1226, 
                    453
                ], 
                [
                    1221, 
                    455
                ], 
                [
                    1216, 
                    455
                ], 
                [
                    1212, 
                    453
                ], 
                [
                    1211, 
                    450
                ]
            ]
        }, 
        {
            "label": "traffic sign", 
            "polygon": [
                [
                    553, 
                    442
                ], 
                [
                    552, 
                    403
                ], 
                [
                    534, 
                    402
                ], 
                [
                    532, 
                    442
                ], 
                [
                    548, 
                    443
                ]
            ]
        }, 
        {
            "label": "traffic sign", 
            "polygon": [
                [
                    545, 
                    395
                ], 
                [
                    545, 
                    345
                ], 
                [
                    588, 
                    345
                ], 
                [
                    588, 
                    397
                ]
            ]
        }, 
        {
            "label": "static", 
            "polygon": [
                [
                    645, 
                    417
                ], 
                [
                    645, 
                    398
                ], 
                [
                    629, 
                    398
                ], 
                [
                    629, 
                    418
                ]
            ]
        }, 
        {
            "label": "sidewalk", 
            "polygon": [
                [
                    0, 
                    879
                ], 
                [
                    32, 
                    857
                ], 
                [
                    77, 
                    795
                ], 
                [
                    82, 
                    719
                ], 
                [
                    52, 
                    676
                ], 
                [
                    13, 
                    659
                ], 
                [
                    0, 
                    653
                ]
            ]
        }, 
        {
            "label": "license plate", 
            "polygon": [
                [
                    46, 
                    528
                ], 
                [
                    46, 
                    514
                ], 
                [
                    125, 
                    514
                ], 
                [
                    125, 
                    533
                ], 
                [
                    53, 
                    534
                ], 
                [
                    47, 
                    534
                ]
            ]
        }, 
        {
            "label": "license plate", 
            "polygon": [
                [
                    1555, 
                    546
                ], 
                [
                    1553, 
                    533
                ], 
                [
                    1606, 
                    533
                ], 
                [
                    1608, 
                    548
                ]
            ]
        }, 
        {
            "label": "license plate", 
            "polygon": [
                [
                    1734, 
                    528
                ], 
                [
                    1735, 
                    512
                ], 
                [
                    1788, 
                    513
                ], 
                [
                    1787, 
                    529
                ]
            ]
        }, 
        {
            "label": "license plate", 
            "polygon": [
                [
                    1216, 
                    446
                ], 
                [
                    1216, 
                    450
                ], 
                [
                    1229, 
                    450
                ], 
                [
                    1229, 
                    446
                ]
            ]
        }, 
        {
            "label": "static", 
            "polygon": [
                [
                    1282, 
                    184
                ], 
                [
                    1285, 
                    188
                ], 
                [
                    1296, 
                    190
                ], 
                [
                    1297, 
                    187
                ], 
                [
                    1300, 
                    184
                ], 
                [
                    1282, 
                    184
                ]
            ]
        }, 
        {
            "label": "static", 
            "polygon": [
                [
                    788, 
                    344
                ], 
                [
                    805, 
                    344
                ], 
                [
                    806, 
                    168
                ], 
                [
                    789, 
                    168
                ], 
                [
                    787, 
                    334
                ]
            ]
        }, 
        {
            "label": "pole", 
            "polygon": [
                [
                    1377, 
                    424
                ], 
                [
                    1377, 
                    376
                ], 
                [
                    1379, 
                    376
                ], 
                [
                    1379, 
                    407
                ], 
                [
                    1379, 
                    424
                ]
            ]
        }, 
        {
            "label": "traffic light", 
            "polygon": [
                [
                    1378, 
                    382
                ], 
                [
                    1383, 
                    382
                ], 
                [
                    1383, 
                    379
                ], 
                [
                    1387, 
                    377
                ], 
                [
                    1387, 
                    374
                ], 
                [
                    1386, 
                    371
                ], 
                [
                    1383, 
                    370
                ], 
                [
                    1379, 
                    371
                ], 
                [
                    1377, 
                    373
                ], 
                [
                    1375, 
                    376
                ], 
                [
                    1377, 
                    378
                ]
            ]
        }, 
        {
            "label": "ego vehicle", 
            "polygon": [
                [
                    271, 
                    1023
                ], 
                [
                    387, 
                    1009
                ], 
                [
                    549, 
                    993
                ], 
                [
                    821, 
                    966
                ], 
                [
                    1082, 
                    950
                ], 
                [
                    1142, 
                    947
                ], 
                [
                    1112, 
                    932
                ], 
                [
                    1096, 
                    896
                ], 
                [
                    1108, 
                    861
                ], 
                [
                    1137, 
                    844
                ], 
                [
                    1175, 
                    844
                ], 
                [
                    1204, 
                    867
                ], 
                [
                    1209, 
                    897
                ], 
                [
                    1195, 
                    931
                ], 
                [
                    1161, 
                    945
                ], 
                [
                    1376, 
                    957
                ], 
                [
                    1654, 
                    977
                ], 
                [
                    1883, 
                    1002
                ], 
                [
                    2028, 
                    1023
                ]
            ]
        }, 
        {
            "label": "out of roi", 
            "polygon": [
                [
                    0, 
                    0
                ], 
                [
                    2048, 
                    0
                ], 
                [
                    2048, 
                    1024
                ], 
                [
                    0, 
                    1024
                ], 
                [
                    0, 
                    0
                ], 
                [
                    5, 
                    5
                ], 
                [
                    5, 
                    1019
                ], 
                [
                    2043, 
                    1019
                ], 
                [
                    2043, 
                    5
                ], 
                [
                    5, 
                    5
                ]
            ]
        }
    ]
}