{
    "imgHeight": 1024, 
    "imgWidth": 2048, 
    "objects": [
        {
            "label": "sidewalk", 
            "polygon": [
                [
                    0, 
                    551
                ], 
                [
                    598, 
                    488
                ], 
                [
                    820, 
                    468
                ], 
                [
                    905, 
                    468
                ], 
                [
                    824, 
                    463
                ], 
                [
                    714, 
                    463
                ], 
                [
                    562, 
                    475
                ], 
                [
                    0, 
                    522
                ]
            ]
        }, 
        {
            "label": "sidewalk", 
            "polygon": [
                [
                    2047, 
                    780
                ], 
                [
                    1070, 
                    478
                ], 
                [
                    1093, 
                    455
                ], 
                [
                    1150, 
                    455
                ], 
                [
                    1165, 
                    472
                ], 
                [
                    1265, 
                    486
                ], 
                [
                    2047, 
                    609
                ]
            ]
        }, 
        {
            "label": "sky", 
            "polygon": [
                [
                    0, 
                    412
                ], 
                [
                    617, 
                    498
                ], 
                [
                    904, 
                    496
                ], 
                [
                    1389, 
                    486
                ], 
                [
                    1863, 
                    439
                ], 
                [
                    2047, 
                    327
                ], 
                [
                    2047, 
                    0
                ], 
                [
                    0, 
                    0
                ]
            ]
        }, 
        {
            "label": "fence", 
            "polygon": [
                [
                    1, 
                    451
                ], 
                [
                    198, 
                    458
                ], 
                [
                    426, 
                    453
                ], 
                [
                    435, 
                    454
                ], 
                [
                    434, 
                    485
                ], 
                [
                    135, 
                    512
                ], 
                [
                    0, 
                    520
                ]
            ]
        }, 
        {
            "label": "vegetation", 
            "polygon": [
                [
                    149, 
                    0
                ], 
                [
                    147, 
                    45
                ], 
                [
                    158, 
                    56
                ], 
                [
                    166, 
                    64
                ], 
                [
                    175, 
                    58
                ], 
                [
                    182, 
                    48
                ], 
                [
                    197, 
                    45
                ], 
                [
                    215, 
                    51
                ], 
                [
                    205, 
                    73
                ], 
                [
                    197, 
                    83
                ], 
                [
                    212, 
                    90
                ], 
                [
                    207, 
                    100
                ], 
                [
                    225, 
                    99
                ], 
                [
                    241, 
                    106
                ], 
                [
                    231, 
                    122
                ], 
                [
                    232, 
                    126
                ], 
                [
                    255, 
                    136
                ], 
                [
                    263, 
                    132
                ], 
                [
                    315, 
                    111
                ], 
                [
                    377, 
                    117
                ], 
                [
                    459, 
                    156
                ], 
                [
                    464, 
                    183
                ], 
                [
                    476, 
                    215
                ], 
                [
                    512, 
                    225
                ], 
                [
                    515, 
                    252
                ], 
                [
                    535, 
                    256
                ], 
                [
                    520, 
                    275
                ], 
                [
                    512, 
                    292
                ], 
                [
                    516, 
                    301
                ], 
                [
                    522, 
                    305
                ], 
                [
                    522, 
                    309
                ], 
                [
                    514, 
                    318
                ], 
                [
                    521, 
                    325
                ], 
                [
                    524, 
                    325
                ], 
                [
                    512, 
                    333
                ], 
                [
                    507, 
                    337
                ], 
                [
                    509, 
                    345
                ], 
                [
                    510, 
                    355
                ], 
                [
                    519, 
                    362
                ], 
                [
                    527, 
                    366
                ], 
                [
                    532, 
                    366
                ], 
                [
                    538, 
                    343
                ], 
                [
                    544, 
                    332
                ], 
                [
                    559, 
                    332
                ], 
                [
                    590, 
                    331
                ], 
                [
                    592, 
                    344
                ], 
                [
                    608, 
                    350
                ], 
                [
                    618, 
                    350
                ], 
                [
                    625, 
                    354
                ], 
                [
                    629, 
                    337
                ], 
                [
                    639, 
                    325
                ], 
                [
                    649, 
                    326
                ], 
                [
                    658, 
                    325
                ], 
                [
                    667, 
                    319
                ], 
                [
                    674, 
                    313
                ], 
                [
                    686, 
                    315
                ], 
                [
                    712, 
                    307
                ], 
                [
                    731, 
                    312
                ], 
                [
                    739, 
                    315
                ], 
                [
                    752, 
                    324
                ], 
                [
                    757, 
                    326
                ], 
                [
                    767, 
                    331
                ], 
                [
                    773, 
                    333
                ], 
                [
                    790, 
                    351
                ], 
                [
                    795, 
                    359
                ], 
                [
                    797, 
                    371
                ], 
                [
                    787, 
                    373
                ], 
                [
                    781, 
                    378
                ], 
                [
                    788, 
                    380
                ], 
                [
                    791, 
                    381
                ], 
                [
                    795, 
                    379
                ], 
                [
                    802, 
                    375
                ], 
                [
                    806, 
                    370
                ], 
                [
                    813, 
                    365
                ], 
                [
                    816, 
                    364
                ], 
                [
                    820, 
                    366
                ], 
                [
                    822, 
                    368
                ], 
                [
                    829, 
                    365
                ], 
                [
                    828, 
                    359
                ], 
                [
                    833, 
                    354
                ], 
                [
                    833, 
                    343
                ], 
                [
                    842, 
                    332
                ], 
                [
                    844, 
                    320
                ], 
                [
                    858, 
                    306
                ], 
                [
                    878, 
                    294
                ], 
                [
                    895, 
                    283
                ], 
                [
                    911, 
                    282
                ], 
                [
                    925, 
                    273
                ], 
                [
                    954, 
                    275
                ], 
                [
                    974, 
                    287
                ], 
                [
                    992, 
                    294
                ], 
                [
                    996, 
                    300
                ], 
                [
                    1009, 
                    310
                ], 
                [
                    1012, 
                    326
                ], 
                [
                    1019, 
                    337
                ], 
                [
                    1014, 
                    345
                ], 
                [
                    1021, 
                    351
                ], 
                [
                    1036, 
                    354
                ], 
                [
                    1027, 
                    363
                ], 
                [
                    1031, 
                    376
                ], 
                [
                    1040, 
                    393
                ], 
                [
                    1039, 
                    402
                ], 
                [
                    1043, 
                    412
                ], 
                [
                    876, 
                    470
                ], 
                [
                    655, 
                    476
                ], 
                [
                    437, 
                    489
                ], 
                [
                    432, 
                    488
                ], 
                [
                    428, 
                    478
                ], 
                [
                    424, 
                    467
                ], 
                [
                    423, 
                    453
                ], 
                [
                    359, 
                    455
                ], 
                [
                    173, 
                    460
                ], 
                [
                    175, 
                    490
                ], 
                [
                    191, 
                    495
                ], 
                [
                    198, 
                    485
                ], 
                [
                    205, 
                    487
                ], 
                [
                    218, 
                    495
                ], 
                [
                    232, 
                    499
                ], 
                [
                    240, 
                    508
                ], 
                [
                    221, 
                    510
                ], 
                [
                    158, 
                    516
                ], 
                [
                    0, 
                    524
                ], 
                [
                    0, 
                    0
                ]
            ]
        }, 
        {
            "label": "road", 
            "polygon": [
                [
                    0, 
                    539
                ], 
                [
                    283, 
                    510
                ], 
                [
                    428, 
                    498
                ], 
                [
                    594, 
                    478
                ], 
                [
                    820, 
                    470
                ], 
                [
                    934, 
                    465
                ], 
                [
                    1186, 
                    443
                ], 
                [
                    2047, 
                    464
                ], 
                [
                    2047, 
                    1023
                ], 
                [
                    0, 
                    1023
                ]
            ]
        }, 
        {
            "label": "sidewalk", 
            "polygon": [
                [
                    2047, 
                    810
                ], 
                [
                    1526, 
                    634
                ], 
                [
                    1145, 
                    507
                ], 
                [
                    1064, 
                    479
                ], 
                [
                    1060, 
                    460
                ], 
                [
                    1092, 
                    471
                ], 
                [
                    1135, 
                    466
                ], 
                [
                    1165, 
                    465
                ], 
                [
                    1293, 
                    485
                ], 
                [
                    1730, 
                    537
                ], 
                [
                    2047, 
                    576
                ]
            ]
        }, 
        {
            "label": "vegetation", 
            "polygon": [
                [
                    1044, 
                    452
                ], 
                [
                    1074, 
                    438
                ], 
                [
                    1084, 
                    435
                ], 
                [
                    1075, 
                    426
                ], 
                [
                    1084, 
                    427
                ], 
                [
                    1083, 
                    423
                ], 
                [
                    1084, 
                    413
                ], 
                [
                    1092, 
                    410
                ], 
                [
                    1095, 
                    395
                ], 
                [
                    1108, 
                    393
                ], 
                [
                    1116, 
                    388
                ], 
                [
                    1100, 
                    387
                ], 
                [
                    1098, 
                    378
                ], 
                [
                    1082, 
                    380
                ], 
                [
                    1078, 
                    374
                ], 
                [
                    1073, 
                    369
                ], 
                [
                    1071, 
                    359
                ], 
                [
                    1062, 
                    353
                ], 
                [
                    1061, 
                    345
                ], 
                [
                    1066, 
                    341
                ], 
                [
                    1082, 
                    338
                ], 
                [
                    1073, 
                    328
                ], 
                [
                    1081, 
                    320
                ], 
                [
                    1073, 
                    314
                ], 
                [
                    1075, 
                    302
                ], 
                [
                    1081, 
                    298
                ], 
                [
                    1092, 
                    295
                ], 
                [
                    1097, 
                    285
                ], 
                [
                    1100, 
                    277
                ], 
                [
                    1099, 
                    268
                ], 
                [
                    1106, 
                    253
                ], 
                [
                    1106, 
                    239
                ], 
                [
                    1105, 
                    218
                ], 
                [
                    1100, 
                    203
                ], 
                [
                    1086, 
                    194
                ], 
                [
                    1075, 
                    185
                ], 
                [
                    1080, 
                    168
                ], 
                [
                    1081, 
                    154
                ], 
                [
                    1082, 
                    133
                ], 
                [
                    1085, 
                    118
                ], 
                [
                    1087, 
                    107
                ], 
                [
                    1092, 
                    94
                ], 
                [
                    1094, 
                    82
                ], 
                [
                    1082, 
                    84
                ], 
                [
                    1073, 
                    73
                ], 
                [
                    1075, 
                    56
                ], 
                [
                    1085, 
                    39
                ], 
                [
                    1093, 
                    45
                ], 
                [
                    1092, 
                    24
                ], 
                [
                    1102, 
                    17
                ], 
                [
                    1113, 
                    19
                ], 
                [
                    1107, 
                    11
                ], 
                [
                    1108, 
                    0
                ], 
                [
                    2047, 
                    0
                ], 
                [
                    2047, 
                    556
                ], 
                [
                    2032, 
                    588
                ], 
                [
                    1512, 
                    523
                ], 
                [
                    1468, 
                    514
                ], 
                [
                    1275, 
                    491
                ], 
                [
                    1181, 
                    478
                ], 
                [
                    1155, 
                    466
                ], 
                [
                    1151, 
                    459
                ], 
                [
                    1109, 
                    461
                ], 
                [
                    1094, 
                    462
                ]
            ]
        }, 
        {
            "label": "static", 
            "polygon": [
                [
                    1206, 
                    442
                ], 
                [
                    1198, 
                    441
                ], 
                [
                    1200, 
                    437
                ], 
                [
                    1216, 
                    437
                ], 
                [
                    1252, 
                    451
                ], 
                [
                    1244, 
                    455
                ], 
                [
                    1211, 
                    443
                ], 
                [
                    1210, 
                    462
                ], 
                [
                    1208, 
                    467
                ], 
                [
                    1205, 
                    461
                ]
            ]
        }, 
        {
            "label": "terrain", 
            "polygon": [
                [
                    2047, 
                    614
                ], 
                [
                    1731, 
                    561
                ], 
                [
                    1470, 
                    524
                ], 
                [
                    1246, 
                    490
                ], 
                [
                    1181, 
                    479
                ], 
                [
                    1161, 
                    471
                ], 
                [
                    1181, 
                    461
                ], 
                [
                    1206, 
                    462
                ], 
                [
                    1230, 
                    463
                ], 
                [
                    1257, 
                    465
                ], 
                [
                    1277, 
                    467
                ], 
                [
                    1328, 
                    468
                ], 
                [
                    1348, 
                    471
                ], 
                [
                    1358, 
                    471
                ], 
                [
                    1381, 
                    463
                ], 
                [
                    1406, 
                    462
                ], 
                [
                    1409, 
                    481
                ], 
                [
                    1444, 
                    480
                ], 
                [
                    1478, 
                    478
                ], 
                [
                    1496, 
                    481
                ], 
                [
                    1499, 
                    496
                ], 
                [
                    1569, 
                    498
                ], 
                [
                    1582, 
                    498
                ], 
                [
                    1635, 
                    508
                ], 
                [
                    1721, 
                    523
                ], 
                [
                    1757, 
                    524
                ], 
                [
                    1809, 
                    529
                ], 
                [
                    1886, 
                    538
                ], 
                [
                    1913, 
                    540
                ], 
                [
                    2047, 
                    551
                ]
            ]
        }, 
        {
            "label": "sidewalk", 
            "polygon": [
                [
                    0, 
                    557
                ], 
                [
                    157, 
                    540
                ], 
                [
                    519, 
                    500
                ], 
                [
                    587, 
                    492
                ], 
                [
                    638, 
                    487
                ], 
                [
                    717, 
                    479
                ], 
                [
                    764, 
                    476
                ], 
                [
                    806, 
                    474
                ], 
                [
                    832, 
                    473
                ], 
                [
                    868, 
                    471
                ], 
                [
                    870, 
                    466
                ], 
                [
                    828, 
                    460
                ], 
                [
                    729, 
                    455
                ], 
                [
                    486, 
                    467
                ], 
                [
                    468, 
                    468
                ], 
                [
                    466, 
                    485
                ], 
                [
                    203, 
                    503
                ], 
                [
                    0, 
                    521
                ]
            ]
        }, 
        {
            "label": "pole", 
            "polygon": [
                [
                    1265, 
                    300
                ], 
                [
                    1266, 
                    489
                ], 
                [
                    1279, 
                    489
                ], 
                [
                    1279, 
                    279
                ], 
                [
                    1281, 
                    170
                ], 
                [
                    1266, 
                    166
                ]
            ]
        }, 
        {
            "label": "car", 
            "polygon": [
                [
                    946, 
                    426
                ], 
                [
                    952, 
                    426
                ], 
                [
                    989, 
                    425
                ], 
                [
                    1001, 
                    436
                ], 
                [
                    984, 
                    468
                ], 
                [
                    1008, 
                    502
                ], 
                [
                    931, 
                    503
                ], 
                [
                    931, 
                    479
                ], 
                [
                    932, 
                    463
                ], 
                [
                    932, 
                    451
                ], 
                [
                    932, 
                    446
                ], 
                [
                    934, 
                    442
                ], 
                [
                    938, 
                    442
                ]
            ]
        }, 
        {
            "label": "fence", 
            "polygon": [
                [
                    471, 
                    441
                ], 
                [
                    466, 
                    485
                ], 
                [
                    524, 
                    479
                ], 
                [
                    588, 
                    473
                ], 
                [
                    702, 
                    465
                ], 
                [
                    833, 
                    466
                ], 
                [
                    880, 
                    470
                ], 
                [
                    925, 
                    468
                ], 
                [
                    927, 
                    460
                ], 
                [
                    807, 
                    449
                ], 
                [
                    610, 
                    442
                ], 
                [
                    538, 
                    441
                ], 
                [
                    524, 
                    448
                ]
            ]
        }, 
        {
            "label": "fence", 
            "polygon": [
                [
                    669, 
                    444
                ], 
                [
                    670, 
                    467
                ], 
                [
                    702, 
                    465
                ], 
                [
                    833, 
                    466
                ], 
                [
                    880, 
                    470
                ], 
                [
                    925, 
                    468
                ], 
                [
                    927, 
                    460
                ], 
                [
                    807, 
                    449
                ], 
                [
                    669, 
                    444
                ]
            ]
        }, 
        {
            "label": "pole", 
            "polygon": [
                [
                    642, 
                    101
                ], 
                [
                    643, 
                    106
                ], 
                [
                    620, 
                    106
                ], 
                [
                    529, 
                    112
                ], 
                [
                    534, 
                    480
                ], 
                [
                    533, 
                    483
                ], 
                [
                    529, 
                    483
                ], 
                [
                    525, 
                    309
                ], 
                [
                    523, 
                    107
                ], 
                [
                    627, 
                    97
                ], 
                [
                    642, 
                    96
                ]
            ]
        }, 
        {
            "label": "car", 
            "polygon": [
                [
                    703, 
                    446
                ], 
                [
                    696, 
                    437
                ], 
                [
                    690, 
                    431
                ], 
                [
                    643, 
                    432
                ], 
                [
                    634, 
                    447
                ], 
                [
                    624, 
                    450
                ], 
                [
                    625, 
                    453
                ], 
                [
                    629, 
                    454
                ], 
                [
                    623, 
                    465
                ], 
                [
                    622, 
                    475
                ], 
                [
                    624, 
                    479
                ], 
                [
                    623, 
                    489
                ], 
                [
                    629, 
                    490
                ], 
                [
                    636, 
                    490
                ], 
                [
                    636, 
                    488
                ], 
                [
                    638, 
                    486
                ], 
                [
                    646, 
                    486
                ], 
                [
                    647, 
                    490
                ], 
                [
                    654, 
                    489
                ], 
                [
                    655, 
                    486
                ], 
                [
                    667, 
                    485
                ], 
                [
                    680, 
                    483
                ], 
                [
                    681, 
                    487
                ], 
                [
                    690, 
                    487
                ], 
                [
                    693, 
                    485
                ], 
                [
                    692, 
                    480
                ], 
                [
                    698, 
                    479
                ], 
                [
                    699, 
                    484
                ], 
                [
                    704, 
                    485
                ], 
                [
                    708, 
                    484
                ], 
                [
                    709, 
                    474
                ], 
                [
                    709, 
                    464
                ], 
                [
                    708, 
                    461
                ], 
                [
                    707, 
                    462
                ], 
                [
                    705, 
                    454
                ]
            ]
        }, 
        {
            "label": "static", 
            "polygon": [
                [
                    529, 
                    401
                ], 
                [
                    572, 
                    399
                ], 
                [
                    571, 
                    459
                ], 
                [
                    533, 
                    460
                ]
            ]
        }, 
        {
            "label": "traffic sign", 
            "polygon": [
                [
                    1214, 
                    338
                ], 
                [
                    1215, 
                    358
                ], 
                [
                    1256, 
                    358
                ], 
                [
                    1256, 
                    337
                ]
            ]
        }, 
        {
            "label": "car", 
            "polygon": [
                [
                    936, 
                    549
                ], 
                [
                    954, 
                    550
                ], 
                [
                    958, 
                    536
                ], 
                [
                    966, 
                    532
                ], 
                [
                    1016, 
                    532
                ], 
                [
                    1061, 
                    529
                ], 
                [
                    1063, 
                    547
                ], 
                [
                    1084, 
                    552
                ], 
                [
                    1102, 
                    547
                ], 
                [
                    1102, 
                    528
                ], 
                [
                    1100, 
                    484
                ], 
                [
                    1093, 
                    456
                ], 
                [
                    1095, 
                    449
                ], 
                [
                    1089, 
                    442
                ], 
                [
                    1082, 
                    442
                ], 
                [
                    1077, 
                    435
                ], 
                [
                    1068, 
                    419
                ], 
                [
                    1061, 
                    412
                ], 
                [
                    962, 
                    413
                ], 
                [
                    943, 
                    447
                ], 
                [
                    931, 
                    444
                ], 
                [
                    926, 
                    450
                ], 
                [
                    926, 
                    455
                ], 
                [
                    938, 
                    458
                ], 
                [
                    935, 
                    466
                ], 
                [
                    931, 
                    480
                ], 
                [
                    930, 
                    493
                ], 
                [
                    930, 
                    525
                ], 
                [
                    931, 
                    544
                ]
            ]
        }, 
        {
            "label": "traffic sign", 
            "polygon": [
                [
                    1233, 
                    284
                ], 
                [
                    1210, 
                    326
                ], 
                [
                    1208, 
                    330
                ], 
                [
                    1260, 
                    330
                ]
            ]
        }, 
        {
            "label": "pole", 
            "polygon": [
                [
                    1160, 
                    406
                ], 
                [
                    1163, 
                    468
                ], 
                [
                    1157, 
                    468
                ], 
                [
                    1155, 
                    414
                ], 
                [
                    1154, 
                    357
                ], 
                [
                    1149, 
                    357
                ], 
                [
                    1149, 
                    351
                ], 
                [
                    1154, 
                    351
                ], 
                [
                    1154, 
                    345
                ], 
                [
                    1143, 
                    345
                ], 
                [
                    1142, 
                    341
                ], 
                [
                    1160, 
                    340
                ], 
                [
                    1162, 
                    344
                ], 
                [
                    1159, 
                    345
                ], 
                [
                    1159, 
                    356
                ]
            ]
        }, 
        {
            "label": "traffic sign", 
            "polygon": [
                [
                    1139, 
                    336
                ], 
                [
                    1137, 
                    336
                ], 
                [
                    1133, 
                    336
                ], 
                [
                    1127, 
                    338
                ], 
                [
                    1125, 
                    342
                ], 
                [
                    1124, 
                    348
                ], 
                [
                    1130, 
                    353
                ], 
                [
                    1138, 
                    352
                ], 
                [
                    1142, 
                    346
                ]
            ]
        }, 
        {
            "label": "person", 
            "polygon": [
                [
                    1244, 
                    502
                ], 
                [
                    1244, 
                    496
                ], 
                [
                    1243, 
                    488
                ], 
                [
                    1241, 
                    477
                ], 
                [
                    1239, 
                    447
                ], 
                [
                    1239, 
                    427
                ], 
                [
                    1238, 
                    438
                ], 
                [
                    1234, 
                    438
                ], 
                [
                    1233, 
                    436
                ], 
                [
                    1232, 
                    426
                ], 
                [
                    1232, 
                    419
                ], 
                [
                    1233, 
                    413
                ], 
                [
                    1236, 
                    406
                ], 
                [
                    1238, 
                    404
                ], 
                [
                    1235, 
                    401
                ], 
                [
                    1234, 
                    398
                ], 
                [
                    1236, 
                    394
                ], 
                [
                    1239, 
                    393
                ], 
                [
                    1242, 
                    395
                ], 
                [
                    1244, 
                    395
                ], 
                [
                    1243, 
                    391
                ], 
                [
                    1245, 
                    381
                ], 
                [
                    1249, 
                    379
                ], 
                [
                    1256, 
                    380
                ], 
                [
                    1257, 
                    382
                ], 
                [
                    1259, 
                    391
                ], 
                [
                    1263, 
                    395
                ], 
                [
                    1267, 
                    401
                ], 
                [
                    1270, 
                    410
                ], 
                [
                    1270, 
                    424
                ], 
                [
                    1273, 
                    443
                ], 
                [
                    1271, 
                    448
                ], 
                [
                    1268, 
                    444
                ], 
                [
                    1267, 
                    441
                ], 
                [
                    1265, 
                    452
                ], 
                [
                    1261, 
                    471
                ], 
                [
                    1260, 
                    489
                ], 
                [
                    1259, 
                    500
                ], 
                [
                    1260, 
                    504
                ], 
                [
                    1256, 
                    505
                ], 
                [
                    1253, 
                    505
                ], 
                [
                    1253, 
                    476
                ], 
                [
                    1253, 
                    456
                ], 
                [
                    1253, 
                    455
                ], 
                [
                    1251, 
                    455
                ], 
                [
                    1249, 
                    481
                ], 
                [
                    1251, 
                    502
                ], 
                [
                    1248, 
                    505
                ]
            ]
        }, 
        {
            "label": "person", 
            "polygon": [
                [
                    1287, 
                    417
                ], 
                [
                    1288, 
                    434
                ], 
                [
                    1290, 
                    458
                ], 
                [
                    1290, 
                    466
                ], 
                [
                    1293, 
                    468
                ], 
                [
                    1293, 
                    479
                ], 
                [
                    1296, 
                    488
                ], 
                [
                    1299, 
                    498
                ], 
                [
                    1299, 
                    500
                ], 
                [
                    1294, 
                    501
                ], 
                [
                    1294, 
                    503
                ], 
                [
                    1295, 
                    504
                ], 
                [
                    1306, 
                    504
                ], 
                [
                    1306, 
                    499
                ], 
                [
                    1305, 
                    497
                ], 
                [
                    1304, 
                    484
                ], 
                [
                    1303, 
                    475
                ], 
                [
                    1303, 
                    472
                ], 
                [
                    1306, 
                    471
                ], 
                [
                    1308, 
                    475
                ], 
                [
                    1308, 
                    481
                ], 
                [
                    1307, 
                    488
                ], 
                [
                    1308, 
                    497
                ], 
                [
                    1312, 
                    502
                ], 
                [
                    1315, 
                    503
                ], 
                [
                    1318, 
                    501
                ], 
                [
                    1315, 
                    490
                ], 
                [
                    1316, 
                    481
                ], 
                [
                    1317, 
                    470
                ], 
                [
                    1318, 
                    468
                ], 
                [
                    1319, 
                    461
                ], 
                [
                    1320, 
                    456
                ], 
                [
                    1324, 
                    454
                ], 
                [
                    1333, 
                    452
                ], 
                [
                    1337, 
                    447
                ], 
                [
                    1330, 
                    434
                ], 
                [
                    1322, 
                    428
                ], 
                [
                    1324, 
                    422
                ], 
                [
                    1324, 
                    414
                ], 
                [
                    1322, 
                    406
                ], 
                [
                    1316, 
                    398
                ], 
                [
                    1309, 
                    393
                ], 
                [
                    1303, 
                    389
                ], 
                [
                    1303, 
                    381
                ], 
                [
                    1301, 
                    377
                ], 
                [
                    1295, 
                    376
                ], 
                [
                    1291, 
                    377
                ], 
                [
                    1289, 
                    381
                ], 
                [
                    1289, 
                    388
                ], 
                [
                    1290, 
                    392
                ], 
                [
                    1283, 
                    399
                ], 
                [
                    1278, 
                    407
                ], 
                [
                    1272, 
                    420
                ], 
                [
                    1270, 
                    423
                ], 
                [
                    1270, 
                    430
                ], 
                [
                    1275, 
                    432
                ]
            ]
        }, 
        {
            "label": "person", 
            "polygon": [
                [
                    1127, 
                    472
                ], 
                [
                    1134, 
                    471
                ], 
                [
                    1136, 
                    470
                ], 
                [
                    1138, 
                    450
                ], 
                [
                    1138, 
                    438
                ], 
                [
                    1144, 
                    430
                ], 
                [
                    1139, 
                    417
                ], 
                [
                    1138, 
                    414
                ], 
                [
                    1136, 
                    411
                ], 
                [
                    1135, 
                    406
                ], 
                [
                    1132, 
                    406
                ], 
                [
                    1130, 
                    407
                ], 
                [
                    1129, 
                    412
                ], 
                [
                    1127, 
                    415
                ], 
                [
                    1125, 
                    418
                ], 
                [
                    1124, 
                    428
                ], 
                [
                    1125, 
                    432
                ], 
                [
                    1124, 
                    439
                ], 
                [
                    1126, 
                    451
                ]
            ]
        }, 
        {
            "label": "ground", 
            "polygon": [
                [
                    0, 
                    672
                ], 
                [
                    80, 
                    654
                ], 
                [
                    277, 
                    608
                ], 
                [
                    536, 
                    550
                ], 
                [
                    688, 
                    512
                ], 
                [
                    613, 
                    536
                ], 
                [
                    488, 
                    580
                ], 
                [
                    317, 
                    637
                ], 
                [
                    82, 
                    712
                ], 
                [
                    0, 
                    741
                ]
            ]
        }, 
        {
            "label": "license plate", 
            "polygon": [
                [
                    991, 
                    480
                ], 
                [
                    1046, 
                    480
                ], 
                [
                    1046, 
                    466
                ], 
                [
                    991, 
                    465
                ]
            ]
        }, 
        {
            "label": "license plate", 
            "polygon": [
                [
                    643, 
                    476
                ], 
                [
                    660, 
                    476
                ], 
                [
                    660, 
                    472
                ], 
                [
                    643, 
                    472
                ]
            ]
        }, 
        {
            "label": "dynamic", 
            "polygon": [
                [
                    1143, 
                    471
                ], 
                [
                    1148, 
                    471
                ], 
                [
                    1149, 
                    465
                ], 
                [
                    1149, 
                    461
                ], 
                [
                    1147, 
                    459
                ], 
                [
                    1144, 
                    458
                ], 
                [
                    1143, 
                    458
                ], 
                [
                    1142, 
                    459
                ], 
                [
                    1143, 
                    462
                ]
            ]
        }, 
        {
            "label": "static", 
            "polygon": [
                [
                    621, 
                    98
                ], 
                [
                    621, 
                    106
                ], 
                [
                    643, 
                    106
                ], 
                [
                    642, 
                    101
                ], 
                [
                    642, 
                    96
                ], 
                [
                    627, 
                    97
                ], 
                [
                    621, 
                    98
                ]
            ]
        }, 
        {
            "label": "vegetation", 
            "polygon": [
                [
                    270, 
                    499
                ], 
                [
                    270, 
                    490
                ], 
                [
                    281, 
                    483
                ], 
                [
                    292, 
                    476
                ], 
                [
                    303, 
                    483
                ], 
                [
                    307, 
                    490
                ], 
                [
                    310, 
                    499
                ], 
                [
                    306, 
                    503
                ], 
                [
                    290, 
                    503
                ], 
                [
                    279, 
                    502
                ]
            ]
        }, 
        {
            "label": "ego vehicle", 
            "polygon": [
                [
                    271, 
                    1023
                ], 
                [
                    387, 
                    1009
                ], 
                [
                    549, 
                    993
                ], 
                [
                    821, 
                    966
                ], 
                [
                    1082, 
                    950
                ], 
                [
                    1142, 
                    947
                ], 
                [
                    1112, 
                    932
                ], 
                [
                    1096, 
                    896
                ], 
                [
                    1108, 
                    861
                ], 
                [
                    1137, 
                    844
                ], 
                [
                    1175, 
                    844
                ], 
                [
                    1204, 
                    867
                ], 
                [
                    1209, 
                    897
                ], 
                [
                    1195, 
                    931
                ], 
                [
                    1161, 
                    945
                ], 
                [
                    1376, 
                    957
                ], 
                [
                    1654, 
                    977
                ], 
                [
                    1883, 
                    1002
                ], 
                [
                    2028, 
                    1023
                ]
            ]
        }, 
        {
            "label": "out of roi", 
            "polygon": [
                [
                    0, 
                    0
                ], 
                [
                    2048, 
                    0
                ], 
                [
                    2048, 
                    1024
                ], 
                [
                    0, 
                    1024
                ], 
                [
                    0, 
                    0
                ], 
                [
                    5, 
                    5
                ], 
                [
                    5, 
                    1019
                ], 
                [
                    2043, 
                    1019
                ], 
                [
                    2043, 
                    5
                ], 
                [
                    5, 
                    5
                ]
            ]
        }
    ]
}