{
    "imgHeight": 1024, 
    "imgWidth": 2048, 
    "objects": [
        {
            "label": "ground", 
            "polygon": [
                [
                    0, 
                    595
                ], 
                [
                    922, 
                    546
                ], 
                [
                    1215, 
                    495
                ], 
                [
                    1471, 
                    486
                ], 
                [
                    2047, 
                    423
                ], 
                [
                    2047, 
                    1023
                ], 
                [
                    0, 
                    1023
                ]
            ]
        }, 
        {
            "label": "sidewalk", 
            "polygon": [
                [
                    892, 
                    564
                ], 
                [
                    1025, 
                    541
                ], 
                [
                    1180, 
                    553
                ], 
                [
                    1163, 
                    577
                ], 
                [
                    858, 
                    576
                ]
            ]
        }, 
        {
            "label": "building", 
            "polygon": [
                [
                    0, 
                    1
                ], 
                [
                    2047, 
                    0
                ], 
                [
                    2047, 
                    496
                ], 
                [
                    1215, 
                    577
                ], 
                [
                    1161, 
                    574
                ], 
                [
                    1145, 
                    568
                ], 
                [
                    1133, 
                    556
                ], 
                [
                    1117, 
                    552
                ], 
                [
                    1010, 
                    553
                ], 
                [
                    1002, 
                    561
                ], 
                [
                    887, 
                    577
                ], 
                [
                    0, 
                    558
                ]
            ]
        }, 
        {
            "label": "pole", 
            "polygon": [
                [
                    322, 
                    509
                ], 
                [
                    326, 
                    468
                ], 
                [
                    326, 
                    464
                ], 
                [
                    300, 
                    127
                ], 
                [
                    291, 
                    127
                ], 
                [
                    321, 
                    525
                ]
            ]
        }, 
        {
            "label": "traffic sign", 
            "polygon": [
                [
                    231, 
                    136
                ], 
                [
                    294, 
                    135
                ], 
                [
                    300, 
                    191
                ], 
                [
                    235, 
                    193
                ]
            ]
        }, 
        {
            "label": "traffic sign", 
            "polygon": [
                [
                    240, 
                    225
                ], 
                [
                    235, 
                    196
                ], 
                [
                    297, 
                    197
                ], 
                [
                    300, 
                    228
                ]
            ]
        }, 
        {
            "label": "pole", 
            "polygon": [
                [
                    1124, 
                    599
                ], 
                [
                    1105, 
                    315
                ], 
                [
                    1118, 
                    316
                ], 
                [
                    1135, 
                    606
                ], 
                [
                    1124, 
                    607
                ]
            ]
        }, 
        {
            "label": "traffic sign", 
            "polygon": [
                [
                    1117, 
                    326
                ], 
                [
                    1182, 
                    321
                ], 
                [
                    1187, 
                    401
                ], 
                [
                    1124, 
                    409
                ]
            ]
        }, 
        {
            "label": "traffic sign", 
            "polygon": [
                [
                    1124, 
                    406
                ], 
                [
                    1188, 
                    402
                ], 
                [
                    1196, 
                    465
                ], 
                [
                    1125, 
                    470
                ]
            ]
        }, 
        {
            "label": "traffic sign", 
            "polygon": [
                [
                    1126, 
                    468
                ], 
                [
                    1198, 
                    465
                ], 
                [
                    1199, 
                    528
                ], 
                [
                    1127, 
                    529
                ]
            ]
        }, 
        {
            "label": "static", 
            "polygon": [
                [
                    1273, 
                    184
                ], 
                [
                    1269, 
                    62
                ], 
                [
                    1348, 
                    52
                ], 
                [
                    1357, 
                    52
                ], 
                [
                    1364, 
                    180
                ]
            ]
        }, 
        {
            "label": "pole", 
            "polygon": [
                [
                    1181, 
                    303
                ], 
                [
                    1205, 
                    619
                ], 
                [
                    1216, 
                    615
                ], 
                [
                    1194, 
                    298
                ]
            ]
        }, 
        {
            "label": "static", 
            "polygon": [
                [
                    1465, 
                    244
                ], 
                [
                    1520, 
                    239
                ], 
                [
                    1531, 
                    240
                ], 
                [
                    1529, 
                    172
                ], 
                [
                    1521, 
                    173
                ], 
                [
                    1462, 
                    178
                ]
            ]
        }, 
        {
            "label": "traffic sign", 
            "polygon": [
                [
                    1156, 
                    313
                ], 
                [
                    1154, 
                    279
                ], 
                [
                    1208, 
                    272
                ], 
                [
                    1210, 
                    304
                ]
            ]
        }, 
        {
            "label": "person", 
            "polygon": [
                [
                    1575, 
                    602
                ], 
                [
                    1585, 
                    602
                ], 
                [
                    1586, 
                    597
                ], 
                [
                    1584, 
                    592
                ], 
                [
                    1586, 
                    587
                ], 
                [
                    1587, 
                    584
                ], 
                [
                    1589, 
                    577
                ], 
                [
                    1589, 
                    573
                ], 
                [
                    1593, 
                    569
                ], 
                [
                    1595, 
                    566
                ], 
                [
                    1594, 
                    562
                ], 
                [
                    1588, 
                    558
                ], 
                [
                    1590, 
                    549
                ], 
                [
                    1593, 
                    540
                ], 
                [
                    1594, 
                    533
                ], 
                [
                    1599, 
                    507
                ], 
                [
                    1601, 
                    504
                ], 
                [
                    1602, 
                    505
                ], 
                [
                    1602, 
                    511
                ], 
                [
                    1604, 
                    511
                ], 
                [
                    1607, 
                    511
                ], 
                [
                    1610, 
                    509
                ], 
                [
                    1611, 
                    504
                ], 
                [
                    1612, 
                    499
                ], 
                [
                    1613, 
                    493
                ], 
                [
                    1616, 
                    491
                ], 
                [
                    1614, 
                    484
                ], 
                [
                    1612, 
                    480
                ], 
                [
                    1611, 
                    467
                ], 
                [
                    1610, 
                    462
                ], 
                [
                    1608, 
                    456
                ], 
                [
                    1607, 
                    448
                ], 
                [
                    1605, 
                    440
                ], 
                [
                    1604, 
                    434
                ], 
                [
                    1599, 
                    430
                ], 
                [
                    1597, 
                    428
                ], 
                [
                    1596, 
                    426
                ], 
                [
                    1590, 
                    424
                ], 
                [
                    1588, 
                    422
                ], 
                [
                    1584, 
                    420
                ], 
                [
                    1581, 
                    418
                ], 
                [
                    1578, 
                    417
                ], 
                [
                    1577, 
                    414
                ], 
                [
                    1578, 
                    411
                ], 
                [
                    1581, 
                    405
                ], 
                [
                    1580, 
                    399
                ], 
                [
                    1575, 
                    394
                ], 
                [
                    1570, 
                    392
                ], 
                [
                    1562, 
                    393
                ], 
                [
                    1557, 
                    395
                ], 
                [
                    1552, 
                    401
                ], 
                [
                    1553, 
                    406
                ], 
                [
                    1553, 
                    411
                ], 
                [
                    1555, 
                    414
                ], 
                [
                    1556, 
                    417
                ], 
                [
                    1556, 
                    418
                ], 
                [
                    1558, 
                    420
                ], 
                [
                    1552, 
                    423
                ], 
                [
                    1544, 
                    428
                ], 
                [
                    1538, 
                    439
                ], 
                [
                    1535, 
                    450
                ], 
                [
                    1533, 
                    464
                ], 
                [
                    1531, 
                    484
                ], 
                [
                    1533, 
                    485
                ], 
                [
                    1533, 
                    487
                ], 
                [
                    1533, 
                    489
                ], 
                [
                    1532, 
                    495
                ], 
                [
                    1531, 
                    500
                ], 
                [
                    1531, 
                    501
                ], 
                [
                    1531, 
                    503
                ], 
                [
                    1532, 
                    507
                ], 
                [
                    1534, 
                    511
                ], 
                [
                    1537, 
                    512
                ], 
                [
                    1539, 
                    511
                ], 
                [
                    1540, 
                    511
                ], 
                [
                    1543, 
                    509
                ], 
                [
                    1541, 
                    507
                ], 
                [
                    1540, 
                    505
                ], 
                [
                    1540, 
                    503
                ], 
                [
                    1543, 
                    503
                ], 
                [
                    1551, 
                    504
                ], 
                [
                    1551, 
                    511
                ], 
                [
                    1550, 
                    522
                ], 
                [
                    1550, 
                    529
                ], 
                [
                    1551, 
                    540
                ], 
                [
                    1553, 
                    547
                ], 
                [
                    1556, 
                    550
                ], 
                [
                    1559, 
                    554
                ], 
                [
                    1562, 
                    559
                ], 
                [
                    1565, 
                    564
                ], 
                [
                    1568, 
                    568
                ], 
                [
                    1568, 
                    576
                ], 
                [
                    1568, 
                    585
                ], 
                [
                    1570, 
                    588
                ], 
                [
                    1571, 
                    593
                ], 
                [
                    1572, 
                    596
                ], 
                [
                    1572, 
                    598
                ], 
                [
                    1572, 
                    601
                ]
            ]
        }, 
        {
            "label": "static", 
            "polygon": [
                [
                    1495, 
                    296
                ], 
                [
                    1498, 
                    291
                ], 
                [
                    1502, 
                    288
                ], 
                [
                    1509, 
                    287
                ], 
                [
                    1514, 
                    285
                ], 
                [
                    1513, 
                    279
                ], 
                [
                    1513, 
                    273
                ], 
                [
                    1515, 
                    270
                ], 
                [
                    1519, 
                    268
                ], 
                [
                    1524, 
                    267
                ], 
                [
                    1526, 
                    267
                ], 
                [
                    1529, 
                    268
                ], 
                [
                    1532, 
                    272
                ], 
                [
                    1534, 
                    277
                ], 
                [
                    1534, 
                    278
                ], 
                [
                    1539, 
                    277
                ], 
                [
                    1548, 
                    275
                ], 
                [
                    1555, 
                    277
                ], 
                [
                    1561, 
                    285
                ], 
                [
                    1558, 
                    295
                ], 
                [
                    1551, 
                    301
                ], 
                [
                    1547, 
                    302
                ], 
                [
                    1548, 
                    307
                ], 
                [
                    1547, 
                    313
                ], 
                [
                    1541, 
                    320
                ], 
                [
                    1536, 
                    320
                ], 
                [
                    1528, 
                    317
                ], 
                [
                    1524, 
                    326
                ], 
                [
                    1520, 
                    329
                ], 
                [
                    1512, 
                    330
                ], 
                [
                    1508, 
                    326
                ], 
                [
                    1505, 
                    325
                ], 
                [
                    1503, 
                    321
                ], 
                [
                    1503, 
                    316
                ], 
                [
                    1504, 
                    315
                ], 
                [
                    1499, 
                    315
                ], 
                [
                    1494, 
                    313
                ], 
                [
                    1488, 
                    308
                ], 
                [
                    1488, 
                    304
                ], 
                [
                    1488, 
                    301
                ], 
                [
                    1490, 
                    297
                ]
            ]
        }, 
        {
            "label": "static", 
            "polygon": [
                [
                    1620, 
                    298
                ], 
                [
                    1613, 
                    303
                ], 
                [
                    1611, 
                    306
                ], 
                [
                    1610, 
                    312
                ], 
                [
                    1612, 
                    317
                ], 
                [
                    1618, 
                    320
                ], 
                [
                    1625, 
                    317
                ], 
                [
                    1628, 
                    319
                ], 
                [
                    1629, 
                    321
                ], 
                [
                    1635, 
                    322
                ], 
                [
                    1638, 
                    322
                ], 
                [
                    1646, 
                    325
                ], 
                [
                    1650, 
                    322
                ], 
                [
                    1655, 
                    319
                ], 
                [
                    1656, 
                    315
                ], 
                [
                    1657, 
                    310
                ], 
                [
                    1661, 
                    307
                ], 
                [
                    1666, 
                    302
                ], 
                [
                    1669, 
                    297
                ], 
                [
                    1669, 
                    292
                ], 
                [
                    1667, 
                    288
                ], 
                [
                    1663, 
                    285
                ], 
                [
                    1668, 
                    281
                ], 
                [
                    1670, 
                    273
                ], 
                [
                    1667, 
                    270
                ], 
                [
                    1662, 
                    267
                ], 
                [
                    1656, 
                    267
                ], 
                [
                    1650, 
                    267
                ], 
                [
                    1644, 
                    267
                ], 
                [
                    1636, 
                    268
                ], 
                [
                    1634, 
                    277
                ], 
                [
                    1634, 
                    281
                ], 
                [
                    1628, 
                    282
                ], 
                [
                    1619, 
                    283
                ], 
                [
                    1617, 
                    285
                ], 
                [
                    1617, 
                    290
                ], 
                [
                    1617, 
                    294
                ]
            ]
        }, 
        {
            "label": "static", 
            "polygon": [
                [
                    1641, 
                    566
                ], 
                [
                    1667, 
                    568
                ], 
                [
                    1697, 
                    563
                ], 
                [
                    1699, 
                    557
                ], 
                [
                    1694, 
                    524
                ], 
                [
                    1694, 
                    517
                ], 
                [
                    1702, 
                    515
                ], 
                [
                    1702, 
                    511
                ], 
                [
                    1702, 
                    509
                ], 
                [
                    1669, 
                    510
                ], 
                [
                    1668, 
                    502
                ], 
                [
                    1669, 
                    488
                ], 
                [
                    1675, 
                    486
                ], 
                [
                    1684, 
                    479
                ], 
                [
                    1687, 
                    472
                ], 
                [
                    1690, 
                    459
                ], 
                [
                    1677, 
                    460
                ], 
                [
                    1681, 
                    456
                ], 
                [
                    1684, 
                    452
                ], 
                [
                    1682, 
                    448
                ], 
                [
                    1679, 
                    444
                ], 
                [
                    1677, 
                    438
                ], 
                [
                    1673, 
                    434
                ], 
                [
                    1669, 
                    431
                ], 
                [
                    1663, 
                    429
                ], 
                [
                    1658, 
                    428
                ], 
                [
                    1653, 
                    429
                ], 
                [
                    1648, 
                    432
                ], 
                [
                    1647, 
                    438
                ], 
                [
                    1648, 
                    441
                ], 
                [
                    1651, 
                    446
                ], 
                [
                    1655, 
                    450
                ], 
                [
                    1653, 
                    453
                ], 
                [
                    1661, 
                    458
                ], 
                [
                    1659, 
                    460
                ], 
                [
                    1639, 
                    461
                ], 
                [
                    1639, 
                    474
                ], 
                [
                    1650, 
                    481
                ], 
                [
                    1655, 
                    486
                ]
            ]
        }, 
        {
            "label": "person", 
            "polygon": [
                [
                    1761, 
                    516
                ], 
                [
                    1763, 
                    510
                ], 
                [
                    1764, 
                    499
                ], 
                [
                    1761, 
                    489
                ], 
                [
                    1758, 
                    484
                ], 
                [
                    1757, 
                    479
                ], 
                [
                    1757, 
                    475
                ], 
                [
                    1753, 
                    400
                ], 
                [
                    1758, 
                    399
                ], 
                [
                    1763, 
                    400
                ], 
                [
                    1767, 
                    402
                ], 
                [
                    1769, 
                    403
                ], 
                [
                    1770, 
                    405
                ], 
                [
                    1769, 
                    411
                ], 
                [
                    1767, 
                    414
                ], 
                [
                    1772, 
                    417
                ], 
                [
                    1778, 
                    420
                ], 
                [
                    1780, 
                    426
                ], 
                [
                    1780, 
                    430
                ], 
                [
                    1781, 
                    432
                ], 
                [
                    1782, 
                    436
                ], 
                [
                    1782, 
                    440
                ], 
                [
                    1783, 
                    447
                ], 
                [
                    1783, 
                    453
                ], 
                [
                    1782, 
                    455
                ], 
                [
                    1783, 
                    458
                ], 
                [
                    1785, 
                    460
                ], 
                [
                    1787, 
                    463
                ], 
                [
                    1787, 
                    464
                ], 
                [
                    1787, 
                    468
                ], 
                [
                    1785, 
                    471
                ], 
                [
                    1783, 
                    472
                ], 
                [
                    1778, 
                    472
                ], 
                [
                    1778, 
                    474
                ], 
                [
                    1779, 
                    478
                ], 
                [
                    1785, 
                    488
                ], 
                [
                    1790, 
                    492
                ], 
                [
                    1793, 
                    497
                ], 
                [
                    1797, 
                    502
                ], 
                [
                    1801, 
                    505
                ], 
                [
                    1799, 
                    509
                ], 
                [
                    1794, 
                    511
                ], 
                [
                    1790, 
                    514
                ], 
                [
                    1784, 
                    515
                ], 
                [
                    1783, 
                    513
                ], 
                [
                    1785, 
                    510
                ], 
                [
                    1787, 
                    508
                ], 
                [
                    1778, 
                    495
                ], 
                [
                    1772, 
                    488
                ], 
                [
                    1772, 
                    493
                ], 
                [
                    1772, 
                    509
                ], 
                [
                    1773, 
                    512
                ], 
                [
                    1776, 
                    516
                ], 
                [
                    1773, 
                    517
                ], 
                [
                    1770, 
                    517
                ]
            ]
        }, 
        {
            "label": "person", 
            "polygon": [
                [
                    1846, 
                    562
                ], 
                [
                    1856, 
                    561
                ], 
                [
                    1861, 
                    559
                ], 
                [
                    1863, 
                    557
                ], 
                [
                    1865, 
                    550
                ], 
                [
                    1866, 
                    536
                ], 
                [
                    1865, 
                    516
                ], 
                [
                    1864, 
                    510
                ], 
                [
                    1864, 
                    507
                ], 
                [
                    1862, 
                    505
                ], 
                [
                    1860, 
                    507
                ], 
                [
                    1855, 
                    507
                ], 
                [
                    1855, 
                    502
                ], 
                [
                    1852, 
                    499
                ], 
                [
                    1849, 
                    497
                ], 
                [
                    1845, 
                    493
                ], 
                [
                    1844, 
                    486
                ], 
                [
                    1846, 
                    453
                ], 
                [
                    1852, 
                    440
                ], 
                [
                    1850, 
                    437
                ], 
                [
                    1848, 
                    432
                ], 
                [
                    1848, 
                    428
                ], 
                [
                    1850, 
                    425
                ], 
                [
                    1849, 
                    418
                ], 
                [
                    1852, 
                    409
                ], 
                [
                    1852, 
                    401
                ], 
                [
                    1853, 
                    397
                ], 
                [
                    1860, 
                    394
                ], 
                [
                    1868, 
                    393
                ], 
                [
                    1873, 
                    398
                ], 
                [
                    1877, 
                    403
                ], 
                [
                    1881, 
                    411
                ], 
                [
                    1886, 
                    418
                ], 
                [
                    1885, 
                    422
                ], 
                [
                    1891, 
                    428
                ], 
                [
                    1897, 
                    443
                ], 
                [
                    1900, 
                    455
                ], 
                [
                    1901, 
                    461
                ], 
                [
                    1919, 
                    485
                ], 
                [
                    1899, 
                    496
                ], 
                [
                    1891, 
                    501
                ], 
                [
                    1888, 
                    507
                ], 
                [
                    1888, 
                    514
                ], 
                [
                    1887, 
                    524
                ], 
                [
                    1890, 
                    533
                ], 
                [
                    1894, 
                    554
                ], 
                [
                    1894, 
                    558
                ], 
                [
                    1897, 
                    573
                ], 
                [
                    1895, 
                    576
                ], 
                [
                    1873, 
                    575
                ], 
                [
                    1869, 
                    573
                ], 
                [
                    1874, 
                    571
                ], 
                [
                    1882, 
                    566
                ], 
                [
                    1884, 
                    564
                ], 
                [
                    1884, 
                    560
                ], 
                [
                    1881, 
                    558
                ], 
                [
                    1880, 
                    553
                ], 
                [
                    1878, 
                    551
                ], 
                [
                    1876, 
                    554
                ], 
                [
                    1874, 
                    557
                ], 
                [
                    1874, 
                    569
                ], 
                [
                    1873, 
                    571
                ], 
                [
                    1869, 
                    572
                ], 
                [
                    1860, 
                    569
                ], 
                [
                    1855, 
                    569
                ], 
                [
                    1850, 
                    566
                ]
            ]
        }, 
        {
            "label": "static", 
            "polygon": [
                [
                    264, 
                    263
                ], 
                [
                    307, 
                    264
                ], 
                [
                    305, 
                    293
                ], 
                [
                    263, 
                    294
                ]
            ]
        }, 
        {
            "label": "traffic sign", 
            "polygon": [
                [
                    310, 
                    313
                ], 
                [
                    355, 
                    310
                ], 
                [
                    352, 
                    294
                ], 
                [
                    308, 
                    297
                ]
            ]
        }, 
        {
            "label": "car", 
            "polygon": [
                [
                    0, 
                    480
                ], 
                [
                    40, 
                    479
                ], 
                [
                    66, 
                    507
                ], 
                [
                    77, 
                    521
                ], 
                [
                    77, 
                    554
                ], 
                [
                    45, 
                    597
                ], 
                [
                    21, 
                    606
                ], 
                [
                    0, 
                    605
                ]
            ]
        }, 
        {
            "label": "license plate", 
            "polygon": [
                [
                    0, 
                    565
                ], 
                [
                    26, 
                    564
                ], 
                [
                    24, 
                    574
                ], 
                [
                    0, 
                    574
                ], 
                [
                    0, 
                    570
                ]
            ]
        }, 
        {
            "label": "car", 
            "polygon": [
                [
                    16, 
                    551
                ], 
                [
                    27, 
                    543
                ], 
                [
                    41, 
                    535
                ], 
                [
                    62, 
                    527
                ], 
                [
                    68, 
                    522
                ], 
                [
                    69, 
                    517
                ], 
                [
                    97, 
                    496
                ], 
                [
                    113, 
                    484
                ], 
                [
                    135, 
                    474
                ], 
                [
                    143, 
                    470
                ], 
                [
                    210, 
                    463
                ], 
                [
                    264, 
                    463
                ], 
                [
                    273, 
                    461
                ], 
                [
                    318, 
                    460
                ], 
                [
                    327, 
                    460
                ], 
                [
                    341, 
                    464
                ], 
                [
                    379, 
                    499
                ], 
                [
                    381, 
                    504
                ], 
                [
                    385, 
                    541
                ], 
                [
                    381, 
                    594
                ], 
                [
                    380, 
                    602
                ], 
                [
                    377, 
                    606
                ], 
                [
                    373, 
                    609
                ], 
                [
                    366, 
                    612
                ], 
                [
                    352, 
                    614
                ], 
                [
                    344, 
                    610
                ], 
                [
                    337, 
                    599
                ], 
                [
                    233, 
                    608
                ], 
                [
                    231, 
                    617
                ], 
                [
                    227, 
                    624
                ], 
                [
                    205, 
                    630
                ], 
                [
                    186, 
                    629
                ], 
                [
                    176, 
                    623
                ], 
                [
                    170, 
                    611
                ], 
                [
                    61, 
                    612
                ], 
                [
                    56, 
                    623
                ], 
                [
                    39, 
                    625
                ], 
                [
                    31, 
                    624
                ], 
                [
                    27, 
                    621
                ], 
                [
                    12, 
                    605
                ], 
                [
                    9, 
                    577
                ], 
                [
                    11, 
                    559
                ]
            ]
        }, 
        {
            "label": "license plate", 
            "polygon": [
                [
                    301, 
                    527
                ], 
                [
                    357, 
                    521
                ], 
                [
                    361, 
                    534
                ], 
                [
                    302, 
                    540
                ]
            ]
        }, 
        {
            "label": "car", 
            "polygon": [
                [
                    369, 
                    574
                ], 
                [
                    369, 
                    548
                ], 
                [
                    379, 
                    531
                ], 
                [
                    454, 
                    507
                ], 
                [
                    455, 
                    498
                ], 
                [
                    461, 
                    493
                ], 
                [
                    473, 
                    490
                ], 
                [
                    510, 
                    466
                ], 
                [
                    537, 
                    452
                ], 
                [
                    602, 
                    439
                ], 
                [
                    714, 
                    434
                ], 
                [
                    816, 
                    441
                ], 
                [
                    868, 
                    485
                ], 
                [
                    876, 
                    503
                ], 
                [
                    880, 
                    517
                ], 
                [
                    885, 
                    536
                ], 
                [
                    886, 
                    551
                ], 
                [
                    883, 
                    572
                ], 
                [
                    875, 
                    582
                ], 
                [
                    851, 
                    588
                ], 
                [
                    843, 
                    596
                ], 
                [
                    831, 
                    612
                ], 
                [
                    825, 
                    615
                ], 
                [
                    804, 
                    618
                ], 
                [
                    790, 
                    608
                ], 
                [
                    778, 
                    600
                ], 
                [
                    714, 
                    614
                ], 
                [
                    694, 
                    631
                ], 
                [
                    678, 
                    634
                ], 
                [
                    651, 
                    633
                ], 
                [
                    641, 
                    630
                ], 
                [
                    626, 
                    613
                ], 
                [
                    447, 
                    609
                ], 
                [
                    446, 
                    621
                ], 
                [
                    436, 
                    625
                ], 
                [
                    423, 
                    626
                ], 
                [
                    404, 
                    625
                ], 
                [
                    395, 
                    619
                ], 
                [
                    387, 
                    610
                ], 
                [
                    385, 
                    602
                ], 
                [
                    374, 
                    599
                ]
            ]
        }, 
        {
            "label": "license plate", 
            "polygon": [
                [
                    805, 
                    519
                ], 
                [
                    853, 
                    514
                ], 
                [
                    855, 
                    531
                ], 
                [
                    807, 
                    536
                ]
            ]
        }, 
        {
            "label": "ego vehicle", 
            "polygon": [
                [
                    271, 
                    1023
                ], 
                [
                    387, 
                    1009
                ], 
                [
                    549, 
                    993
                ], 
                [
                    821, 
                    966
                ], 
                [
                    1082, 
                    950
                ], 
                [
                    1142, 
                    947
                ], 
                [
                    1112, 
                    932
                ], 
                [
                    1096, 
                    896
                ], 
                [
                    1108, 
                    861
                ], 
                [
                    1137, 
                    844
                ], 
                [
                    1175, 
                    844
                ], 
                [
                    1204, 
                    867
                ], 
                [
                    1209, 
                    897
                ], 
                [
                    1195, 
                    931
                ], 
                [
                    1161, 
                    945
                ], 
                [
                    1376, 
                    957
                ], 
                [
                    1654, 
                    977
                ], 
                [
                    1883, 
                    1002
                ], 
                [
                    2028, 
                    1023
                ]
            ]
        }, 
        {
            "label": "out of roi", 
            "polygon": [
                [
                    0, 
                    0
                ], 
                [
                    2048, 
                    0
                ], 
                [
                    2048, 
                    1024
                ], 
                [
                    0, 
                    1024
                ], 
                [
                    0, 
                    0
                ], 
                [
                    5, 
                    5
                ], 
                [
                    5, 
                    1019
                ], 
                [
                    2043, 
                    1019
                ], 
                [
                    2043, 
                    5
                ], 
                [
                    5, 
                    5
                ]
            ]
        }
    ]
}