{
    "imgHeight": 1024, 
    "imgWidth": 2048, 
    "objects": [
        {
            "label": "sky", 
            "polygon": [
                [
                    772, 
                    0
                ], 
                [
                    1121, 
                    307
                ], 
                [
                    1504, 
                    293
                ], 
                [
                    1635, 
                    0
                ]
            ]
        }, 
        {
            "label": "road", 
            "polygon": [
                [
                    1101, 
                    393
                ], 
                [
                    0, 
                    585
                ], 
                [
                    0, 
                    1023
                ], 
                [
                    2047, 
                    1023
                ], 
                [
                    2047, 
                    425
                ]
            ]
        }, 
        {
            "label": "vegetation", 
            "polygon": [
                [
                    1085, 
                    0
                ], 
                [
                    1096, 
                    0
                ], 
                [
                    1099, 
                    10
                ], 
                [
                    1092, 
                    15
                ], 
                [
                    1082, 
                    20
                ], 
                [
                    1071, 
                    22
                ], 
                [
                    1063, 
                    24
                ], 
                [
                    1068, 
                    28
                ], 
                [
                    1069, 
                    35
                ], 
                [
                    1065, 
                    39
                ], 
                [
                    1063, 
                    47
                ], 
                [
                    1072, 
                    40
                ], 
                [
                    1080, 
                    36
                ], 
                [
                    1088, 
                    33
                ], 
                [
                    1092, 
                    33
                ], 
                [
                    1092, 
                    40
                ], 
                [
                    1092, 
                    47
                ], 
                [
                    1094, 
                    48
                ], 
                [
                    1101, 
                    48
                ], 
                [
                    1102, 
                    54
                ], 
                [
                    1099, 
                    58
                ], 
                [
                    1097, 
                    61
                ], 
                [
                    1104, 
                    61
                ], 
                [
                    1107, 
                    64
                ], 
                [
                    1104, 
                    71
                ], 
                [
                    1104, 
                    75
                ], 
                [
                    1100, 
                    83
                ], 
                [
                    1098, 
                    88
                ], 
                [
                    1107, 
                    87
                ], 
                [
                    1110, 
                    84
                ], 
                [
                    1130, 
                    74
                ], 
                [
                    1133, 
                    78
                ], 
                [
                    1131, 
                    83
                ], 
                [
                    1126, 
                    87
                ], 
                [
                    1135, 
                    92
                ], 
                [
                    1142, 
                    92
                ], 
                [
                    1142, 
                    94
                ], 
                [
                    1141, 
                    97
                ], 
                [
                    1136, 
                    98
                ], 
                [
                    1132, 
                    103
                ], 
                [
                    1127, 
                    108
                ], 
                [
                    1131, 
                    109
                ], 
                [
                    1143, 
                    103
                ], 
                [
                    1151, 
                    99
                ], 
                [
                    1163, 
                    99
                ], 
                [
                    1162, 
                    106
                ], 
                [
                    1163, 
                    112
                ], 
                [
                    1160, 
                    114
                ], 
                [
                    1155, 
                    114
                ], 
                [
                    1150, 
                    114
                ], 
                [
                    1153, 
                    118
                ], 
                [
                    1160, 
                    119
                ], 
                [
                    1160, 
                    122
                ], 
                [
                    1160, 
                    126
                ], 
                [
                    1154, 
                    126
                ], 
                [
                    1147, 
                    125
                ], 
                [
                    1143, 
                    125
                ], 
                [
                    1139, 
                    126
                ], 
                [
                    1146, 
                    127
                ], 
                [
                    1147, 
                    131
                ], 
                [
                    1147, 
                    135
                ], 
                [
                    1151, 
                    135
                ], 
                [
                    1155, 
                    133
                ], 
                [
                    1156, 
                    142
                ], 
                [
                    1155, 
                    144
                ], 
                [
                    1153, 
                    147
                ], 
                [
                    1149, 
                    153
                ], 
                [
                    1151, 
                    155
                ], 
                [
                    1151, 
                    160
                ], 
                [
                    1141, 
                    162
                ], 
                [
                    1138, 
                    167
                ], 
                [
                    1145, 
                    169
                ], 
                [
                    1156, 
                    171
                ], 
                [
                    1161, 
                    164
                ], 
                [
                    1170, 
                    166
                ], 
                [
                    1170, 
                    170
                ], 
                [
                    1175, 
                    169
                ], 
                [
                    1178, 
                    168
                ], 
                [
                    1179, 
                    162
                ], 
                [
                    1181, 
                    155
                ], 
                [
                    1185, 
                    154
                ], 
                [
                    1188, 
                    148
                ], 
                [
                    1195, 
                    150
                ], 
                [
                    1195, 
                    153
                ], 
                [
                    1200, 
                    149
                ], 
                [
                    1204, 
                    145
                ], 
                [
                    1208, 
                    145
                ], 
                [
                    1240, 
                    145
                ], 
                [
                    1183, 
                    239
                ], 
                [
                    1170, 
                    332
                ], 
                [
                    1180, 
                    375
                ], 
                [
                    1179, 
                    441
                ], 
                [
                    1167, 
                    448
                ], 
                [
                    1124, 
                    418
                ], 
                [
                    1094, 
                    418
                ], 
                [
                    1090, 
                    419
                ], 
                [
                    1086, 
                    422
                ], 
                [
                    1075, 
                    425
                ], 
                [
                    1052, 
                    428
                ], 
                [
                    1031, 
                    436
                ], 
                [
                    971, 
                    441
                ], 
                [
                    955, 
                    446
                ], 
                [
                    496, 
                    487
                ], 
                [
                    0, 
                    589
                ], 
                [
                    0, 
                    0
                ]
            ]
        }, 
        {
            "label": "building", 
            "polygon": [
                [
                    1169, 
                    184
                ], 
                [
                    1179, 
                    185
                ], 
                [
                    1178, 
                    180
                ], 
                [
                    1183, 
                    179
                ], 
                [
                    1186, 
                    164
                ], 
                [
                    1193, 
                    166
                ], 
                [
                    1194, 
                    157
                ], 
                [
                    1200, 
                    157
                ], 
                [
                    1206, 
                    148
                ], 
                [
                    1207, 
                    147
                ], 
                [
                    1211, 
                    147
                ], 
                [
                    1214, 
                    102
                ], 
                [
                    1224, 
                    103
                ], 
                [
                    1224, 
                    98
                ], 
                [
                    1228, 
                    93
                ], 
                [
                    1219, 
                    88
                ], 
                [
                    1219, 
                    85
                ], 
                [
                    1223, 
                    83
                ], 
                [
                    1223, 
                    76
                ], 
                [
                    1224, 
                    75
                ], 
                [
                    1229, 
                    75
                ], 
                [
                    1230, 
                    71
                ], 
                [
                    1236, 
                    71
                ], 
                [
                    1240, 
                    73
                ], 
                [
                    1240, 
                    75
                ], 
                [
                    1240, 
                    76
                ], 
                [
                    1241, 
                    77
                ], 
                [
                    1245, 
                    75
                ], 
                [
                    1249, 
                    72
                ], 
                [
                    1281, 
                    21
                ], 
                [
                    1281, 
                    0
                ], 
                [
                    2047, 
                    0
                ], 
                [
                    2047, 
                    587
                ], 
                [
                    1199, 
                    465
                ], 
                [
                    1175, 
                    442
                ], 
                [
                    1174, 
                    417
                ], 
                [
                    1170, 
                    415
                ], 
                [
                    1170, 
                    413
                ], 
                [
                    1174, 
                    405
                ], 
                [
                    1173, 
                    358
                ], 
                [
                    1169, 
                    358
                ], 
                [
                    1169, 
                    354
                ], 
                [
                    1168, 
                    353
                ], 
                [
                    1168, 
                    351
                ], 
                [
                    1165, 
                    349
                ], 
                [
                    1165, 
                    293
                ], 
                [
                    1171, 
                    287
                ], 
                [
                    1172, 
                    275
                ], 
                [
                    1171, 
                    243
                ], 
                [
                    1169, 
                    242
                ], 
                [
                    1169, 
                    194
                ]
            ]
        }, 
        {
            "label": "static", 
            "polygon": [
                [
                    1069, 
                    409
                ], 
                [
                    1077, 
                    409
                ], 
                [
                    1082, 
                    412
                ], 
                [
                    1082, 
                    418
                ], 
                [
                    1075, 
                    419
                ], 
                [
                    1069, 
                    418
                ], 
                [
                    1062, 
                    417
                ], 
                [
                    1062, 
                    411
                ]
            ]
        }, 
        {
            "label": "static", 
            "polygon": [
                [
                    1077, 
                    417
                ], 
                [
                    1077, 
                    400
                ], 
                [
                    1073, 
                    399
                ], 
                [
                    1073, 
                    395
                ], 
                [
                    1083, 
                    395
                ], 
                [
                    1083, 
                    398
                ], 
                [
                    1085, 
                    398
                ], 
                [
                    1085, 
                    401
                ], 
                [
                    1081, 
                    401
                ], 
                [
                    1080, 
                    404
                ], 
                [
                    1080, 
                    417
                ]
            ]
        }, 
        {
            "label": "static", 
            "polygon": [
                [
                    1124, 
                    411
                ], 
                [
                    1138, 
                    411
                ], 
                [
                    1138, 
                    435
                ], 
                [
                    1124, 
                    435
                ]
            ]
        }, 
        {
            "label": "car", 
            "polygon": [
                [
                    1110, 
                    419
                ], 
                [
                    1124, 
                    419
                ], 
                [
                    1130, 
                    430
                ], 
                [
                    1126, 
                    435
                ], 
                [
                    1106, 
                    435
                ]
            ]
        }, 
        {
            "label": "pole", 
            "polygon": [
                [
                    1127, 
                    431
                ], 
                [
                    1125, 
                    388
                ], 
                [
                    1123, 
                    388
                ], 
                [
                    1124, 
                    427
                ], 
                [
                    1123, 
                    432
                ]
            ]
        }, 
        {
            "label": "traffic sign", 
            "polygon": [
                [
                    1124, 
                    390
                ], 
                [
                    1119, 
                    403
                ], 
                [
                    1131, 
                    403
                ]
            ]
        }, 
        {
            "label": "car", 
            "polygon": [
                [
                    1108, 
                    430
                ], 
                [
                    1130, 
                    430
                ], 
                [
                    1129, 
                    440
                ], 
                [
                    1125, 
                    447
                ], 
                [
                    1119, 
                    450
                ], 
                [
                    1101, 
                    449
                ], 
                [
                    1101, 
                    439
                ], 
                [
                    1104, 
                    438
                ]
            ]
        }, 
        {
            "label": "vegetation", 
            "polygon": [
                [
                    1126, 
                    431
                ], 
                [
                    1138, 
                    427
                ], 
                [
                    1145, 
                    431
                ], 
                [
                    1146, 
                    434
                ], 
                [
                    1145, 
                    437
                ], 
                [
                    1131, 
                    437
                ]
            ]
        }, 
        {
            "label": "pole", 
            "polygon": [
                [
                    1319, 
                    425
                ], 
                [
                    1319, 
                    289
                ], 
                [
                    1296, 
                    287
                ], 
                [
                    1290, 
                    287
                ], 
                [
                    1289, 
                    294
                ], 
                [
                    1292, 
                    297
                ], 
                [
                    1299, 
                    300
                ], 
                [
                    1304, 
                    300
                ], 
                [
                    1311, 
                    297
                ], 
                [
                    1313, 
                    297
                ], 
                [
                    1314, 
                    337
                ], 
                [
                    1314, 
                    426
                ], 
                [
                    1314, 
                    430
                ]
            ]
        }, 
        {
            "label": "pole", 
            "polygon": [
                [
                    1142, 
                    435
                ], 
                [
                    1142, 
                    389
                ], 
                [
                    1141, 
                    386
                ], 
                [
                    1132, 
                    386
                ], 
                [
                    1130, 
                    389
                ], 
                [
                    1132, 
                    391
                ], 
                [
                    1133, 
                    392
                ], 
                [
                    1137, 
                    392
                ], 
                [
                    1138, 
                    430
                ], 
                [
                    1137, 
                    437
                ]
            ]
        }, 
        {
            "label": "car", 
            "polygon": [
                [
                    1119, 
                    446
                ], 
                [
                    1124, 
                    434
                ], 
                [
                    1150, 
                    434
                ], 
                [
                    1151, 
                    434
                ], 
                [
                    1154, 
                    442
                ], 
                [
                    1143, 
                    447
                ], 
                [
                    1127, 
                    456
                ], 
                [
                    1125, 
                    474
                ], 
                [
                    1118, 
                    471
                ], 
                [
                    1117, 
                    455
                ]
            ]
        }, 
        {
            "label": "pole", 
            "polygon": [
                [
                    1168, 
                    442
                ], 
                [
                    1170, 
                    442
                ], 
                [
                    1169, 
                    374
                ], 
                [
                    1157, 
                    373
                ], 
                [
                    1156, 
                    377
                ], 
                [
                    1157, 
                    380
                ], 
                [
                    1160, 
                    380
                ], 
                [
                    1163, 
                    380
                ], 
                [
                    1165, 
                    379
                ], 
                [
                    1166, 
                    380
                ]
            ]
        }, 
        {
            "label": "cargroup", 
            "polygon": [
                [
                    1125, 
                    443
                ], 
                [
                    1138, 
                    438
                ], 
                [
                    1165, 
                    438
                ], 
                [
                    1169, 
                    443
                ], 
                [
                    1147, 
                    452
                ], 
                [
                    1138, 
                    465
                ], 
                [
                    1134, 
                    473
                ], 
                [
                    1134, 
                    479
                ], 
                [
                    1125, 
                    478
                ], 
                [
                    1118, 
                    470
                ], 
                [
                    1119, 
                    454
                ]
            ]
        }, 
        {
            "label": "car", 
            "polygon": [
                [
                    1137, 
                    452
                ], 
                [
                    1130, 
                    452
                ], 
                [
                    1130, 
                    455
                ], 
                [
                    1134, 
                    458
                ], 
                [
                    1132, 
                    461
                ], 
                [
                    1132, 
                    471
                ], 
                [
                    1134, 
                    477
                ], 
                [
                    1134, 
                    481
                ], 
                [
                    1137, 
                    484
                ], 
                [
                    1142, 
                    485
                ], 
                [
                    1143, 
                    483
                ], 
                [
                    1143, 
                    480
                ], 
                [
                    1165, 
                    480
                ], 
                [
                    1173, 
                    453
                ], 
                [
                    1173, 
                    439
                ], 
                [
                    1166, 
                    439
                ], 
                [
                    1148, 
                    439
                ], 
                [
                    1143, 
                    441
                ]
            ]
        }, 
        {
            "label": "static", 
            "polygon": [
                [
                    1173, 
                    333
                ], 
                [
                    1147, 
                    308
                ], 
                [
                    1145, 
                    309
                ], 
                [
                    1144, 
                    344
                ], 
                [
                    1146, 
                    349
                ], 
                [
                    1149, 
                    351
                ], 
                [
                    1150, 
                    343
                ], 
                [
                    1162, 
                    326
                ]
            ]
        }, 
        {
            "label": "car", 
            "polygon": [
                [
                    1168, 
                    439
                ], 
                [
                    1180, 
                    437
                ], 
                [
                    1208, 
                    437
                ], 
                [
                    1218, 
                    442
                ], 
                [
                    1203, 
                    483
                ], 
                [
                    1199, 
                    505
                ], 
                [
                    1191, 
                    504
                ], 
                [
                    1157, 
                    488
                ], 
                [
                    1158, 
                    477
                ], 
                [
                    1158, 
                    464
                ], 
                [
                    1160, 
                    461
                ], 
                [
                    1162, 
                    458
                ], 
                [
                    1162, 
                    455
                ], 
                [
                    1158, 
                    455
                ], 
                [
                    1157, 
                    453
                ], 
                [
                    1161, 
                    451
                ], 
                [
                    1165, 
                    452
                ], 
                [
                    1166, 
                    444
                ]
            ]
        }, 
        {
            "label": "static", 
            "polygon": [
                [
                    1301, 
                    353
                ], 
                [
                    1281, 
                    353
                ], 
                [
                    1280, 
                    382
                ], 
                [
                    1308, 
                    382
                ], 
                [
                    1308, 
                    365
                ], 
                [
                    1303, 
                    365
                ], 
                [
                    1300, 
                    363
                ], 
                [
                    1300, 
                    357
                ]
            ]
        }, 
        {
            "label": "car", 
            "polygon": [
                [
                    1322, 
                    424
                ], 
                [
                    1302, 
                    426
                ], 
                [
                    1297, 
                    437
                ], 
                [
                    1279, 
                    508
                ], 
                [
                    1278, 
                    532
                ], 
                [
                    1294, 
                    547
                ], 
                [
                    1300, 
                    540
                ], 
                [
                    1308, 
                    541
                ], 
                [
                    1309, 
                    551
                ], 
                [
                    1312, 
                    557
                ], 
                [
                    1314, 
                    558
                ], 
                [
                    1319, 
                    559
                ], 
                [
                    1329, 
                    557
                ], 
                [
                    1331, 
                    545
                ], 
                [
                    1345, 
                    546
                ], 
                [
                    1348, 
                    544
                ], 
                [
                    1358, 
                    544
                ], 
                [
                    1373, 
                    543
                ], 
                [
                    1425, 
                    429
                ], 
                [
                    1412, 
                    425
                ], 
                [
                    1400, 
                    424
                ], 
                [
                    1356, 
                    423
                ], 
                [
                    1332, 
                    423
                ]
            ]
        }, 
        {
            "label": "car", 
            "polygon": [
                [
                    1405, 
                    429
                ], 
                [
                    1423, 
                    418
                ], 
                [
                    1427, 
                    417
                ], 
                [
                    1465, 
                    413
                ], 
                [
                    1529, 
                    414
                ], 
                [
                    1553, 
                    416
                ], 
                [
                    1568, 
                    418
                ], 
                [
                    1590, 
                    422
                ], 
                [
                    1570, 
                    501
                ], 
                [
                    1505, 
                    570
                ], 
                [
                    1502, 
                    572
                ], 
                [
                    1449, 
                    573
                ], 
                [
                    1435, 
                    571
                ], 
                [
                    1429, 
                    594
                ], 
                [
                    1428, 
                    598
                ], 
                [
                    1426, 
                    600
                ], 
                [
                    1402, 
                    600
                ], 
                [
                    1397, 
                    583
                ], 
                [
                    1397, 
                    570
                ], 
                [
                    1387, 
                    566
                ], 
                [
                    1386, 
                    575
                ], 
                [
                    1386, 
                    578
                ], 
                [
                    1381, 
                    581
                ], 
                [
                    1362, 
                    581
                ], 
                [
                    1358, 
                    571
                ], 
                [
                    1356, 
                    544
                ], 
                [
                    1358, 
                    525
                ], 
                [
                    1358, 
                    517
                ], 
                [
                    1360, 
                    500
                ], 
                [
                    1367, 
                    492
                ], 
                [
                    1374, 
                    472
                ], 
                [
                    1378, 
                    462
                ], 
                [
                    1392, 
                    446
                ]
            ]
        }, 
        {
            "label": "car", 
            "polygon": [
                [
                    1582, 
                    419
                ], 
                [
                    1564, 
                    431
                ], 
                [
                    1547, 
                    452
                ], 
                [
                    1539, 
                    462
                ], 
                [
                    1539, 
                    470
                ], 
                [
                    1533, 
                    480
                ], 
                [
                    1529, 
                    475
                ], 
                [
                    1525, 
                    474
                ], 
                [
                    1507, 
                    473
                ], 
                [
                    1502, 
                    485
                ], 
                [
                    1500, 
                    488
                ], 
                [
                    1502, 
                    491
                ], 
                [
                    1519, 
                    496
                ], 
                [
                    1520, 
                    497
                ], 
                [
                    1515, 
                    513
                ], 
                [
                    1513, 
                    523
                ], 
                [
                    1508, 
                    536
                ], 
                [
                    1505, 
                    559
                ], 
                [
                    1503, 
                    600
                ], 
                [
                    1504, 
                    617
                ], 
                [
                    1509, 
                    624
                ], 
                [
                    1526, 
                    625
                ], 
                [
                    1536, 
                    621
                ], 
                [
                    1536, 
                    609
                ], 
                [
                    1539, 
                    608
                ], 
                [
                    1559, 
                    617
                ], 
                [
                    1560, 
                    638
                ], 
                [
                    1564, 
                    648
                ], 
                [
                    1571, 
                    653
                ], 
                [
                    1581, 
                    655
                ], 
                [
                    1593, 
                    657
                ], 
                [
                    1597, 
                    648
                ], 
                [
                    1598, 
                    631
                ], 
                [
                    1669, 
                    635
                ], 
                [
                    1843, 
                    435
                ], 
                [
                    1776, 
                    417
                ], 
                [
                    1720, 
                    414
                ], 
                [
                    1656, 
                    414
                ], 
                [
                    1610, 
                    414
                ], 
                [
                    1586, 
                    417
                ]
            ]
        }, 
        {
            "label": "car", 
            "polygon": [
                [
                    2047, 
                    359
                ], 
                [
                    1985, 
                    357
                ], 
                [
                    1936, 
                    361
                ], 
                [
                    1875, 
                    370
                ], 
                [
                    1836, 
                    389
                ], 
                [
                    1836, 
                    393
                ], 
                [
                    1824, 
                    398
                ], 
                [
                    1799, 
                    410
                ], 
                [
                    1770, 
                    430
                ], 
                [
                    1746, 
                    453
                ], 
                [
                    1732, 
                    472
                ], 
                [
                    1715, 
                    475
                ], 
                [
                    1706, 
                    485
                ], 
                [
                    1705, 
                    488
                ], 
                [
                    1716, 
                    492
                ], 
                [
                    1702, 
                    509
                ], 
                [
                    1699, 
                    512
                ], 
                [
                    1665, 
                    535
                ], 
                [
                    1658, 
                    551
                ], 
                [
                    1654, 
                    588
                ], 
                [
                    1651, 
                    650
                ], 
                [
                    1657, 
                    678
                ], 
                [
                    1666, 
                    691
                ], 
                [
                    1672, 
                    695
                ], 
                [
                    1702, 
                    702
                ], 
                [
                    1716, 
                    698
                ], 
                [
                    1729, 
                    692
                ], 
                [
                    1728, 
                    679
                ], 
                [
                    1857, 
                    718
                ], 
                [
                    1864, 
                    744
                ], 
                [
                    1876, 
                    778
                ], 
                [
                    1894, 
                    792
                ], 
                [
                    1918, 
                    797
                ], 
                [
                    1958, 
                    790
                ], 
                [
                    1982, 
                    755
                ], 
                [
                    2047, 
                    767
                ]
            ]
        }, 
        {
            "label": "rider", 
            "polygon": [
                [
                    1094, 
                    437
                ], 
                [
                    1098, 
                    437
                ], 
                [
                    1099, 
                    442
                ], 
                [
                    1102, 
                    442
                ], 
                [
                    1104, 
                    472
                ], 
                [
                    1093, 
                    470
                ], 
                [
                    1093, 
                    455
                ], 
                [
                    1090, 
                    454
                ], 
                [
                    1090, 
                    443
                ], 
                [
                    1093, 
                    441
                ]
            ]
        }, 
        {
            "label": "bicycle", 
            "polygon": [
                [
                    1094, 
                    456
                ], 
                [
                    1099, 
                    456
                ], 
                [
                    1099, 
                    460
                ], 
                [
                    1101, 
                    462
                ], 
                [
                    1100, 
                    470
                ], 
                [
                    1099, 
                    472
                ], 
                [
                    1099, 
                    476
                ], 
                [
                    1097, 
                    477
                ], 
                [
                    1096, 
                    476
                ], 
                [
                    1096, 
                    471
                ], 
                [
                    1096, 
                    467
                ], 
                [
                    1095, 
                    464
                ]
            ]
        }, 
        {
            "label": "rider", 
            "polygon": [
                [
                    1113, 
                    434
                ], 
                [
                    1118, 
                    438
                ], 
                [
                    1121, 
                    448
                ], 
                [
                    1123, 
                    452
                ], 
                [
                    1123, 
                    455
                ], 
                [
                    1121, 
                    458
                ], 
                [
                    1120, 
                    459
                ], 
                [
                    1118, 
                    461
                ], 
                [
                    1118, 
                    470
                ], 
                [
                    1114, 
                    470
                ], 
                [
                    1110, 
                    470
                ], 
                [
                    1106, 
                    467
                ], 
                [
                    1106, 
                    461
                ], 
                [
                    1106, 
                    454
                ], 
                [
                    1106, 
                    449
                ], 
                [
                    1107, 
                    447
                ], 
                [
                    1108, 
                    439
                ]
            ]
        }, 
        {
            "label": "terrain", 
            "polygon": [
                [
                    1015, 
                    417
                ], 
                [
                    1038, 
                    417
                ], 
                [
                    1038, 
                    423
                ], 
                [
                    1046, 
                    424
                ], 
                [
                    1046, 
                    418
                ], 
                [
                    1068, 
                    416
                ], 
                [
                    1071, 
                    419
                ], 
                [
                    1080, 
                    419
                ], 
                [
                    1109, 
                    418
                ], 
                [
                    1073, 
                    424
                ], 
                [
                    1037, 
                    432
                ], 
                [
                    1032, 
                    435
                ], 
                [
                    1015, 
                    426
                ]
            ]
        }, 
        {
            "label": "parking", 
            "polygon": [
                [
                    1068, 
                    426
                ], 
                [
                    1078, 
                    426
                ], 
                [
                    1071, 
                    429
                ], 
                [
                    1046, 
                    437
                ], 
                [
                    1029, 
                    443
                ], 
                [
                    1025, 
                    454
                ], 
                [
                    1019, 
                    470
                ], 
                [
                    1000, 
                    484
                ], 
                [
                    970, 
                    502
                ], 
                [
                    919, 
                    533
                ], 
                [
                    589, 
                    730
                ], 
                [
                    258, 
                    936
                ], 
                [
                    120, 
                    1023
                ], 
                [
                    0, 
                    1023
                ], 
                [
                    0, 
                    775
                ], 
                [
                    813, 
                    496
                ], 
                [
                    899, 
                    466
                ], 
                [
                    992, 
                    444
                ], 
                [
                    1028, 
                    438
                ], 
                [
                    1033, 
                    435
                ], 
                [
                    1057, 
                    428
                ]
            ]
        }, 
        {
            "label": "bicycle", 
            "polygon": [
                [
                    1111, 
                    462
                ], 
                [
                    1116, 
                    462
                ], 
                [
                    1117, 
                    472
                ], 
                [
                    1117, 
                    480
                ], 
                [
                    1116, 
                    486
                ], 
                [
                    1113, 
                    487
                ], 
                [
                    1111, 
                    486
                ], 
                [
                    1112, 
                    476
                ], 
                [
                    1110, 
                    472
                ], 
                [
                    1109, 
                    467
                ]
            ]
        }, 
        {
            "label": "static", 
            "polygon": [
                [
                    1008, 
                    428
                ], 
                [
                    1032, 
                    429
                ], 
                [
                    1029, 
                    442
                ], 
                [
                    1011, 
                    442
                ]
            ]
        }, 
        {
            "label": "static", 
            "polygon": [
                [
                    1003, 
                    392
                ], 
                [
                    995, 
                    402
                ], 
                [
                    1001, 
                    402
                ], 
                [
                    1009, 
                    402
                ]
            ]
        }, 
        {
            "label": "static", 
            "polygon": [
                [
                    1003, 
                    402
                ], 
                [
                    996, 
                    411
                ], 
                [
                    1010, 
                    412
                ]
            ]
        }, 
        {
            "label": "cargroup", 
            "polygon": [
                [
                    999, 
                    429
                ], 
                [
                    1016, 
                    429
                ], 
                [
                    1021, 
                    439
                ], 
                [
                    1021, 
                    451
                ], 
                [
                    1016, 
                    456
                ], 
                [
                    1013, 
                    456
                ], 
                [
                    1003, 
                    452
                ]
            ]
        }, 
        {
            "label": "car", 
            "polygon": [
                [
                    972, 
                    430
                ], 
                [
                    1011, 
                    430
                ], 
                [
                    1013, 
                    463
                ], 
                [
                    1013, 
                    472
                ], 
                [
                    1008, 
                    474
                ], 
                [
                    983, 
                    462
                ], 
                [
                    971, 
                    458
                ], 
                [
                    967, 
                    450
                ], 
                [
                    967, 
                    438
                ], 
                [
                    967, 
                    432
                ]
            ]
        }, 
        {
            "label": "car", 
            "polygon": [
                [
                    961, 
                    440
                ], 
                [
                    993, 
                    440
                ], 
                [
                    999, 
                    452
                ], 
                [
                    1005, 
                    453
                ], 
                [
                    1005, 
                    456
                ], 
                [
                    1001, 
                    456
                ], 
                [
                    1005, 
                    464
                ], 
                [
                    1004, 
                    481
                ], 
                [
                    1003, 
                    485
                ], 
                [
                    1000, 
                    486
                ], 
                [
                    995, 
                    485
                ], 
                [
                    992, 
                    481
                ], 
                [
                    984, 
                    481
                ], 
                [
                    960, 
                    480
                ], 
                [
                    953, 
                    462
                ], 
                [
                    953, 
                    450
                ]
            ]
        }, 
        {
            "label": "car", 
            "polygon": [
                [
                    903, 
                    423
                ], 
                [
                    948, 
                    422
                ], 
                [
                    952, 
                    423
                ], 
                [
                    958, 
                    430
                ], 
                [
                    962, 
                    451
                ], 
                [
                    964, 
                    468
                ], 
                [
                    964, 
                    495
                ], 
                [
                    958, 
                    502
                ], 
                [
                    954, 
                    503
                ], 
                [
                    944, 
                    502
                ], 
                [
                    928, 
                    478
                ], 
                [
                    903, 
                    455
                ], 
                [
                    883, 
                    439
                ], 
                [
                    888, 
                    435
                ], 
                [
                    893, 
                    429
                ], 
                [
                    895, 
                    429
                ]
            ]
        }, 
        {
            "label": "car", 
            "polygon": [
                [
                    903, 
                    438
                ], 
                [
                    921, 
                    438
                ], 
                [
                    927, 
                    440
                ], 
                [
                    935, 
                    450
                ], 
                [
                    938, 
                    453
                ], 
                [
                    938, 
                    456
                ], 
                [
                    944, 
                    468
                ], 
                [
                    946, 
                    504
                ], 
                [
                    944, 
                    507
                ], 
                [
                    934, 
                    510
                ], 
                [
                    924, 
                    509
                ], 
                [
                    909, 
                    484
                ], 
                [
                    901, 
                    455
                ]
            ]
        }, 
        {
            "label": "car", 
            "polygon": [
                [
                    864, 
                    436
                ], 
                [
                    886, 
                    436
                ], 
                [
                    906, 
                    437
                ], 
                [
                    914, 
                    449
                ], 
                [
                    917, 
                    459
                ], 
                [
                    919, 
                    456
                ], 
                [
                    927, 
                    458
                ], 
                [
                    927, 
                    465
                ], 
                [
                    924, 
                    465
                ], 
                [
                    925, 
                    473
                ], 
                [
                    926, 
                    490
                ], 
                [
                    926, 
                    511
                ], 
                [
                    925, 
                    512
                ], 
                [
                    918, 
                    516
                ], 
                [
                    910, 
                    517
                ], 
                [
                    905, 
                    515
                ], 
                [
                    905, 
                    510
                ], 
                [
                    880, 
                    510
                ], 
                [
                    856, 
                    470
                ]
            ]
        }, 
        {
            "label": "car", 
            "polygon": [
                [
                    804, 
                    435
                ], 
                [
                    865, 
                    435
                ], 
                [
                    871, 
                    440
                ], 
                [
                    883, 
                    460
                ], 
                [
                    887, 
                    461
                ], 
                [
                    887, 
                    465
                ], 
                [
                    891, 
                    480
                ], 
                [
                    891, 
                    521
                ], 
                [
                    888, 
                    523
                ], 
                [
                    883, 
                    522
                ], 
                [
                    881, 
                    525
                ], 
                [
                    878, 
                    527
                ], 
                [
                    866, 
                    527
                ], 
                [
                    863, 
                    517
                ], 
                [
                    829, 
                    519
                ], 
                [
                    810, 
                    517
                ], 
                [
                    797, 
                    486
                ], 
                [
                    788, 
                    460
                ], 
                [
                    789, 
                    442
                ], 
                [
                    796, 
                    435
                ]
            ]
        }, 
        {
            "label": "license plate", 
            "polygon": [
                [
                    822, 
                    497
                ], 
                [
                    836, 
                    497
                ], 
                [
                    836, 
                    504
                ], 
                [
                    815, 
                    503
                ]
            ]
        }, 
        {
            "label": "car", 
            "polygon": [
                [
                    717, 
                    417
                ], 
                [
                    782, 
                    420
                ], 
                [
                    787, 
                    420
                ], 
                [
                    801, 
                    442
                ], 
                [
                    817, 
                    476
                ], 
                [
                    822, 
                    500
                ], 
                [
                    825, 
                    532
                ], 
                [
                    822, 
                    557
                ], 
                [
                    800, 
                    557
                ], 
                [
                    799, 
                    547
                ], 
                [
                    788, 
                    551
                ], 
                [
                    788, 
                    569
                ], 
                [
                    783, 
                    573
                ], 
                [
                    764, 
                    572
                ], 
                [
                    763, 
                    556
                ], 
                [
                    741, 
                    558
                ], 
                [
                    691, 
                    450
                ]
            ]
        }, 
        {
            "label": "car", 
            "polygon": [
                [
                    606, 
                    406
                ], 
                [
                    615, 
                    405
                ], 
                [
                    673, 
                    405
                ], 
                [
                    679, 
                    402
                ], 
                [
                    683, 
                    402
                ], 
                [
                    697, 
                    403
                ], 
                [
                    712, 
                    409
                ], 
                [
                    712, 
                    413
                ], 
                [
                    718, 
                    419
                ], 
                [
                    722, 
                    427
                ], 
                [
                    741, 
                    460
                ], 
                [
                    751, 
                    484
                ], 
                [
                    749, 
                    496
                ], 
                [
                    753, 
                    515
                ], 
                [
                    754, 
                    574
                ], 
                [
                    752, 
                    592
                ], 
                [
                    748, 
                    593
                ], 
                [
                    721, 
                    593
                ], 
                [
                    723, 
                    580
                ], 
                [
                    710, 
                    585
                ], 
                [
                    710, 
                    599
                ], 
                [
                    710, 
                    608
                ], 
                [
                    707, 
                    619
                ], 
                [
                    694, 
                    620
                ], 
                [
                    678, 
                    621
                ], 
                [
                    650, 
                    607
                ], 
                [
                    599, 
                    462
                ]
            ]
        }, 
        {
            "label": "car", 
            "polygon": [
                [
                    327, 
                    382
                ], 
                [
                    373, 
                    380
                ], 
                [
                    390, 
                    382
                ], 
                [
                    412, 
                    380
                ], 
                [
                    487, 
                    382
                ], 
                [
                    532, 
                    383
                ], 
                [
                    539, 
                    381
                ], 
                [
                    553, 
                    379
                ], 
                [
                    594, 
                    389
                ], 
                [
                    598, 
                    393
                ], 
                [
                    602, 
                    400
                ], 
                [
                    620, 
                    405
                ], 
                [
                    626, 
                    423
                ], 
                [
                    636, 
                    451
                ], 
                [
                    648, 
                    466
                ], 
                [
                    650, 
                    475
                ], 
                [
                    651, 
                    477
                ], 
                [
                    660, 
                    491
                ], 
                [
                    660, 
                    535
                ], 
                [
                    666, 
                    606
                ], 
                [
                    662, 
                    632
                ], 
                [
                    656, 
                    661
                ], 
                [
                    650, 
                    667
                ], 
                [
                    647, 
                    669
                ], 
                [
                    615, 
                    669
                ], 
                [
                    611, 
                    666
                ], 
                [
                    611, 
                    641
                ], 
                [
                    610, 
                    639
                ], 
                [
                    559, 
                    661
                ], 
                [
                    556, 
                    695
                ], 
                [
                    552, 
                    711
                ], 
                [
                    548, 
                    724
                ], 
                [
                    535, 
                    730
                ], 
                [
                    505, 
                    731
                ], 
                [
                    491, 
                    703
                ], 
                [
                    374, 
                    718
                ], 
                [
                    282, 
                    724
                ], 
                [
                    214, 
                    659
                ], 
                [
                    191, 
                    501
                ], 
                [
                    247, 
                    429
                ], 
                [
                    283, 
                    402
                ], 
                [
                    304, 
                    392
                ]
            ]
        }, 
        {
            "label": "license plate", 
            "polygon": [
                [
                    273, 
                    625
                ], 
                [
                    344, 
                    623
                ], 
                [
                    343, 
                    649
                ], 
                [
                    319, 
                    655
                ], 
                [
                    257, 
                    658
                ]
            ]
        }, 
        {
            "label": "car", 
            "polygon": [
                [
                    0, 
                    359
                ], 
                [
                    44, 
                    363
                ], 
                [
                    161, 
                    380
                ], 
                [
                    186, 
                    392
                ], 
                [
                    193, 
                    400
                ], 
                [
                    215, 
                    424
                ], 
                [
                    242, 
                    448
                ], 
                [
                    247, 
                    453
                ], 
                [
                    258, 
                    473
                ], 
                [
                    269, 
                    495
                ], 
                [
                    273, 
                    560
                ], 
                [
                    276, 
                    585
                ], 
                [
                    278, 
                    648
                ], 
                [
                    283, 
                    736
                ], 
                [
                    277, 
                    778
                ], 
                [
                    265, 
                    801
                ], 
                [
                    236, 
                    814
                ], 
                [
                    215, 
                    816
                ], 
                [
                    198, 
                    809
                ], 
                [
                    193, 
                    781
                ], 
                [
                    0, 
                    854
                ]
            ]
        }, 
        {
            "label": "terrain", 
            "polygon": [
                [
                    997, 
                    418
                ], 
                [
                    1012, 
                    418
                ], 
                [
                    1012, 
                    426
                ], 
                [
                    1005, 
                    426
                ]
            ]
        }, 
        {
            "label": "car", 
            "polygon": [
                [
                    1178, 
                    437
                ], 
                [
                    1177, 
                    441
                ], 
                [
                    1167, 
                    453
                ], 
                [
                    1163, 
                    453
                ], 
                [
                    1163, 
                    459
                ], 
                [
                    1162, 
                    468
                ], 
                [
                    1162, 
                    490
                ], 
                [
                    1163, 
                    491
                ], 
                [
                    1168, 
                    493
                ], 
                [
                    1170, 
                    492
                ], 
                [
                    1172, 
                    491
                ], 
                [
                    1179, 
                    484
                ], 
                [
                    1185, 
                    466
                ], 
                [
                    1191, 
                    452
                ], 
                [
                    1193, 
                    447
                ], 
                [
                    1195, 
                    441
                ], 
                [
                    1193, 
                    437
                ], 
                [
                    1180, 
                    437
                ], 
                [
                    1178, 
                    437
                ]
            ]
        }, 
        {
            "label": "car", 
            "polygon": [
                [
                    1211, 
                    438
                ], 
                [
                    1209, 
                    440
                ], 
                [
                    1187, 
                    441
                ], 
                [
                    1179, 
                    456
                ], 
                [
                    1175, 
                    453
                ], 
                [
                    1172, 
                    454
                ], 
                [
                    1170, 
                    455
                ], 
                [
                    1170, 
                    458
                ], 
                [
                    1173, 
                    461
                ], 
                [
                    1170, 
                    468
                ], 
                [
                    1170, 
                    494
                ], 
                [
                    1191, 
                    504
                ], 
                [
                    1199, 
                    505
                ], 
                [
                    1203, 
                    483
                ], 
                [
                    1213, 
                    455
                ], 
                [
                    1215, 
                    441
                ], 
                [
                    1211, 
                    438
                ]
            ]
        }, 
        {
            "label": "car", 
            "polygon": [
                [
                    1222, 
                    443
                ], 
                [
                    1217, 
                    440
                ], 
                [
                    1205, 
                    440
                ], 
                [
                    1193, 
                    456
                ], 
                [
                    1191, 
                    459
                ], 
                [
                    1188, 
                    459
                ], 
                [
                    1185, 
                    456
                ], 
                [
                    1182, 
                    459
                ], 
                [
                    1188, 
                    464
                ], 
                [
                    1187, 
                    467
                ], 
                [
                    1185, 
                    474
                ], 
                [
                    1183, 
                    497
                ], 
                [
                    1183, 
                    500
                ], 
                [
                    1184, 
                    502
                ], 
                [
                    1187, 
                    502
                ], 
                [
                    1190, 
                    504
                ], 
                [
                    1194, 
                    505
                ], 
                [
                    1196, 
                    505
                ], 
                [
                    1204, 
                    497
                ], 
                [
                    1222, 
                    464
                ], 
                [
                    1221, 
                    451
                ]
            ]
        }, 
        {
            "label": "car", 
            "polygon": [
                [
                    1216, 
                    436
                ], 
                [
                    1227, 
                    434
                ], 
                [
                    1266, 
                    434
                ], 
                [
                    1275, 
                    438
                ], 
                [
                    1277, 
                    463
                ], 
                [
                    1260, 
                    497
                ], 
                [
                    1246, 
                    504
                ], 
                [
                    1232, 
                    505
                ], 
                [
                    1219, 
                    505
                ], 
                [
                    1218, 
                    505
                ], 
                [
                    1218, 
                    511
                ], 
                [
                    1215, 
                    512
                ], 
                [
                    1207, 
                    511
                ], 
                [
                    1207, 
                    501
                ], 
                [
                    1206, 
                    501
                ], 
                [
                    1206, 
                    509
                ], 
                [
                    1199, 
                    508
                ], 
                [
                    1198, 
                    508
                ], 
                [
                    1197, 
                    500
                ], 
                [
                    1197, 
                    476
                ], 
                [
                    1202, 
                    465
                ], 
                [
                    1203, 
                    462
                ], 
                [
                    1203, 
                    460
                ], 
                [
                    1194, 
                    460
                ], 
                [
                    1194, 
                    456
                ], 
                [
                    1198, 
                    454
                ], 
                [
                    1202, 
                    452
                ], 
                [
                    1205, 
                    456
                ]
            ]
        }, 
        {
            "label": "license plate", 
            "polygon": [
                [
                    1238, 
                    467
                ], 
                [
                    1265, 
                    466
                ], 
                [
                    1266, 
                    474
                ], 
                [
                    1236, 
                    473
                ]
            ]
        }, 
        {
            "label": "car", 
            "polygon": [
                [
                    1293, 
                    429
                ], 
                [
                    1285, 
                    428
                ], 
                [
                    1261, 
                    459
                ], 
                [
                    1260, 
                    453
                ], 
                [
                    1255, 
                    454
                ], 
                [
                    1252, 
                    461
                ], 
                [
                    1253, 
                    464
                ], 
                [
                    1259, 
                    465
                ], 
                [
                    1252, 
                    475
                ], 
                [
                    1246, 
                    484
                ], 
                [
                    1245, 
                    517
                ], 
                [
                    1247, 
                    529
                ], 
                [
                    1260, 
                    533
                ], 
                [
                    1264, 
                    532
                ], 
                [
                    1268, 
                    540
                ], 
                [
                    1271, 
                    541
                ], 
                [
                    1287, 
                    516
                ], 
                [
                    1296, 
                    481
                ]
            ]
        }, 
        {
            "label": "person", 
            "polygon": [
                [
                    1290, 
                    382
                ], 
                [
                    1299, 
                    382
                ], 
                [
                    1306, 
                    389
                ], 
                [
                    1305, 
                    393
                ], 
                [
                    1304, 
                    397
                ], 
                [
                    1301, 
                    400
                ], 
                [
                    1301, 
                    404
                ], 
                [
                    1294, 
                    413
                ], 
                [
                    1296, 
                    422
                ], 
                [
                    1299, 
                    429
                ], 
                [
                    1300, 
                    434
                ], 
                [
                    1303, 
                    443
                ], 
                [
                    1304, 
                    466
                ], 
                [
                    1303, 
                    470
                ], 
                [
                    1303, 
                    476
                ], 
                [
                    1304, 
                    484
                ], 
                [
                    1305, 
                    503
                ], 
                [
                    1306, 
                    510
                ], 
                [
                    1301, 
                    513
                ], 
                [
                    1299, 
                    516
                ], 
                [
                    1295, 
                    520
                ], 
                [
                    1292, 
                    520
                ], 
                [
                    1293, 
                    532
                ], 
                [
                    1294, 
                    538
                ], 
                [
                    1296, 
                    544
                ], 
                [
                    1296, 
                    548
                ], 
                [
                    1304, 
                    552
                ], 
                [
                    1307, 
                    553
                ], 
                [
                    1306, 
                    557
                ], 
                [
                    1303, 
                    558
                ], 
                [
                    1300, 
                    558
                ], 
                [
                    1282, 
                    558
                ], 
                [
                    1281, 
                    556
                ], 
                [
                    1280, 
                    548
                ], 
                [
                    1279, 
                    558
                ], 
                [
                    1273, 
                    558
                ], 
                [
                    1268, 
                    556
                ], 
                [
                    1270, 
                    552
                ], 
                [
                    1270, 
                    544
                ], 
                [
                    1270, 
                    531
                ], 
                [
                    1271, 
                    521
                ], 
                [
                    1273, 
                    505
                ], 
                [
                    1276, 
                    498
                ], 
                [
                    1275, 
                    491
                ], 
                [
                    1270, 
                    484
                ], 
                [
                    1268, 
                    477
                ], 
                [
                    1269, 
                    467
                ], 
                [
                    1267, 
                    465
                ], 
                [
                    1267, 
                    461
                ], 
                [
                    1268, 
                    455
                ], 
                [
                    1270, 
                    443
                ], 
                [
                    1271, 
                    430
                ], 
                [
                    1270, 
                    422
                ], 
                [
                    1270, 
                    413
                ], 
                [
                    1273, 
                    410
                ], 
                [
                    1277, 
                    407
                ], 
                [
                    1282, 
                    402
                ], 
                [
                    1285, 
                    399
                ], 
                [
                    1283, 
                    394
                ], 
                [
                    1283, 
                    388
                ]
            ]
        }, 
        {
            "label": "ego vehicle", 
            "polygon": [
                [
                    271, 
                    1023
                ], 
                [
                    387, 
                    1009
                ], 
                [
                    549, 
                    993
                ], 
                [
                    821, 
                    966
                ], 
                [
                    1082, 
                    950
                ], 
                [
                    1142, 
                    947
                ], 
                [
                    1112, 
                    932
                ], 
                [
                    1096, 
                    896
                ], 
                [
                    1108, 
                    861
                ], 
                [
                    1137, 
                    844
                ], 
                [
                    1175, 
                    844
                ], 
                [
                    1204, 
                    867
                ], 
                [
                    1209, 
                    897
                ], 
                [
                    1195, 
                    931
                ], 
                [
                    1161, 
                    945
                ], 
                [
                    1376, 
                    957
                ], 
                [
                    1654, 
                    977
                ], 
                [
                    1883, 
                    1002
                ], 
                [
                    2028, 
                    1023
                ]
            ]
        }, 
        {
            "label": "out of roi", 
            "polygon": [
                [
                    0, 
                    0
                ], 
                [
                    2048, 
                    0
                ], 
                [
                    2048, 
                    1024
                ], 
                [
                    0, 
                    1024
                ], 
                [
                    0, 
                    0
                ], 
                [
                    5, 
                    5
                ], 
                [
                    5, 
                    1019
                ], 
                [
                    2043, 
                    1019
                ], 
                [
                    2043, 
                    5
                ], 
                [
                    5, 
                    5
                ]
            ]
        }
    ]
}