{
    "imgHeight": 1024, 
    "imgWidth": 2048, 
    "objects": [
        {
            "label": "road", 
            "polygon": [
                [
                    264, 
                    1023
                ], 
                [
                    663, 
                    751
                ], 
                [
                    1062, 
                    538
                ], 
                [
                    1381, 
                    497
                ], 
                [
                    1681, 
                    464
                ], 
                [
                    1694, 
                    393
                ], 
                [
                    1780, 
                    416
                ], 
                [
                    1917, 
                    414
                ], 
                [
                    1891, 
                    511
                ], 
                [
                    1807, 
                    553
                ], 
                [
                    1903, 
                    618
                ], 
                [
                    2047, 
                    662
                ], 
                [
                    2047, 
                    1023
                ]
            ]
        }, 
        {
            "label": "building", 
            "polygon": [
                [
                    0, 
                    0
                ], 
                [
                    0, 
                    0
                ], 
                [
                    2047, 
                    0
                ], 
                [
                    2047, 
                    584
                ], 
                [
                    1884, 
                    533
                ], 
                [
                    1905, 
                    429
                ], 
                [
                    1821, 
                    426
                ], 
                [
                    1702, 
                    411
                ], 
                [
                    1683, 
                    462
                ], 
                [
                    1658, 
                    477
                ], 
                [
                    1402, 
                    499
                ], 
                [
                    962, 
                    561
                ], 
                [
                    0, 
                    793
                ]
            ]
        }, 
        {
            "label": "sidewalk", 
            "polygon": [
                [
                    1, 
                    777
                ], 
                [
                    275, 
                    691
                ], 
                [
                    352, 
                    673
                ], 
                [
                    464, 
                    653
                ], 
                [
                    480, 
                    657
                ], 
                [
                    587, 
                    619
                ], 
                [
                    600, 
                    614
                ], 
                [
                    600, 
                    606
                ], 
                [
                    711, 
                    564
                ], 
                [
                    764, 
                    589
                ], 
                [
                    794, 
                    587
                ], 
                [
                    845, 
                    574
                ], 
                [
                    899, 
                    560
                ], 
                [
                    976, 
                    545
                ], 
                [
                    1082, 
                    521
                ], 
                [
                    1246, 
                    516
                ], 
                [
                    1281, 
                    507
                ], 
                [
                    1307, 
                    500
                ], 
                [
                    1317, 
                    499
                ], 
                [
                    1348, 
                    492
                ], 
                [
                    1380, 
                    496
                ], 
                [
                    1387, 
                    492
                ], 
                [
                    1463, 
                    490
                ], 
                [
                    1478, 
                    487
                ], 
                [
                    1489, 
                    487
                ], 
                [
                    1586, 
                    481
                ], 
                [
                    1678, 
                    467
                ], 
                [
                    1681, 
                    462
                ], 
                [
                    1709, 
                    467
                ], 
                [
                    1714, 
                    470
                ], 
                [
                    1707, 
                    477
                ], 
                [
                    1684, 
                    480
                ], 
                [
                    1667, 
                    485
                ], 
                [
                    1639, 
                    487
                ], 
                [
                    1580, 
                    495
                ], 
                [
                    1442, 
                    512
                ], 
                [
                    1366, 
                    524
                ], 
                [
                    1232, 
                    546
                ], 
                [
                    1190, 
                    552
                ], 
                [
                    1163, 
                    560
                ], 
                [
                    1113, 
                    581
                ], 
                [
                    1080, 
                    601
                ], 
                [
                    1026, 
                    632
                ], 
                [
                    659, 
                    877
                ], 
                [
                    437, 
                    1023
                ], 
                [
                    0, 
                    1023
                ]
            ]
        }, 
        {
            "label": "sidewalk", 
            "polygon": [
                [
                    2047, 
                    568
                ], 
                [
                    1975, 
                    553
                ], 
                [
                    1927, 
                    546
                ], 
                [
                    1927, 
                    508
                ], 
                [
                    1921, 
                    476
                ], 
                [
                    1869, 
                    502
                ], 
                [
                    1830, 
                    510
                ], 
                [
                    1792, 
                    515
                ], 
                [
                    1770, 
                    526
                ], 
                [
                    1750, 
                    541
                ], 
                [
                    1741, 
                    552
                ], 
                [
                    1740, 
                    570
                ], 
                [
                    1747, 
                    580
                ], 
                [
                    1771, 
                    595
                ], 
                [
                    1803, 
                    615
                ], 
                [
                    1829, 
                    627
                ], 
                [
                    2047, 
                    715
                ]
            ]
        }, 
        {
            "label": "motorcycle", 
            "polygon": [
                [
                    972, 
                    440
                ], 
                [
                    980, 
                    438
                ], 
                [
                    985, 
                    432
                ], 
                [
                    993, 
                    427
                ], 
                [
                    1004, 
                    424
                ], 
                [
                    1013, 
                    420
                ], 
                [
                    1020, 
                    420
                ], 
                [
                    1026, 
                    423
                ], 
                [
                    1027, 
                    428
                ], 
                [
                    1026, 
                    434
                ], 
                [
                    1031, 
                    434
                ], 
                [
                    1036, 
                    449
                ], 
                [
                    1047, 
                    448
                ], 
                [
                    1048, 
                    449
                ], 
                [
                    1045, 
                    453
                ], 
                [
                    1038, 
                    458
                ], 
                [
                    1032, 
                    463
                ], 
                [
                    1028, 
                    466
                ], 
                [
                    1031, 
                    471
                ], 
                [
                    1034, 
                    477
                ], 
                [
                    1037, 
                    486
                ], 
                [
                    1037, 
                    492
                ], 
                [
                    1035, 
                    499
                ], 
                [
                    1031, 
                    508
                ], 
                [
                    1024, 
                    514
                ], 
                [
                    1016, 
                    516
                ], 
                [
                    1008, 
                    517
                ], 
                [
                    985, 
                    467
                ], 
                [
                    971, 
                    464
                ]
            ]
        }, 
        {
            "label": "person", 
            "polygon": [
                [
                    972, 
                    455
                ], 
                [
                    975, 
                    452
                ], 
                [
                    984, 
                    452
                ], 
                [
                    992, 
                    455
                ], 
                [
                    997, 
                    463
                ], 
                [
                    998, 
                    470
                ], 
                [
                    1001, 
                    475
                ], 
                [
                    1003, 
                    483
                ], 
                [
                    1005, 
                    487
                ], 
                [
                    1002, 
                    492
                ], 
                [
                    1004, 
                    502
                ], 
                [
                    1008, 
                    510
                ], 
                [
                    1010, 
                    516
                ], 
                [
                    1012, 
                    521
                ], 
                [
                    1004, 
                    526
                ], 
                [
                    999, 
                    532
                ], 
                [
                    993, 
                    533
                ], 
                [
                    991, 
                    532
                ], 
                [
                    989, 
                    531
                ], 
                [
                    985, 
                    527
                ], 
                [
                    982, 
                    532
                ], 
                [
                    979, 
                    536
                ], 
                [
                    975, 
                    536
                ], 
                [
                    973, 
                    531
                ], 
                [
                    972, 
                    524
                ], 
                [
                    972, 
                    517
                ], 
                [
                    971, 
                    507
                ], 
                [
                    970, 
                    503
                ]
            ]
        }, 
        {
            "label": "motorcycle", 
            "polygon": [
                [
                    1157, 
                    435
                ], 
                [
                    1150, 
                    430
                ], 
                [
                    1139, 
                    436
                ], 
                [
                    1139, 
                    432
                ], 
                [
                    1151, 
                    425
                ], 
                [
                    1160, 
                    431
                ], 
                [
                    1165, 
                    430
                ], 
                [
                    1165, 
                    427
                ], 
                [
                    1169, 
                    423
                ], 
                [
                    1174, 
                    419
                ], 
                [
                    1180, 
                    419
                ], 
                [
                    1185, 
                    419
                ], 
                [
                    1188, 
                    424
                ], 
                [
                    1193, 
                    422
                ], 
                [
                    1193, 
                    418
                ], 
                [
                    1196, 
                    415
                ], 
                [
                    1202, 
                    414
                ], 
                [
                    1205, 
                    415
                ], 
                [
                    1212, 
                    411
                ], 
                [
                    1217, 
                    412
                ], 
                [
                    1195, 
                    426
                ], 
                [
                    1192, 
                    436
                ], 
                [
                    1203, 
                    452
                ], 
                [
                    1235, 
                    453
                ], 
                [
                    1239, 
                    455
                ], 
                [
                    1233, 
                    461
                ], 
                [
                    1230, 
                    468
                ], 
                [
                    1240, 
                    473
                ], 
                [
                    1253, 
                    474
                ], 
                [
                    1249, 
                    480
                ], 
                [
                    1255, 
                    501
                ], 
                [
                    1242, 
                    504
                ], 
                [
                    1236, 
                    492
                ], 
                [
                    1233, 
                    490
                ], 
                [
                    1232, 
                    480
                ], 
                [
                    1221, 
                    476
                ], 
                [
                    1210, 
                    474
                ], 
                [
                    1196, 
                    479
                ], 
                [
                    1156, 
                    441
                ]
            ]
        }, 
        {
            "label": "sidewalk", 
            "polygon": [
                [
                    1829, 
                    430
                ], 
                [
                    1772, 
                    426
                ], 
                [
                    1748, 
                    422
                ], 
                [
                    1772, 
                    420
                ], 
                [
                    1834, 
                    424
                ], 
                [
                    1836, 
                    424
                ], 
                [
                    1839, 
                    427
                ], 
                [
                    1838, 
                    431
                ]
            ]
        }, 
        {
            "label": "motorcycle", 
            "polygon": [
                [
                    1078, 
                    498
                ], 
                [
                    1082, 
                    491
                ], 
                [
                    1087, 
                    487
                ], 
                [
                    1086, 
                    483
                ], 
                [
                    1096, 
                    476
                ], 
                [
                    1096, 
                    470
                ], 
                [
                    1099, 
                    464
                ], 
                [
                    1098, 
                    456
                ], 
                [
                    1099, 
                    448
                ], 
                [
                    1102, 
                    442
                ], 
                [
                    1099, 
                    435
                ], 
                [
                    1097, 
                    428
                ], 
                [
                    1096, 
                    422
                ], 
                [
                    1099, 
                    419
                ], 
                [
                    1102, 
                    420
                ], 
                [
                    1105, 
                    426
                ], 
                [
                    1107, 
                    434
                ], 
                [
                    1107, 
                    438
                ], 
                [
                    1113, 
                    435
                ], 
                [
                    1121, 
                    434
                ], 
                [
                    1127, 
                    432
                ], 
                [
                    1132, 
                    432
                ], 
                [
                    1134, 
                    428
                ], 
                [
                    1132, 
                    425
                ], 
                [
                    1134, 
                    422
                ], 
                [
                    1139, 
                    419
                ], 
                [
                    1146, 
                    419
                ], 
                [
                    1147, 
                    424
                ], 
                [
                    1145, 
                    429
                ], 
                [
                    1137, 
                    431
                ], 
                [
                    1137, 
                    437
                ], 
                [
                    1134, 
                    441
                ], 
                [
                    1135, 
                    446
                ], 
                [
                    1146, 
                    440
                ], 
                [
                    1161, 
                    436
                ], 
                [
                    1171, 
                    443
                ], 
                [
                    1181, 
                    454
                ], 
                [
                    1185, 
                    464
                ], 
                [
                    1193, 
                    463
                ], 
                [
                    1200, 
                    454
                ], 
                [
                    1234, 
                    451
                ], 
                [
                    1238, 
                    453
                ], 
                [
                    1233, 
                    461
                ], 
                [
                    1230, 
                    468
                ], 
                [
                    1223, 
                    471
                ], 
                [
                    1219, 
                    473
                ], 
                [
                    1208, 
                    477
                ], 
                [
                    1204, 
                    484
                ], 
                [
                    1202, 
                    486
                ], 
                [
                    1204, 
                    488
                ], 
                [
                    1211, 
                    485
                ], 
                [
                    1219, 
                    486
                ], 
                [
                    1232, 
                    492
                ], 
                [
                    1239, 
                    503
                ], 
                [
                    1242, 
                    514
                ], 
                [
                    1242, 
                    524
                ], 
                [
                    1236, 
                    540
                ], 
                [
                    1226, 
                    550
                ], 
                [
                    1216, 
                    550
                ], 
                [
                    1205, 
                    549
                ], 
                [
                    1199, 
                    543
                ], 
                [
                    1194, 
                    536
                ], 
                [
                    1192, 
                    528
                ], 
                [
                    1180, 
                    529
                ], 
                [
                    1174, 
                    533
                ], 
                [
                    1167, 
                    534
                ], 
                [
                    1163, 
                    531
                ], 
                [
                    1162, 
                    527
                ], 
                [
                    1154, 
                    527
                ], 
                [
                    1142, 
                    540
                ], 
                [
                    1137, 
                    538
                ], 
                [
                    1151, 
                    526
                ], 
                [
                    1141, 
                    526
                ], 
                [
                    1130, 
                    524
                ], 
                [
                    1126, 
                    527
                ], 
                [
                    1117, 
                    532
                ], 
                [
                    1104, 
                    532
                ], 
                [
                    1094, 
                    529
                ], 
                [
                    1088, 
                    524
                ], 
                [
                    1082, 
                    515
                ], 
                [
                    1078, 
                    508
                ]
            ]
        }, 
        {
            "label": "motorcycle", 
            "polygon": [
                [
                    1852, 
                    422
                ], 
                [
                    1852, 
                    416
                ], 
                [
                    1854, 
                    413
                ], 
                [
                    1858, 
                    411
                ], 
                [
                    1858, 
                    409
                ], 
                [
                    1856, 
                    406
                ], 
                [
                    1864, 
                    405
                ], 
                [
                    1865, 
                    405
                ], 
                [
                    1862, 
                    400
                ], 
                [
                    1855, 
                    399
                ], 
                [
                    1855, 
                    395
                ], 
                [
                    1861, 
                    395
                ], 
                [
                    1865, 
                    399
                ], 
                [
                    1874, 
                    395
                ], 
                [
                    1874, 
                    392
                ], 
                [
                    1881, 
                    391
                ], 
                [
                    1881, 
                    397
                ], 
                [
                    1878, 
                    398
                ], 
                [
                    1874, 
                    400
                ], 
                [
                    1873, 
                    403
                ], 
                [
                    1877, 
                    406
                ], 
                [
                    1877, 
                    411
                ], 
                [
                    1877, 
                    417
                ], 
                [
                    1878, 
                    423
                ], 
                [
                    1874, 
                    427
                ], 
                [
                    1853, 
                    428
                ]
            ]
        }, 
        {
            "label": "car", 
            "polygon": [
                [
                    1682, 
                    382
                ], 
                [
                    1703, 
                    371
                ], 
                [
                    1757, 
                    374
                ], 
                [
                    1767, 
                    395
                ], 
                [
                    1773, 
                    413
                ], 
                [
                    1775, 
                    422
                ], 
                [
                    1772, 
                    428
                ], 
                [
                    1763, 
                    428
                ], 
                [
                    1681, 
                    431
                ]
            ]
        }, 
        {
            "label": "static", 
            "polygon": [
                [
                    1719, 
                    373
                ], 
                [
                    1718, 
                    367
                ], 
                [
                    1720, 
                    363
                ], 
                [
                    1724, 
                    359
                ], 
                [
                    1728, 
                    358
                ], 
                [
                    1733, 
                    361
                ], 
                [
                    1735, 
                    365
                ], 
                [
                    1736, 
                    371
                ], 
                [
                    1733, 
                    376
                ], 
                [
                    1729, 
                    378
                ], 
                [
                    1724, 
                    378
                ], 
                [
                    1721, 
                    377
                ]
            ]
        }, 
        {
            "label": "cargroup", 
            "polygon": [
                [
                    1830, 
                    434
                ], 
                [
                    1834, 
                    424
                ], 
                [
                    1849, 
                    423
                ], 
                [
                    1864, 
                    423
                ], 
                [
                    1893, 
                    423
                ], 
                [
                    1909, 
                    424
                ], 
                [
                    1905, 
                    497
                ], 
                [
                    1891, 
                    499
                ], 
                [
                    1882, 
                    501
                ], 
                [
                    1878, 
                    498
                ], 
                [
                    1878, 
                    493
                ], 
                [
                    1829, 
                    489
                ]
            ]
        }, 
        {
            "label": "car", 
            "polygon": [
                [
                    1745, 
                    441
                ], 
                [
                    1756, 
                    426
                ], 
                [
                    1766, 
                    426
                ], 
                [
                    1831, 
                    430
                ], 
                [
                    1841, 
                    442
                ], 
                [
                    1846, 
                    451
                ], 
                [
                    1849, 
                    456
                ], 
                [
                    1856, 
                    455
                ], 
                [
                    1860, 
                    459
                ], 
                [
                    1862, 
                    462
                ], 
                [
                    1858, 
                    463
                ], 
                [
                    1853, 
                    464
                ], 
                [
                    1858, 
                    478
                ], 
                [
                    1860, 
                    488
                ], 
                [
                    1860, 
                    500
                ], 
                [
                    1855, 
                    509
                ], 
                [
                    1850, 
                    510
                ], 
                [
                    1844, 
                    510
                ], 
                [
                    1841, 
                    508
                ], 
                [
                    1839, 
                    502
                ], 
                [
                    1834, 
                    502
                ], 
                [
                    1833, 
                    508
                ], 
                [
                    1828, 
                    511
                ], 
                [
                    1824, 
                    510
                ], 
                [
                    1816, 
                    503
                ], 
                [
                    1806, 
                    483
                ], 
                [
                    1746, 
                    474
                ]
            ]
        }, 
        {
            "label": "person", 
            "polygon": [
                [
                    1915, 
                    566
                ], 
                [
                    1915, 
                    551
                ], 
                [
                    1917, 
                    547
                ], 
                [
                    1919, 
                    546
                ], 
                [
                    1921, 
                    533
                ], 
                [
                    1922, 
                    517
                ], 
                [
                    1922, 
                    513
                ], 
                [
                    1904, 
                    524
                ], 
                [
                    1902, 
                    516
                ], 
                [
                    1902, 
                    505
                ], 
                [
                    1904, 
                    497
                ], 
                [
                    1899, 
                    495
                ], 
                [
                    1893, 
                    490
                ], 
                [
                    1889, 
                    486
                ], 
                [
                    1886, 
                    480
                ], 
                [
                    1886, 
                    478
                ], 
                [
                    1882, 
                    475
                ], 
                [
                    1886, 
                    471
                ], 
                [
                    1890, 
                    466
                ], 
                [
                    1887, 
                    464
                ], 
                [
                    1886, 
                    462
                ], 
                [
                    1890, 
                    459
                ], 
                [
                    1894, 
                    459
                ], 
                [
                    1899, 
                    454
                ], 
                [
                    1903, 
                    440
                ], 
                [
                    1910, 
                    425
                ], 
                [
                    1916, 
                    404
                ], 
                [
                    1927, 
                    401
                ], 
                [
                    1935, 
                    388
                ], 
                [
                    1945, 
                    377
                ], 
                [
                    1949, 
                    374
                ], 
                [
                    1956, 
                    374
                ], 
                [
                    1962, 
                    376
                ], 
                [
                    1967, 
                    381
                ], 
                [
                    1968, 
                    387
                ], 
                [
                    1968, 
                    395
                ], 
                [
                    1964, 
                    399
                ], 
                [
                    1968, 
                    403
                ], 
                [
                    1973, 
                    413
                ], 
                [
                    1973, 
                    422
                ], 
                [
                    1973, 
                    427
                ], 
                [
                    1975, 
                    435
                ], 
                [
                    1971, 
                    442
                ], 
                [
                    1968, 
                    446
                ], 
                [
                    1962, 
                    442
                ], 
                [
                    1963, 
                    460
                ], 
                [
                    1960, 
                    459
                ], 
                [
                    1958, 
                    471
                ], 
                [
                    1954, 
                    484
                ], 
                [
                    1953, 
                    497
                ], 
                [
                    1953, 
                    507
                ], 
                [
                    1958, 
                    508
                ], 
                [
                    1953, 
                    529
                ], 
                [
                    1947, 
                    535
                ], 
                [
                    1942, 
                    531
                ], 
                [
                    1943, 
                    511
                ], 
                [
                    1941, 
                    515
                ], 
                [
                    1938, 
                    531
                ], 
                [
                    1935, 
                    545
                ], 
                [
                    1937, 
                    553
                ], 
                [
                    1940, 
                    560
                ], 
                [
                    1942, 
                    565
                ], 
                [
                    1938, 
                    569
                ], 
                [
                    1938, 
                    574
                ], 
                [
                    1938, 
                    577
                ], 
                [
                    1934, 
                    578
                ], 
                [
                    1930, 
                    575
                ], 
                [
                    1929, 
                    573
                ], 
                [
                    1924, 
                    573
                ], 
                [
                    1918, 
                    573
                ], 
                [
                    1917, 
                    570
                ]
            ]
        }, 
        {
            "label": "static", 
            "polygon": [
                [
                    1970, 
                    34
                ], 
                [
                    1943, 
                    35
                ], 
                [
                    1903, 
                    35
                ], 
                [
                    1864, 
                    35
                ], 
                [
                    1861, 
                    41
                ], 
                [
                    1855, 
                    155
                ], 
                [
                    1941, 
                    157
                ], 
                [
                    1941, 
                    155
                ], 
                [
                    1962, 
                    155
                ], 
                [
                    1963, 
                    149
                ], 
                [
                    1940, 
                    147
                ], 
                [
                    1946, 
                    42
                ], 
                [
                    1971, 
                    42
                ]
            ]
        }, 
        {
            "label": "pole", 
            "polygon": [
                [
                    1723, 
                    434
                ], 
                [
                    1723, 
                    391
                ], 
                [
                    1723, 
                    363
                ], 
                [
                    1727, 
                    362
                ], 
                [
                    1726, 
                    435
                ]
            ]
        }, 
        {
            "label": "car", 
            "polygon": [
                [
                    1682, 
                    411
                ], 
                [
                    1703, 
                    412
                ], 
                [
                    1714, 
                    415
                ], 
                [
                    1720, 
                    422
                ], 
                [
                    1727, 
                    429
                ], 
                [
                    1729, 
                    439
                ], 
                [
                    1723, 
                    446
                ], 
                [
                    1712, 
                    455
                ], 
                [
                    1699, 
                    453
                ], 
                [
                    1695, 
                    456
                ], 
                [
                    1692, 
                    458
                ], 
                [
                    1685, 
                    456
                ], 
                [
                    1680, 
                    455
                ]
            ]
        }, 
        {
            "label": "bicycle", 
            "polygon": [
                [
                    1679, 
                    452
                ], 
                [
                    1680, 
                    444
                ], 
                [
                    1685, 
                    440
                ], 
                [
                    1689, 
                    439
                ], 
                [
                    1693, 
                    439
                ], 
                [
                    1693, 
                    434
                ], 
                [
                    1693, 
                    429
                ], 
                [
                    1693, 
                    423
                ], 
                [
                    1686, 
                    419
                ], 
                [
                    1681, 
                    416
                ], 
                [
                    1682, 
                    413
                ], 
                [
                    1691, 
                    414
                ], 
                [
                    1697, 
                    417
                ], 
                [
                    1703, 
                    425
                ], 
                [
                    1708, 
                    429
                ], 
                [
                    1696, 
                    430
                ], 
                [
                    1696, 
                    432
                ], 
                [
                    1699, 
                    434
                ], 
                [
                    1699, 
                    441
                ], 
                [
                    1716, 
                    439
                ], 
                [
                    1722, 
                    453
                ], 
                [
                    1702, 
                    452
                ], 
                [
                    1699, 
                    458
                ], 
                [
                    1697, 
                    461
                ], 
                [
                    1694, 
                    462
                ], 
                [
                    1690, 
                    463
                ], 
                [
                    1684, 
                    462
                ], 
                [
                    1681, 
                    458
                ]
            ]
        }, 
        {
            "label": "pole", 
            "polygon": [
                [
                    1820, 
                    423
                ], 
                [
                    1821, 
                    390
                ], 
                [
                    1821, 
                    370
                ], 
                [
                    1823, 
                    366
                ], 
                [
                    1825, 
                    367
                ], 
                [
                    1825, 
                    424
                ]
            ]
        }, 
        {
            "label": "car", 
            "polygon": [
                [
                    1699, 
                    507
                ], 
                [
                    1700, 
                    497
                ], 
                [
                    1700, 
                    485
                ], 
                [
                    1700, 
                    474
                ], 
                [
                    1706, 
                    456
                ], 
                [
                    1711, 
                    444
                ], 
                [
                    1721, 
                    432
                ], 
                [
                    1724, 
                    429
                ], 
                [
                    1759, 
                    428
                ], 
                [
                    1776, 
                    427
                ], 
                [
                    1799, 
                    432
                ], 
                [
                    1807, 
                    438
                ], 
                [
                    1815, 
                    443
                ], 
                [
                    1819, 
                    452
                ], 
                [
                    1820, 
                    456
                ], 
                [
                    1829, 
                    455
                ], 
                [
                    1832, 
                    458
                ], 
                [
                    1833, 
                    462
                ], 
                [
                    1829, 
                    463
                ], 
                [
                    1821, 
                    464
                ], 
                [
                    1827, 
                    474
                ], 
                [
                    1830, 
                    495
                ], 
                [
                    1828, 
                    507
                ], 
                [
                    1827, 
                    513
                ], 
                [
                    1821, 
                    514
                ], 
                [
                    1819, 
                    510
                ], 
                [
                    1818, 
                    503
                ], 
                [
                    1807, 
                    504
                ], 
                [
                    1806, 
                    511
                ], 
                [
                    1804, 
                    515
                ], 
                [
                    1797, 
                    517
                ], 
                [
                    1794, 
                    517
                ], 
                [
                    1791, 
                    512
                ], 
                [
                    1741, 
                    507
                ], 
                [
                    1738, 
                    507
                ], 
                [
                    1738, 
                    511
                ], 
                [
                    1733, 
                    514
                ], 
                [
                    1729, 
                    514
                ], 
                [
                    1726, 
                    512
                ], 
                [
                    1724, 
                    505
                ], 
                [
                    1717, 
                    504
                ], 
                [
                    1716, 
                    510
                ], 
                [
                    1715, 
                    514
                ], 
                [
                    1709, 
                    516
                ], 
                [
                    1704, 
                    515
                ]
            ]
        }, 
        {
            "label": "static", 
            "polygon": [
                [
                    1699, 
                    409
                ], 
                [
                    1703, 
                    403
                ], 
                [
                    1705, 
                    402
                ], 
                [
                    1710, 
                    402
                ], 
                [
                    1716, 
                    406
                ], 
                [
                    1718, 
                    412
                ], 
                [
                    1718, 
                    416
                ], 
                [
                    1712, 
                    420
                ], 
                [
                    1708, 
                    423
                ], 
                [
                    1703, 
                    420
                ], 
                [
                    1700, 
                    415
                ]
            ]
        }, 
        {
            "label": "traffic sign", 
            "polygon": [
                [
                    1821, 
                    368
                ], 
                [
                    1820, 
                    364
                ], 
                [
                    1821, 
                    359
                ], 
                [
                    1826, 
                    358
                ], 
                [
                    1830, 
                    359
                ], 
                [
                    1831, 
                    365
                ], 
                [
                    1830, 
                    367
                ], 
                [
                    1828, 
                    369
                ]
            ]
        }, 
        {
            "label": "static", 
            "polygon": [
                [
                    1685, 
                    312
                ], 
                [
                    1721, 
                    312
                ], 
                [
                    1720, 
                    303
                ], 
                [
                    1685, 
                    303
                ]
            ]
        }, 
        {
            "label": "static", 
            "polygon": [
                [
                    1699, 
                    301
                ], 
                [
                    1707, 
                    301
                ], 
                [
                    1715, 
                    297
                ], 
                [
                    1719, 
                    293
                ], 
                [
                    1721, 
                    289
                ], 
                [
                    1719, 
                    281
                ], 
                [
                    1712, 
                    278
                ], 
                [
                    1708, 
                    277
                ], 
                [
                    1708, 
                    271
                ], 
                [
                    1699, 
                    272
                ], 
                [
                    1699, 
                    277
                ], 
                [
                    1695, 
                    278
                ], 
                [
                    1690, 
                    280
                ], 
                [
                    1687, 
                    284
                ], 
                [
                    1685, 
                    288
                ], 
                [
                    1685, 
                    292
                ], 
                [
                    1689, 
                    295
                ], 
                [
                    1692, 
                    297
                ]
            ]
        }, 
        {
            "label": "license plate", 
            "polygon": [
                [
                    1734, 
                    477
                ], 
                [
                    1769, 
                    478
                ], 
                [
                    1769, 
                    470
                ], 
                [
                    1733, 
                    468
                ]
            ]
        }, 
        {
            "label": "building", 
            "polygon": [
                [
                    1868, 
                    42
                ], 
                [
                    1863, 
                    148
                ], 
                [
                    1935, 
                    148
                ], 
                [
                    1940, 
                    44
                ]
            ]
        }, 
        {
            "label": "ego vehicle", 
            "polygon": [
                [
                    271, 
                    1023
                ], 
                [
                    387, 
                    1009
                ], 
                [
                    549, 
                    993
                ], 
                [
                    821, 
                    966
                ], 
                [
                    1082, 
                    950
                ], 
                [
                    1142, 
                    947
                ], 
                [
                    1112, 
                    932
                ], 
                [
                    1096, 
                    896
                ], 
                [
                    1108, 
                    861
                ], 
                [
                    1137, 
                    844
                ], 
                [
                    1175, 
                    844
                ], 
                [
                    1204, 
                    867
                ], 
                [
                    1209, 
                    897
                ], 
                [
                    1195, 
                    931
                ], 
                [
                    1161, 
                    945
                ], 
                [
                    1376, 
                    957
                ], 
                [
                    1654, 
                    977
                ], 
                [
                    1883, 
                    1002
                ], 
                [
                    2028, 
                    1023
                ]
            ]
        }, 
        {
            "label": "out of roi", 
            "polygon": [
                [
                    0, 
                    0
                ], 
                [
                    2048, 
                    0
                ], 
                [
                    2048, 
                    1024
                ], 
                [
                    0, 
                    1024
                ], 
                [
                    0, 
                    0
                ], 
                [
                    5, 
                    5
                ], 
                [
                    5, 
                    1019
                ], 
                [
                    2043, 
                    1019
                ], 
                [
                    2043, 
                    5
                ], 
                [
                    5, 
                    5
                ]
            ]
        }
    ]
}