{
    "imgHeight": 1024, 
    "imgWidth": 2048, 
    "objects": [
        {
            "label": "sky", 
            "polygon": [
                [
                    0, 
                    364
                ], 
                [
                    932, 
                    456
                ], 
                [
                    1350, 
                    460
                ], 
                [
                    2047, 
                    184
                ], 
                [
                    2047, 
                    0
                ], 
                [
                    0, 
                    0
                ]
            ]
        }, 
        {
            "label": "building", 
            "polygon": [
                [
                    1525, 
                    155
                ], 
                [
                    1582, 
                    145
                ], 
                [
                    1647, 
                    154
                ], 
                [
                    1647, 
                    137
                ], 
                [
                    2047, 
                    97
                ], 
                [
                    2047, 
                    537
                ], 
                [
                    1647, 
                    500
                ], 
                [
                    1629, 
                    499
                ], 
                [
                    1526, 
                    489
                ]
            ]
        }, 
        {
            "label": "road", 
            "polygon": [
                [
                    0, 
                    519
                ], 
                [
                    910, 
                    492
                ], 
                [
                    1364, 
                    487
                ], 
                [
                    2047, 
                    528
                ], 
                [
                    2047, 
                    1023
                ], 
                [
                    0, 
                    1023
                ]
            ]
        }, 
        {
            "label": "sidewalk", 
            "polygon": [
                [
                    2047, 
                    904
                ], 
                [
                    1248, 
                    519
                ], 
                [
                    1243, 
                    516
                ], 
                [
                    1244, 
                    511
                ], 
                [
                    1320, 
                    508
                ], 
                [
                    1355, 
                    508
                ], 
                [
                    1358, 
                    504
                ], 
                [
                    1365, 
                    501
                ], 
                [
                    1368, 
                    497
                ], 
                [
                    1453, 
                    499
                ], 
                [
                    1684, 
                    514
                ], 
                [
                    2047, 
                    560
                ]
            ]
        }, 
        {
            "label": "vegetation", 
            "polygon": [
                [
                    0, 
                    98
                ], 
                [
                    9, 
                    97
                ], 
                [
                    17, 
                    81
                ], 
                [
                    26, 
                    77
                ], 
                [
                    35, 
                    64
                ], 
                [
                    50, 
                    73
                ], 
                [
                    76, 
                    62
                ], 
                [
                    85, 
                    83
                ], 
                [
                    100, 
                    94
                ], 
                [
                    110, 
                    78
                ], 
                [
                    115, 
                    70
                ], 
                [
                    133, 
                    52
                ], 
                [
                    154, 
                    64
                ], 
                [
                    163, 
                    53
                ], 
                [
                    183, 
                    64
                ], 
                [
                    198, 
                    63
                ], 
                [
                    216, 
                    76
                ], 
                [
                    243, 
                    72
                ], 
                [
                    246, 
                    82
                ], 
                [
                    263, 
                    92
                ], 
                [
                    279, 
                    97
                ], 
                [
                    288, 
                    109
                ], 
                [
                    302, 
                    122
                ], 
                [
                    316, 
                    122
                ], 
                [
                    327, 
                    131
                ], 
                [
                    353, 
                    132
                ], 
                [
                    371, 
                    156
                ], 
                [
                    381, 
                    167
                ], 
                [
                    394, 
                    182
                ], 
                [
                    419, 
                    208
                ], 
                [
                    422, 
                    242
                ], 
                [
                    401, 
                    258
                ], 
                [
                    389, 
                    268
                ], 
                [
                    386, 
                    289
                ], 
                [
                    386, 
                    306
                ], 
                [
                    397, 
                    327
                ], 
                [
                    389, 
                    340
                ], 
                [
                    386, 
                    350
                ], 
                [
                    409, 
                    334
                ], 
                [
                    420, 
                    318
                ], 
                [
                    438, 
                    315
                ], 
                [
                    471, 
                    306
                ], 
                [
                    485, 
                    298
                ], 
                [
                    523, 
                    289
                ], 
                [
                    552, 
                    296
                ], 
                [
                    570, 
                    314
                ], 
                [
                    570, 
                    327
                ], 
                [
                    584, 
                    330
                ], 
                [
                    592, 
                    337
                ], 
                [
                    593, 
                    355
                ], 
                [
                    600, 
                    343
                ], 
                [
                    606, 
                    339
                ], 
                [
                    608, 
                    330
                ], 
                [
                    619, 
                    321
                ], 
                [
                    622, 
                    314
                ], 
                [
                    630, 
                    314
                ], 
                [
                    633, 
                    306
                ], 
                [
                    643, 
                    307
                ], 
                [
                    653, 
                    297
                ], 
                [
                    662, 
                    292
                ], 
                [
                    668, 
                    273
                ], 
                [
                    680, 
                    268
                ], 
                [
                    678, 
                    247
                ], 
                [
                    687, 
                    244
                ], 
                [
                    688, 
                    235
                ], 
                [
                    703, 
                    231
                ], 
                [
                    727, 
                    209
                ], 
                [
                    753, 
                    208
                ], 
                [
                    768, 
                    196
                ], 
                [
                    785, 
                    196
                ], 
                [
                    797, 
                    185
                ], 
                [
                    828, 
                    182
                ], 
                [
                    843, 
                    188
                ], 
                [
                    864, 
                    193
                ], 
                [
                    874, 
                    206
                ], 
                [
                    888, 
                    206
                ], 
                [
                    890, 
                    212
                ], 
                [
                    899, 
                    217
                ], 
                [
                    899, 
                    229
                ], 
                [
                    918, 
                    241
                ], 
                [
                    928, 
                    248
                ], 
                [
                    928, 
                    258
                ], 
                [
                    936, 
                    257
                ], 
                [
                    934, 
                    271
                ], 
                [
                    936, 
                    290
                ], 
                [
                    942, 
                    316
                ], 
                [
                    953, 
                    340
                ], 
                [
                    962, 
                    363
                ], 
                [
                    974, 
                    371
                ], 
                [
                    974, 
                    381
                ], 
                [
                    979, 
                    389
                ], 
                [
                    992, 
                    397
                ], 
                [
                    965, 
                    405
                ], 
                [
                    977, 
                    414
                ], 
                [
                    979, 
                    420
                ], 
                [
                    995, 
                    434
                ], 
                [
                    1000, 
                    432
                ], 
                [
                    1004, 
                    430
                ], 
                [
                    1011, 
                    432
                ], 
                [
                    1016, 
                    431
                ], 
                [
                    1022, 
                    435
                ], 
                [
                    1026, 
                    431
                ], 
                [
                    1016, 
                    424
                ], 
                [
                    1021, 
                    414
                ], 
                [
                    1021, 
                    402
                ], 
                [
                    1034, 
                    401
                ], 
                [
                    1029, 
                    386
                ], 
                [
                    1036, 
                    380
                ], 
                [
                    1039, 
                    373
                ], 
                [
                    1045, 
                    375
                ], 
                [
                    1052, 
                    367
                ], 
                [
                    1063, 
                    367
                ], 
                [
                    1068, 
                    359
                ], 
                [
                    1074, 
                    364
                ], 
                [
                    1080, 
                    354
                ], 
                [
                    1087, 
                    355
                ], 
                [
                    1090, 
                    364
                ], 
                [
                    1097, 
                    366
                ], 
                [
                    1099, 
                    371
                ], 
                [
                    1106, 
                    367
                ], 
                [
                    1108, 
                    358
                ], 
                [
                    1111, 
                    350
                ], 
                [
                    1113, 
                    344
                ], 
                [
                    1119, 
                    344
                ], 
                [
                    1118, 
                    337
                ], 
                [
                    1124, 
                    334
                ], 
                [
                    1129, 
                    337
                ], 
                [
                    1137, 
                    334
                ], 
                [
                    1142, 
                    339
                ], 
                [
                    1146, 
                    333
                ], 
                [
                    1153, 
                    333
                ], 
                [
                    1160, 
                    329
                ], 
                [
                    1166, 
                    340
                ], 
                [
                    1170, 
                    334
                ], 
                [
                    1169, 
                    321
                ], 
                [
                    1177, 
                    318
                ], 
                [
                    1181, 
                    312
                ], 
                [
                    1190, 
                    305
                ], 
                [
                    1200, 
                    305
                ], 
                [
                    1210, 
                    309
                ], 
                [
                    1216, 
                    316
                ], 
                [
                    1212, 
                    309
                ], 
                [
                    1208, 
                    302
                ], 
                [
                    1214, 
                    296
                ], 
                [
                    1218, 
                    288
                ], 
                [
                    1226, 
                    287
                ], 
                [
                    1227, 
                    271
                ], 
                [
                    1235, 
                    267
                ], 
                [
                    1234, 
                    260
                ], 
                [
                    1242, 
                    259
                ], 
                [
                    1239, 
                    254
                ], 
                [
                    1246, 
                    247
                ], 
                [
                    1252, 
                    244
                ], 
                [
                    1259, 
                    237
                ], 
                [
                    1265, 
                    231
                ], 
                [
                    1276, 
                    233
                ], 
                [
                    1281, 
                    232
                ], 
                [
                    1293, 
                    229
                ], 
                [
                    1300, 
                    231
                ], 
                [
                    1304, 
                    223
                ], 
                [
                    1312, 
                    228
                ], 
                [
                    1325, 
                    232
                ], 
                [
                    1322, 
                    240
                ], 
                [
                    1331, 
                    235
                ], 
                [
                    1343, 
                    247
                ], 
                [
                    1355, 
                    257
                ], 
                [
                    1360, 
                    264
                ], 
                [
                    1376, 
                    268
                ], 
                [
                    1377, 
                    278
                ], 
                [
                    1380, 
                    270
                ], 
                [
                    1372, 
                    260
                ], 
                [
                    1373, 
                    248
                ], 
                [
                    1370, 
                    240
                ], 
                [
                    1375, 
                    225
                ], 
                [
                    1383, 
                    222
                ], 
                [
                    1389, 
                    220
                ], 
                [
                    1390, 
                    210
                ], 
                [
                    1398, 
                    202
                ], 
                [
                    1407, 
                    202
                ], 
                [
                    1417, 
                    200
                ], 
                [
                    1423, 
                    197
                ], 
                [
                    1425, 
                    175
                ], 
                [
                    1434, 
                    179
                ], 
                [
                    1443, 
                    164
                ], 
                [
                    1456, 
                    164
                ], 
                [
                    1468, 
                    161
                ], 
                [
                    1482, 
                    162
                ], 
                [
                    1488, 
                    150
                ], 
                [
                    1501, 
                    154
                ], 
                [
                    1508, 
                    162
                ], 
                [
                    1514, 
                    170
                ], 
                [
                    1521, 
                    169
                ], 
                [
                    1545, 
                    164
                ], 
                [
                    1549, 
                    173
                ], 
                [
                    1558, 
                    191
                ], 
                [
                    1572, 
                    188
                ], 
                [
                    1578, 
                    183
                ], 
                [
                    1583, 
                    187
                ], 
                [
                    1578, 
                    205
                ], 
                [
                    1572, 
                    220
                ], 
                [
                    1571, 
                    230
                ], 
                [
                    1585, 
                    227
                ], 
                [
                    1593, 
                    256
                ], 
                [
                    1594, 
                    275
                ], 
                [
                    1607, 
                    284
                ], 
                [
                    1619, 
                    288
                ], 
                [
                    1630, 
                    284
                ], 
                [
                    1637, 
                    294
                ], 
                [
                    1628, 
                    344
                ], 
                [
                    1623, 
                    370
                ], 
                [
                    1620, 
                    389
                ], 
                [
                    1619, 
                    404
                ], 
                [
                    1605, 
                    420
                ], 
                [
                    1595, 
                    446
                ], 
                [
                    1571, 
                    452
                ], 
                [
                    1510, 
                    507
                ], 
                [
                    1414, 
                    503
                ], 
                [
                    1416, 
                    478
                ], 
                [
                    1403, 
                    481
                ], 
                [
                    1404, 
                    465
                ], 
                [
                    1368, 
                    478
                ], 
                [
                    1364, 
                    486
                ], 
                [
                    1334, 
                    498
                ], 
                [
                    1312, 
                    503
                ], 
                [
                    1287, 
                    495
                ], 
                [
                    1269, 
                    488
                ], 
                [
                    1244, 
                    495
                ], 
                [
                    1221, 
                    510
                ], 
                [
                    1013, 
                    511
                ], 
                [
                    951, 
                    511
                ], 
                [
                    901, 
                    512
                ], 
                [
                    881, 
                    511
                ], 
                [
                    873, 
                    507
                ], 
                [
                    839, 
                    507
                ], 
                [
                    769, 
                    504
                ], 
                [
                    552, 
                    513
                ], 
                [
                    0, 
                    540
                ]
            ]
        }, 
        {
            "label": "pole", 
            "polygon": [
                [
                    428, 
                    362
                ], 
                [
                    437, 
                    364
                ], 
                [
                    443, 
                    366
                ], 
                [
                    446, 
                    367
                ], 
                [
                    441, 
                    416
                ], 
                [
                    438, 
                    418
                ], 
                [
                    438, 
                    420
                ], 
                [
                    442, 
                    423
                ], 
                [
                    442, 
                    431
                ], 
                [
                    439, 
                    432
                ], 
                [
                    439, 
                    435
                ], 
                [
                    443, 
                    436
                ], 
                [
                    443, 
                    437
                ], 
                [
                    443, 
                    447
                ], 
                [
                    437, 
                    448
                ], 
                [
                    439, 
                    451
                ], 
                [
                    444, 
                    450
                ], 
                [
                    443, 
                    503
                ], 
                [
                    450, 
                    503
                ], 
                [
                    452, 
                    368
                ], 
                [
                    468, 
                    364
                ], 
                [
                    471, 
                    359
                ], 
                [
                    462, 
                    357
                ], 
                [
                    451, 
                    359
                ], 
                [
                    446, 
                    359
                ], 
                [
                    435, 
                    357
                ], 
                [
                    429, 
                    356
                ]
            ]
        }, 
        {
            "label": "sidewalk", 
            "polygon": [
                [
                    1, 
                    573
                ], 
                [
                    730, 
                    510
                ], 
                [
                    880, 
                    510
                ], 
                [
                    871, 
                    504
                ], 
                [
                    631, 
                    499
                ], 
                [
                    0, 
                    521
                ]
            ]
        }, 
        {
            "label": "pole", 
            "polygon": [
                [
                    895, 
                    477
                ], 
                [
                    895, 
                    510
                ], 
                [
                    899, 
                    510
                ], 
                [
                    899, 
                    477
                ]
            ]
        }, 
        {
            "label": "pole", 
            "polygon": [
                [
                    830, 
                    428
                ], 
                [
                    836, 
                    434
                ], 
                [
                    833, 
                    502
                ], 
                [
                    853, 
                    503
                ], 
                [
                    851, 
                    434
                ], 
                [
                    860, 
                    428
                ]
            ]
        }, 
        {
            "label": "car", 
            "polygon": [
                [
                    1068, 
                    511
                ], 
                [
                    1068, 
                    505
                ], 
                [
                    1069, 
                    501
                ], 
                [
                    1071, 
                    500
                ], 
                [
                    1076, 
                    499
                ], 
                [
                    1086, 
                    496
                ], 
                [
                    1086, 
                    512
                ]
            ]
        }, 
        {
            "label": "fence", 
            "polygon": [
                [
                    0, 
                    449
                ], 
                [
                    406, 
                    459
                ], 
                [
                    535, 
                    464
                ], 
                [
                    669, 
                    470
                ], 
                [
                    759, 
                    478
                ], 
                [
                    863, 
                    487
                ], 
                [
                    878, 
                    489
                ], 
                [
                    880, 
                    492
                ], 
                [
                    880, 
                    510
                ], 
                [
                    852, 
                    510
                ], 
                [
                    704, 
                    504
                ], 
                [
                    584, 
                    503
                ], 
                [
                    499, 
                    505
                ], 
                [
                    0, 
                    533
                ]
            ]
        }, 
        {
            "label": "car", 
            "polygon": [
                [
                    1240, 
                    488
                ], 
                [
                    1240, 
                    498
                ], 
                [
                    1291, 
                    504
                ], 
                [
                    1302, 
                    501
                ], 
                [
                    1302, 
                    495
                ], 
                [
                    1273, 
                    483
                ], 
                [
                    1249, 
                    483
                ]
            ]
        }, 
        {
            "label": "pole", 
            "polygon": [
                [
                    702, 
                    119
                ], 
                [
                    716, 
                    117
                ], 
                [
                    718, 
                    114
                ], 
                [
                    715, 
                    111
                ], 
                [
                    700, 
                    112
                ], 
                [
                    697, 
                    115
                ], 
                [
                    698, 
                    507
                ], 
                [
                    708, 
                    507
                ]
            ]
        }, 
        {
            "label": "pole", 
            "polygon": [
                [
                    892, 
                    302
                ], 
                [
                    891, 
                    304
                ], 
                [
                    948, 
                    300
                ], 
                [
                    958, 
                    301
                ], 
                [
                    956, 
                    297
                ]
            ]
        }, 
        {
            "label": "pole", 
            "polygon": [
                [
                    1321, 
                    241
                ], 
                [
                    1302, 
                    240
                ], 
                [
                    1300, 
                    246
                ], 
                [
                    1383, 
                    247
                ], 
                [
                    1380, 
                    490
                ], 
                [
                    1386, 
                    489
                ], 
                [
                    1389, 
                    242
                ]
            ]
        }, 
        {
            "label": "traffic sign", 
            "polygon": [
                [
                    1383, 
                    437
                ], 
                [
                    1380, 
                    442
                ], 
                [
                    1381, 
                    447
                ], 
                [
                    1383, 
                    449
                ], 
                [
                    1388, 
                    449
                ], 
                [
                    1389, 
                    446
                ], 
                [
                    1389, 
                    440
                ]
            ]
        }, 
        {
            "label": "static", 
            "polygon": [
                [
                    1369, 
                    371
                ], 
                [
                    1369, 
                    440
                ], 
                [
                    1464, 
                    440
                ], 
                [
                    1465, 
                    373
                ]
            ]
        }, 
        {
            "label": "pole", 
            "polygon": [
                [
                    1395, 
                    440
                ], 
                [
                    1392, 
                    503
                ], 
                [
                    1410, 
                    502
                ], 
                [
                    1411, 
                    441
                ]
            ]
        }, 
        {
            "label": "traffic sign", 
            "polygon": [
                [
                    1426, 
                    452
                ], 
                [
                    1416, 
                    461
                ], 
                [
                    1425, 
                    470
                ], 
                [
                    1433, 
                    461
                ]
            ]
        }, 
        {
            "label": "license plate", 
            "polygon": [
                [
                    1124, 
                    476
                ], 
                [
                    1124, 
                    486
                ], 
                [
                    1162, 
                    487
                ], 
                [
                    1162, 
                    476
                ]
            ]
        }, 
        {
            "label": "cargroup", 
            "polygon": [
                [
                    1339, 
                    474
                ], 
                [
                    1356, 
                    470
                ], 
                [
                    1367, 
                    465
                ], 
                [
                    1388, 
                    465
                ], 
                [
                    1401, 
                    477
                ], 
                [
                    1357, 
                    492
                ], 
                [
                    1348, 
                    496
                ], 
                [
                    1336, 
                    492
                ]
            ]
        }, 
        {
            "label": "fence", 
            "polygon": [
                [
                    2047, 
                    439
                ], 
                [
                    1521, 
                    454
                ], 
                [
                    1360, 
                    484
                ], 
                [
                    1360, 
                    505
                ], 
                [
                    1449, 
                    507
                ], 
                [
                    1571, 
                    516
                ], 
                [
                    1718, 
                    536
                ], 
                [
                    2047, 
                    583
                ]
            ]
        }, 
        {
            "label": "pole", 
            "polygon": [
                [
                    1585, 
                    0
                ], 
                [
                    1585, 
                    15
                ], 
                [
                    1584, 
                    66
                ], 
                [
                    1576, 
                    501
                ], 
                [
                    1593, 
                    501
                ], 
                [
                    1593, 
                    484
                ], 
                [
                    1590, 
                    252
                ], 
                [
                    1594, 
                    0
                ]
            ]
        }, 
        {
            "label": "pole", 
            "polygon": [
                [
                    1309, 
                    414
                ], 
                [
                    1306, 
                    415
                ], 
                [
                    1304, 
                    508
                ], 
                [
                    1309, 
                    508
                ]
            ]
        }, 
        {
            "label": "traffic sign", 
            "polygon": [
                [
                    1291, 
                    417
                ], 
                [
                    1291, 
                    449
                ], 
                [
                    1332, 
                    449
                ], 
                [
                    1332, 
                    418
                ]
            ]
        }, 
        {
            "label": "terrain", 
            "polygon": [
                [
                    1192, 
                    514
                ], 
                [
                    1244, 
                    511
                ], 
                [
                    1285, 
                    509
                ], 
                [
                    1297, 
                    509
                ], 
                [
                    1311, 
                    509
                ], 
                [
                    1295, 
                    504
                ], 
                [
                    1200, 
                    505
                ]
            ]
        }, 
        {
            "label": "static", 
            "polygon": [
                [
                    999, 
                    495
                ], 
                [
                    996, 
                    499
                ], 
                [
                    997, 
                    505
                ], 
                [
                    998, 
                    511
                ], 
                [
                    1004, 
                    511
                ], 
                [
                    1005, 
                    501
                ], 
                [
                    1003, 
                    495
                ]
            ]
        }, 
        {
            "label": "static", 
            "polygon": [
                [
                    1065, 
                    452
                ], 
                [
                    1057, 
                    452
                ], 
                [
                    1053, 
                    462
                ], 
                [
                    1053, 
                    476
                ], 
                [
                    1061, 
                    479
                ], 
                [
                    1066, 
                    476
                ], 
                [
                    1066, 
                    464
                ]
            ]
        }, 
        {
            "label": "pole", 
            "polygon": [
                [
                    1059, 
                    474
                ], 
                [
                    1058, 
                    511
                ], 
                [
                    1062, 
                    511
                ], 
                [
                    1063, 
                    474
                ]
            ]
        }, 
        {
            "label": "car", 
            "polygon": [
                [
                    922, 
                    502
                ], 
                [
                    923, 
                    512
                ], 
                [
                    941, 
                    513
                ], 
                [
                    941, 
                    499
                ], 
                [
                    940, 
                    496
                ], 
                [
                    925, 
                    496
                ]
            ]
        }, 
        {
            "label": "car", 
            "polygon": [
                [
                    1083, 
                    520
                ], 
                [
                    1083, 
                    534
                ], 
                [
                    1092, 
                    536
                ], 
                [
                    1099, 
                    535
                ], 
                [
                    1100, 
                    528
                ], 
                [
                    1101, 
                    524
                ], 
                [
                    1113, 
                    523
                ], 
                [
                    1143, 
                    523
                ], 
                [
                    1163, 
                    523
                ], 
                [
                    1180, 
                    524
                ], 
                [
                    1180, 
                    535
                ], 
                [
                    1190, 
                    538
                ], 
                [
                    1200, 
                    536
                ], 
                [
                    1202, 
                    511
                ], 
                [
                    1203, 
                    497
                ], 
                [
                    1196, 
                    475
                ], 
                [
                    1190, 
                    461
                ], 
                [
                    1183, 
                    448
                ], 
                [
                    1179, 
                    440
                ], 
                [
                    1163, 
                    438
                ], 
                [
                    1145, 
                    438
                ], 
                [
                    1123, 
                    438
                ], 
                [
                    1107, 
                    439
                ], 
                [
                    1097, 
                    452
                ], 
                [
                    1093, 
                    463
                ], 
                [
                    1084, 
                    462
                ], 
                [
                    1081, 
                    467
                ], 
                [
                    1089, 
                    471
                ], 
                [
                    1083, 
                    483
                ]
            ]
        }, 
        {
            "label": "car", 
            "polygon": [
                [
                    944, 
                    499
                ], 
                [
                    956, 
                    499
                ], 
                [
                    960, 
                    504
                ], 
                [
                    959, 
                    510
                ], 
                [
                    954, 
                    511
                ], 
                [
                    941, 
                    511
                ]
            ]
        }, 
        {
            "label": "license plate", 
            "polygon": [
                [
                    1123, 
                    477
                ], 
                [
                    1123, 
                    486
                ], 
                [
                    1161, 
                    487
                ], 
                [
                    1161, 
                    477
                ]
            ]
        }, 
        {
            "label": "wall", 
            "polygon": [
                [
                    0, 
                    510
                ], 
                [
                    303, 
                    499
                ], 
                [
                    449, 
                    497
                ], 
                [
                    781, 
                    501
                ], 
                [
                    827, 
                    503
                ], 
                [
                    864, 
                    503
                ], 
                [
                    878, 
                    504
                ], 
                [
                    881, 
                    507
                ], 
                [
                    881, 
                    510
                ], 
                [
                    755, 
                    507
                ], 
                [
                    368, 
                    512
                ], 
                [
                    0, 
                    533
                ]
            ]
        }, 
        {
            "label": "wall", 
            "polygon": [
                [
                    2047, 
                    588
                ], 
                [
                    1526, 
                    511
                ], 
                [
                    1353, 
                    508
                ], 
                [
                    1354, 
                    503
                ], 
                [
                    1361, 
                    500
                ], 
                [
                    1476, 
                    495
                ], 
                [
                    1583, 
                    500
                ], 
                [
                    1801, 
                    519
                ], 
                [
                    2047, 
                    541
                ]
            ]
        }, 
        {
            "label": "person", 
            "polygon": [
                [
                    1051, 
                    484
                ], 
                [
                    1051, 
                    490
                ], 
                [
                    1051, 
                    510
                ], 
                [
                    1055, 
                    511
                ], 
                [
                    1057, 
                    509
                ], 
                [
                    1057, 
                    501
                ], 
                [
                    1056, 
                    497
                ], 
                [
                    1057, 
                    492
                ], 
                [
                    1056, 
                    485
                ]
            ]
        }, 
        {
            "label": "static", 
            "polygon": [
                [
                    697, 
                    118
                ], 
                [
                    697, 
                    118
                ], 
                [
                    703, 
                    119
                ], 
                [
                    703, 
                    119
                ], 
                [
                    716, 
                    117
                ], 
                [
                    718, 
                    114
                ], 
                [
                    715, 
                    111
                ], 
                [
                    700, 
                    112
                ], 
                [
                    697, 
                    115
                ], 
                [
                    697, 
                    118
                ]
            ]
        }, 
        {
            "label": "static", 
            "polygon": [
                [
                    452, 
                    368
                ], 
                [
                    446, 
                    368
                ], 
                [
                    446, 
                    367
                ], 
                [
                    437, 
                    364
                ], 
                [
                    428, 
                    362
                ], 
                [
                    429, 
                    356
                ], 
                [
                    435, 
                    357
                ], 
                [
                    446, 
                    359
                ], 
                [
                    451, 
                    359
                ], 
                [
                    462, 
                    357
                ], 
                [
                    471, 
                    359
                ], 
                [
                    468, 
                    364
                ], 
                [
                    452, 
                    368
                ]
            ]
        }, 
        {
            "label": "vegetation", 
            "polygon": [
                [
                    1206, 
                    508
                ], 
                [
                    1216, 
                    501
                ], 
                [
                    1226, 
                    498
                ], 
                [
                    1235, 
                    496
                ], 
                [
                    1247, 
                    497
                ], 
                [
                    1260, 
                    496
                ], 
                [
                    1278, 
                    498
                ], 
                [
                    1295, 
                    508
                ], 
                [
                    1248, 
                    507
                ]
            ]
        }, 
        {
            "label": "person", 
            "polygon": [
                [
                    1285, 
                    485
                ], 
                [
                    1288, 
                    481
                ], 
                [
                    1290, 
                    481
                ], 
                [
                    1290, 
                    479
                ], 
                [
                    1291, 
                    478
                ], 
                [
                    1293, 
                    478
                ], 
                [
                    1294, 
                    480
                ], 
                [
                    1294, 
                    484
                ], 
                [
                    1293, 
                    484
                ], 
                [
                    1293, 
                    492
                ], 
                [
                    1292, 
                    492
                ], 
                [
                    1292, 
                    502
                ], 
                [
                    1290, 
                    502
                ], 
                [
                    1288, 
                    499
                ], 
                [
                    1288, 
                    493
                ], 
                [
                    1285, 
                    491
                ], 
                [
                    1284, 
                    489
                ]
            ]
        }, 
        {
            "label": "car", 
            "polygon": [
                [
                    1241, 
                    488
                ], 
                [
                    1251, 
                    487
                ], 
                [
                    1266, 
                    487
                ], 
                [
                    1273, 
                    491
                ], 
                [
                    1283, 
                    492
                ], 
                [
                    1290, 
                    498
                ], 
                [
                    1290, 
                    503
                ], 
                [
                    1285, 
                    503
                ], 
                [
                    1240, 
                    498
                ], 
                [
                    1240, 
                    490
                ], 
                [
                    1241, 
                    488
                ]
            ]
        }, 
        {
            "label": "car", 
            "polygon": [
                [
                    1334, 
                    476
                ], 
                [
                    1350, 
                    476
                ], 
                [
                    1352, 
                    481
                ], 
                [
                    1355, 
                    484
                ], 
                [
                    1355, 
                    495
                ], 
                [
                    1350, 
                    497
                ], 
                [
                    1348, 
                    497
                ], 
                [
                    1345, 
                    495
                ], 
                [
                    1338, 
                    495
                ]
            ]
        }, 
        {
            "label": "pole", 
            "polygon": [
                [
                    1232, 
                    458
                ], 
                [
                    1230, 
                    508
                ], 
                [
                    1236, 
                    508
                ], 
                [
                    1236, 
                    455
                ]
            ]
        }, 
        {
            "label": "pole", 
            "polygon": [
                [
                    1243, 
                    466
                ], 
                [
                    1248, 
                    466
                ], 
                [
                    1248, 
                    510
                ], 
                [
                    1243, 
                    509
                ]
            ]
        }, 
        {
            "label": "pole", 
            "polygon": [
                [
                    1256, 
                    453
                ], 
                [
                    1260, 
                    453
                ], 
                [
                    1263, 
                    507
                ], 
                [
                    1257, 
                    508
                ]
            ]
        }, 
        {
            "label": "pole", 
            "polygon": [
                [
                    1275, 
                    455
                ], 
                [
                    1280, 
                    455
                ], 
                [
                    1279, 
                    508
                ], 
                [
                    1273, 
                    507
                ]
            ]
        }, 
        {
            "label": "static", 
            "polygon": [
                [
                    444, 
                    366
                ], 
                [
                    454, 
                    367
                ], 
                [
                    456, 
                    367
                ], 
                [
                    468, 
                    364
                ], 
                [
                    471, 
                    359
                ], 
                [
                    462, 
                    357
                ], 
                [
                    451, 
                    359
                ], 
                [
                    446, 
                    359
                ], 
                [
                    435, 
                    357
                ], 
                [
                    429, 
                    356
                ], 
                [
                    428, 
                    362
                ], 
                [
                    437, 
                    364
                ], 
                [
                    444, 
                    366
                ]
            ]
        }, 
        {
            "label": "ego vehicle", 
            "polygon": [
                [
                    271, 
                    1023
                ], 
                [
                    387, 
                    1009
                ], 
                [
                    549, 
                    993
                ], 
                [
                    821, 
                    966
                ], 
                [
                    1082, 
                    950
                ], 
                [
                    1142, 
                    947
                ], 
                [
                    1112, 
                    932
                ], 
                [
                    1096, 
                    896
                ], 
                [
                    1108, 
                    861
                ], 
                [
                    1137, 
                    844
                ], 
                [
                    1175, 
                    844
                ], 
                [
                    1204, 
                    867
                ], 
                [
                    1209, 
                    897
                ], 
                [
                    1195, 
                    931
                ], 
                [
                    1161, 
                    945
                ], 
                [
                    1376, 
                    957
                ], 
                [
                    1654, 
                    977
                ], 
                [
                    1883, 
                    1002
                ], 
                [
                    2028, 
                    1023
                ]
            ]
        }, 
        {
            "label": "out of roi", 
            "polygon": [
                [
                    0, 
                    0
                ], 
                [
                    2048, 
                    0
                ], 
                [
                    2048, 
                    1024
                ], 
                [
                    0, 
                    1024
                ], 
                [
                    0, 
                    0
                ], 
                [
                    5, 
                    5
                ], 
                [
                    5, 
                    1019
                ], 
                [
                    2043, 
                    1019
                ], 
                [
                    2043, 
                    5
                ], 
                [
                    5, 
                    5
                ]
            ]
        }
    ]
}