{
    "imgHeight": 1024, 
    "imgWidth": 2048, 
    "objects": [
        {
            "label": "sky", 
            "polygon": [
                [
                    0, 
                    462
                ], 
                [
                    747, 
                    439
                ], 
                [
                    1431, 
                    395
                ], 
                [
                    2047, 
                    411
                ], 
                [
                    2047, 
                    0
                ], 
                [
                    0, 
                    0
                ]
            ]
        }, 
        {
            "label": "road", 
            "polygon": [
                [
                    0, 
                    627
                ], 
                [
                    777, 
                    474
                ], 
                [
                    1230, 
                    459
                ], 
                [
                    2047, 
                    601
                ], 
                [
                    2047, 
                    1023
                ], 
                [
                    0, 
                    1023
                ]
            ]
        }, 
        {
            "label": "sidewalk", 
            "polygon": [
                [
                    1639, 
                    1023
                ], 
                [
                    1141, 
                    553
                ], 
                [
                    1200, 
                    491
                ], 
                [
                    1272, 
                    490
                ], 
                [
                    1273, 
                    490
                ], 
                [
                    1314, 
                    492
                ], 
                [
                    1351, 
                    501
                ], 
                [
                    1425, 
                    512
                ], 
                [
                    1422, 
                    512
                ], 
                [
                    1425, 
                    511
                ], 
                [
                    1443, 
                    515
                ], 
                [
                    1448, 
                    515
                ], 
                [
                    1444, 
                    516
                ], 
                [
                    1479, 
                    527
                ], 
                [
                    1699, 
                    557
                ], 
                [
                    1744, 
                    564
                ], 
                [
                    1792, 
                    572
                ], 
                [
                    2047, 
                    619
                ], 
                [
                    2047, 
                    1023
                ]
            ]
        }, 
        {
            "label": "sidewalk", 
            "polygon": [
                [
                    0, 
                    634
                ], 
                [
                    435, 
                    552
                ], 
                [
                    686, 
                    509
                ], 
                [
                    734, 
                    502
                ], 
                [
                    768, 
                    495
                ], 
                [
                    815, 
                    472
                ], 
                [
                    742, 
                    467
                ], 
                [
                    592, 
                    462
                ], 
                [
                    540, 
                    467
                ], 
                [
                    426, 
                    504
                ], 
                [
                    0, 
                    564
                ]
            ]
        }, 
        {
            "label": "building", 
            "polygon": [
                [
                    1175, 
                    0
                ], 
                [
                    1174, 
                    46
                ], 
                [
                    1158, 
                    47
                ], 
                [
                    1155, 
                    50
                ], 
                [
                    1139, 
                    50
                ], 
                [
                    1139, 
                    58
                ], 
                [
                    1153, 
                    69
                ], 
                [
                    1157, 
                    75
                ], 
                [
                    1153, 
                    242
                ], 
                [
                    1153, 
                    496
                ], 
                [
                    1357, 
                    519
                ], 
                [
                    1418, 
                    529
                ], 
                [
                    1435, 
                    526
                ], 
                [
                    1441, 
                    528
                ], 
                [
                    1441, 
                    534
                ], 
                [
                    1460, 
                    537
                ], 
                [
                    1476, 
                    535
                ], 
                [
                    1683, 
                    566
                ], 
                [
                    1683, 
                    573
                ], 
                [
                    1739, 
                    589
                ], 
                [
                    1784, 
                    586
                ], 
                [
                    2047, 
                    633
                ], 
                [
                    2047, 
                    0
                ]
            ]
        }, 
        {
            "label": "building", 
            "polygon": [
                [
                    0, 
                    153
                ], 
                [
                    486, 
                    193
                ], 
                [
                    587, 
                    313
                ], 
                [
                    658, 
                    294
                ], 
                [
                    611, 
                    390
                ], 
                [
                    546, 
                    470
                ], 
                [
                    0, 
                    470
                ]
            ]
        }, 
        {
            "label": "wall", 
            "polygon": [
                [
                    514, 
                    426
                ], 
                [
                    514, 
                    333
                ], 
                [
                    589, 
                    269
                ], 
                [
                    686, 
                    280
                ], 
                [
                    687, 
                    473
                ], 
                [
                    622, 
                    483
                ], 
                [
                    538, 
                    463
                ]
            ]
        }, 
        {
            "label": "building", 
            "polygon": [
                [
                    851, 
                    220
                ], 
                [
                    885, 
                    223
                ], 
                [
                    890, 
                    219
                ], 
                [
                    893, 
                    217
                ], 
                [
                    899, 
                    221
                ], 
                [
                    900, 
                    224
                ], 
                [
                    1125, 
                    228
                ], 
                [
                    1118, 
                    475
                ], 
                [
                    810, 
                    442
                ], 
                [
                    814, 
                    229
                ]
            ]
        }, 
        {
            "label": "vegetation", 
            "polygon": [
                [
                    732, 
                    418
                ], 
                [
                    732, 
                    444
                ], 
                [
                    735, 
                    442
                ], 
                [
                    735, 
                    414
                ], 
                [
                    749, 
                    411
                ], 
                [
                    752, 
                    448
                ], 
                [
                    758, 
                    446
                ], 
                [
                    757, 
                    410
                ], 
                [
                    776, 
                    415
                ], 
                [
                    777, 
                    444
                ], 
                [
                    782, 
                    446
                ], 
                [
                    781, 
                    409
                ], 
                [
                    784, 
                    409
                ], 
                [
                    785, 
                    447
                ], 
                [
                    791, 
                    446
                ], 
                [
                    789, 
                    407
                ], 
                [
                    804, 
                    417
                ], 
                [
                    833, 
                    419
                ], 
                [
                    891, 
                    427
                ], 
                [
                    931, 
                    407
                ], 
                [
                    998, 
                    416
                ], 
                [
                    1035, 
                    387
                ], 
                [
                    1031, 
                    352
                ], 
                [
                    1019, 
                    325
                ], 
                [
                    982, 
                    239
                ], 
                [
                    936, 
                    230
                ], 
                [
                    902, 
                    234
                ], 
                [
                    888, 
                    223
                ], 
                [
                    883, 
                    221
                ], 
                [
                    889, 
                    211
                ], 
                [
                    882, 
                    197
                ], 
                [
                    867, 
                    188
                ], 
                [
                    849, 
                    168
                ], 
                [
                    825, 
                    146
                ], 
                [
                    809, 
                    135
                ], 
                [
                    804, 
                    120
                ], 
                [
                    768, 
                    113
                ], 
                [
                    771, 
                    105
                ], 
                [
                    791, 
                    106
                ], 
                [
                    826, 
                    130
                ], 
                [
                    832, 
                    125
                ], 
                [
                    828, 
                    118
                ], 
                [
                    830, 
                    111
                ], 
                [
                    826, 
                    100
                ], 
                [
                    816, 
                    90
                ], 
                [
                    791, 
                    66
                ], 
                [
                    765, 
                    57
                ], 
                [
                    751, 
                    51
                ], 
                [
                    767, 
                    50
                ], 
                [
                    761, 
                    35
                ], 
                [
                    727, 
                    23
                ], 
                [
                    741, 
                    11
                ], 
                [
                    746, 
                    0
                ], 
                [
                    0, 
                    0
                ], 
                [
                    0, 
                    395
                ], 
                [
                    74, 
                    404
                ], 
                [
                    142, 
                    401
                ], 
                [
                    170, 
                    392
                ], 
                [
                    192, 
                    388
                ], 
                [
                    206, 
                    389
                ], 
                [
                    217, 
                    418
                ], 
                [
                    269, 
                    417
                ], 
                [
                    280, 
                    395
                ], 
                [
                    285, 
                    374
                ], 
                [
                    288, 
                    359
                ], 
                [
                    301, 
                    359
                ], 
                [
                    325, 
                    364
                ], 
                [
                    343, 
                    385
                ], 
                [
                    377, 
                    398
                ], 
                [
                    399, 
                    409
                ], 
                [
                    409, 
                    394
                ], 
                [
                    410, 
                    385
                ], 
                [
                    432, 
                    392
                ], 
                [
                    437, 
                    373
                ], 
                [
                    442, 
                    377
                ], 
                [
                    455, 
                    383
                ], 
                [
                    475, 
                    391
                ], 
                [
                    474, 
                    399
                ], 
                [
                    468, 
                    409
                ], 
                [
                    497, 
                    409
                ], 
                [
                    514, 
                    405
                ], 
                [
                    515, 
                    394
                ], 
                [
                    533, 
                    386
                ], 
                [
                    532, 
                    374
                ], 
                [
                    538, 
                    366
                ], 
                [
                    563, 
                    373
                ], 
                [
                    576, 
                    363
                ], 
                [
                    588, 
                    356
                ], 
                [
                    588, 
                    344
                ], 
                [
                    606, 
                    321
                ], 
                [
                    615, 
                    306
                ], 
                [
                    629, 
                    327
                ], 
                [
                    645, 
                    327
                ], 
                [
                    659, 
                    319
                ], 
                [
                    667, 
                    308
                ], 
                [
                    680, 
                    316
                ], 
                [
                    683, 
                    334
                ], 
                [
                    678, 
                    348
                ], 
                [
                    688, 
                    410
                ], 
                [
                    726, 
                    416
                ]
            ]
        }, 
        {
            "label": "wall", 
            "polygon": [
                [
                    0, 
                    394
                ], 
                [
                    70, 
                    387
                ], 
                [
                    71, 
                    403
                ], 
                [
                    359, 
                    382
                ], 
                [
                    362, 
                    391
                ], 
                [
                    440, 
                    385
                ], 
                [
                    444, 
                    383
                ], 
                [
                    444, 
                    394
                ], 
                [
                    467, 
                    393
                ], 
                [
                    458, 
                    476
                ], 
                [
                    0, 
                    472
                ]
            ]
        }, 
        {
            "label": "person", 
            "polygon": [
                [
                    1656, 
                    648
                ], 
                [
                    1638, 
                    649
                ], 
                [
                    1630, 
                    648
                ], 
                [
                    1628, 
                    638
                ], 
                [
                    1626, 
                    629
                ], 
                [
                    1623, 
                    618
                ], 
                [
                    1621, 
                    604
                ], 
                [
                    1622, 
                    547
                ], 
                [
                    1620, 
                    508
                ], 
                [
                    1619, 
                    499
                ], 
                [
                    1606, 
                    497
                ], 
                [
                    1597, 
                    485
                ], 
                [
                    1597, 
                    474
                ], 
                [
                    1593, 
                    451
                ], 
                [
                    1593, 
                    400
                ], 
                [
                    1599, 
                    354
                ], 
                [
                    1613, 
                    341
                ], 
                [
                    1636, 
                    329
                ], 
                [
                    1636, 
                    319
                ], 
                [
                    1631, 
                    312
                ], 
                [
                    1632, 
                    301
                ], 
                [
                    1633, 
                    289
                ], 
                [
                    1643, 
                    278
                ], 
                [
                    1658, 
                    278
                ], 
                [
                    1670, 
                    288
                ], 
                [
                    1675, 
                    301
                ], 
                [
                    1670, 
                    305
                ], 
                [
                    1668, 
                    314
                ], 
                [
                    1667, 
                    326
                ], 
                [
                    1665, 
                    331
                ], 
                [
                    1685, 
                    336
                ], 
                [
                    1694, 
                    338
                ], 
                [
                    1699, 
                    349
                ], 
                [
                    1700, 
                    376
                ], 
                [
                    1707, 
                    406
                ], 
                [
                    1714, 
                    432
                ], 
                [
                    1715, 
                    450
                ], 
                [
                    1716, 
                    454
                ], 
                [
                    1718, 
                    467
                ], 
                [
                    1718, 
                    481
                ], 
                [
                    1710, 
                    489
                ], 
                [
                    1703, 
                    476
                ], 
                [
                    1703, 
                    467
                ], 
                [
                    1698, 
                    459
                ], 
                [
                    1696, 
                    462
                ], 
                [
                    1696, 
                    473
                ], 
                [
                    1697, 
                    492
                ], 
                [
                    1703, 
                    534
                ], 
                [
                    1698, 
                    549
                ], 
                [
                    1681, 
                    585
                ], 
                [
                    1678, 
                    600
                ], 
                [
                    1679, 
                    612
                ], 
                [
                    1678, 
                    622
                ], 
                [
                    1690, 
                    630
                ], 
                [
                    1693, 
                    639
                ], 
                [
                    1689, 
                    645
                ], 
                [
                    1672, 
                    644
                ], 
                [
                    1665, 
                    635
                ], 
                [
                    1661, 
                    626
                ], 
                [
                    1654, 
                    615
                ], 
                [
                    1651, 
                    602
                ], 
                [
                    1659, 
                    582
                ], 
                [
                    1668, 
                    550
                ], 
                [
                    1670, 
                    532
                ], 
                [
                    1662, 
                    502
                ], 
                [
                    1658, 
                    491
                ], 
                [
                    1654, 
                    496
                ], 
                [
                    1653, 
                    508
                ], 
                [
                    1648, 
                    568
                ], 
                [
                    1646, 
                    596
                ], 
                [
                    1650, 
                    617
                ], 
                [
                    1649, 
                    627
                ]
            ]
        }, 
        {
            "label": "person", 
            "polygon": [
                [
                    1363, 
                    539
                ], 
                [
                    1366, 
                    535
                ], 
                [
                    1357, 
                    515
                ], 
                [
                    1354, 
                    480
                ], 
                [
                    1351, 
                    451
                ], 
                [
                    1345, 
                    451
                ], 
                [
                    1345, 
                    446
                ], 
                [
                    1346, 
                    429
                ], 
                [
                    1334, 
                    424
                ], 
                [
                    1339, 
                    407
                ], 
                [
                    1352, 
                    392
                ], 
                [
                    1360, 
                    388
                ], 
                [
                    1357, 
                    377
                ], 
                [
                    1363, 
                    366
                ], 
                [
                    1375, 
                    366
                ], 
                [
                    1380, 
                    373
                ], 
                [
                    1378, 
                    383
                ], 
                [
                    1386, 
                    391
                ], 
                [
                    1393, 
                    400
                ], 
                [
                    1400, 
                    417
                ], 
                [
                    1401, 
                    428
                ], 
                [
                    1390, 
                    427
                ], 
                [
                    1392, 
                    447
                ], 
                [
                    1387, 
                    448
                ], 
                [
                    1387, 
                    458
                ], 
                [
                    1383, 
                    474
                ], 
                [
                    1381, 
                    519
                ], 
                [
                    1379, 
                    521
                ], 
                [
                    1377, 
                    541
                ]
            ]
        }, 
        {
            "label": "vegetation", 
            "polygon": [
                [
                    0, 
                    570
                ], 
                [
                    85, 
                    554
                ], 
                [
                    176, 
                    539
                ], 
                [
                    193, 
                    538
                ], 
                [
                    209, 
                    538
                ], 
                [
                    222, 
                    535
                ], 
                [
                    244, 
                    532
                ], 
                [
                    260, 
                    528
                ], 
                [
                    277, 
                    527
                ], 
                [
                    296, 
                    527
                ], 
                [
                    317, 
                    525
                ], 
                [
                    368, 
                    519
                ], 
                [
                    382, 
                    513
                ], 
                [
                    389, 
                    507
                ], 
                [
                    395, 
                    501
                ], 
                [
                    400, 
                    498
                ], 
                [
                    395, 
                    489
                ], 
                [
                    398, 
                    478
                ], 
                [
                    387, 
                    475
                ], 
                [
                    391, 
                    466
                ], 
                [
                    398, 
                    456
                ], 
                [
                    399, 
                    438
                ], 
                [
                    383, 
                    437
                ], 
                [
                    388, 
                    431
                ], 
                [
                    378, 
                    428
                ], 
                [
                    344, 
                    425
                ], 
                [
                    305, 
                    428
                ], 
                [
                    234, 
                    424
                ], 
                [
                    246, 
                    417
                ], 
                [
                    233, 
                    398
                ], 
                [
                    216, 
                    382
                ], 
                [
                    179, 
                    374
                ], 
                [
                    134, 
                    368
                ], 
                [
                    77, 
                    365
                ], 
                [
                    68, 
                    386
                ], 
                [
                    72, 
                    404
                ], 
                [
                    77, 
                    414
                ], 
                [
                    62, 
                    406
                ], 
                [
                    60, 
                    414
                ], 
                [
                    45, 
                    414
                ], 
                [
                    0, 
                    401
                ]
            ]
        }, 
        {
            "label": "fence", 
            "polygon": [
                [
                    902, 
                    412
                ], 
                [
                    841, 
                    414
                ], 
                [
                    756, 
                    415
                ], 
                [
                    670, 
                    415
                ], 
                [
                    670, 
                    406
                ], 
                [
                    665, 
                    405
                ], 
                [
                    665, 
                    415
                ], 
                [
                    637, 
                    415
                ], 
                [
                    550, 
                    410
                ], 
                [
                    550, 
                    406
                ], 
                [
                    546, 
                    405
                ], 
                [
                    545, 
                    407
                ], 
                [
                    443, 
                    401
                ], 
                [
                    437, 
                    505
                ], 
                [
                    623, 
                    500
                ], 
                [
                    646, 
                    500
                ], 
                [
                    656, 
                    500
                ], 
                [
                    742, 
                    499
                ], 
                [
                    743, 
                    504
                ], 
                [
                    746, 
                    503
                ], 
                [
                    745, 
                    498
                ], 
                [
                    756, 
                    499
                ], 
                [
                    756, 
                    504
                ], 
                [
                    759, 
                    504
                ], 
                [
                    759, 
                    499
                ], 
                [
                    763, 
                    499
                ], 
                [
                    763, 
                    503
                ], 
                [
                    764, 
                    503
                ], 
                [
                    765, 
                    499
                ], 
                [
                    772, 
                    498
                ], 
                [
                    773, 
                    502
                ], 
                [
                    776, 
                    502
                ], 
                [
                    777, 
                    498
                ], 
                [
                    882, 
                    493
                ]
            ]
        }, 
        {
            "label": "vegetation", 
            "polygon": [
                [
                    380, 
                    510
                ], 
                [
                    462, 
                    508
                ], 
                [
                    495, 
                    511
                ], 
                [
                    523, 
                    502
                ], 
                [
                    536, 
                    489
                ], 
                [
                    533, 
                    472
                ], 
                [
                    519, 
                    464
                ], 
                [
                    507, 
                    463
                ], 
                [
                    497, 
                    460
                ], 
                [
                    504, 
                    453
                ], 
                [
                    500, 
                    446
                ], 
                [
                    491, 
                    428
                ], 
                [
                    473, 
                    415
                ], 
                [
                    450, 
                    410
                ], 
                [
                    436, 
                    413
                ], 
                [
                    428, 
                    419
                ], 
                [
                    410, 
                    427
                ], 
                [
                    390, 
                    449
                ]
            ]
        }, 
        {
            "label": "traffic sign", 
            "polygon": [
                [
                    1170, 
                    300
                ], 
                [
                    1133, 
                    363
                ], 
                [
                    1216, 
                    361
                ]
            ]
        }, 
        {
            "label": "pole", 
            "polygon": [
                [
                    1117, 
                    0
                ], 
                [
                    1137, 
                    553
                ], 
                [
                    1142, 
                    551
                ], 
                [
                    1122, 
                    1
                ]
            ]
        }, 
        {
            "label": "pole", 
            "polygon": [
                [
                    0, 
                    479
                ], 
                [
                    7, 
                    601
                ], 
                [
                    19, 
                    600
                ], 
                [
                    15, 
                    478
                ]
            ]
        }, 
        {
            "label": "pole", 
            "polygon": [
                [
                    100, 
                    477
                ], 
                [
                    103, 
                    587
                ], 
                [
                    117, 
                    587
                ], 
                [
                    113, 
                    476
                ]
            ]
        }, 
        {
            "label": "pole", 
            "polygon": [
                [
                    181, 
                    473
                ], 
                [
                    186, 
                    573
                ], 
                [
                    198, 
                    573
                ], 
                [
                    192, 
                    472
                ]
            ]
        }, 
        {
            "label": "pole", 
            "polygon": [
                [
                    251, 
                    472
                ], 
                [
                    253, 
                    563
                ], 
                [
                    263, 
                    563
                ], 
                [
                    259, 
                    471
                ]
            ]
        }, 
        {
            "label": "pole", 
            "polygon": [
                [
                    305, 
                    334
                ], 
                [
                    316, 
                    534
                ], 
                [
                    309, 
                    536
                ], 
                [
                    309, 
                    552
                ], 
                [
                    322, 
                    553
                ], 
                [
                    310, 
                    325
                ]
            ]
        }, 
        {
            "label": "static", 
            "polygon": [
                [
                    304, 
                    350
                ], 
                [
                    305, 
                    387
                ], 
                [
                    319, 
                    386
                ], 
                [
                    319, 
                    365
                ], 
                [
                    314, 
                    365
                ], 
                [
                    314, 
                    349
                ]
            ]
        }, 
        {
            "label": "traffic sign", 
            "polygon": [
                [
                    308, 
                    345
                ], 
                [
                    301, 
                    333
                ], 
                [
                    300, 
                    312
                ], 
                [
                    302, 
                    296
                ], 
                [
                    307, 
                    294
                ], 
                [
                    314, 
                    297
                ], 
                [
                    317, 
                    310
                ], 
                [
                    318, 
                    330
                ], 
                [
                    315, 
                    342
                ]
            ]
        }, 
        {
            "label": "pole", 
            "polygon": [
                [
                    341, 
                    0
                ], 
                [
                    357, 
                    547
                ], 
                [
                    378, 
                    547
                ], 
                [
                    352, 
                    0
                ]
            ]
        }, 
        {
            "label": "pole", 
            "polygon": [
                [
                    423, 
                    464
                ], 
                [
                    424, 
                    538
                ], 
                [
                    430, 
                    538
                ], 
                [
                    430, 
                    465
                ]
            ]
        }, 
        {
            "label": "pole", 
            "polygon": [
                [
                    470, 
                    465
                ], 
                [
                    470, 
                    533
                ], 
                [
                    477, 
                    532
                ], 
                [
                    477, 
                    462
                ]
            ]
        }, 
        {
            "label": "pole", 
            "polygon": [
                [
                    501, 
                    465
                ], 
                [
                    502, 
                    525
                ], 
                [
                    509, 
                    524
                ], 
                [
                    509, 
                    464
                ]
            ]
        }, 
        {
            "label": "static", 
            "polygon": [
                [
                    534, 
                    454
                ], 
                [
                    533, 
                    504
                ], 
                [
                    548, 
                    508
                ], 
                [
                    557, 
                    505
                ], 
                [
                    557, 
                    454
                ], 
                [
                    544, 
                    452
                ]
            ]
        }, 
        {
            "label": "pole", 
            "polygon": [
                [
                    531, 
                    465
                ], 
                [
                    531, 
                    522
                ], 
                [
                    537, 
                    520
                ], 
                [
                    537, 
                    463
                ]
            ]
        }, 
        {
            "label": "pole", 
            "polygon": [
                [
                    557, 
                    463
                ], 
                [
                    558, 
                    515
                ], 
                [
                    562, 
                    515
                ], 
                [
                    563, 
                    463
                ]
            ]
        }, 
        {
            "label": "pole", 
            "polygon": [
                [
                    668, 
                    357
                ], 
                [
                    608, 
                    468
                ], 
                [
                    611, 
                    470
                ], 
                [
                    674, 
                    352
                ], 
                [
                    671, 
                    351
                ]
            ]
        }, 
        {
            "label": "pole", 
            "polygon": [
                [
                    665, 
                    367
                ], 
                [
                    660, 
                    368
                ], 
                [
                    650, 
                    475
                ], 
                [
                    655, 
                    475
                ]
            ]
        }, 
        {
            "label": "traffic sign", 
            "polygon": [
                [
                    665, 
                    371
                ], 
                [
                    657, 
                    370
                ], 
                [
                    651, 
                    373
                ], 
                [
                    648, 
                    377
                ], 
                [
                    646, 
                    385
                ], 
                [
                    649, 
                    394
                ], 
                [
                    656, 
                    397
                ], 
                [
                    662, 
                    397
                ], 
                [
                    670, 
                    393
                ], 
                [
                    672, 
                    383
                ], 
                [
                    670, 
                    377
                ]
            ]
        }, 
        {
            "label": "car", 
            "polygon": [
                [
                    938, 
                    135
                ], 
                [
                    931, 
                    141
                ], 
                [
                    925, 
                    153
                ], 
                [
                    917, 
                    170
                ], 
                [
                    903, 
                    227
                ], 
                [
                    889, 
                    295
                ], 
                [
                    878, 
                    388
                ], 
                [
                    878, 
                    413
                ], 
                [
                    871, 
                    413
                ], 
                [
                    870, 
                    423
                ], 
                [
                    873, 
                    426
                ], 
                [
                    878, 
                    427
                ], 
                [
                    870, 
                    559
                ], 
                [
                    877, 
                    588
                ], 
                [
                    878, 
                    601
                ], 
                [
                    877, 
                    654
                ], 
                [
                    880, 
                    679
                ], 
                [
                    886, 
                    686
                ], 
                [
                    922, 
                    686
                ], 
                [
                    930, 
                    678
                ], 
                [
                    931, 
                    627
                ], 
                [
                    992, 
                    634
                ], 
                [
                    1029, 
                    635
                ], 
                [
                    1029, 
                    643
                ], 
                [
                    1036, 
                    645
                ], 
                [
                    1044, 
                    644
                ], 
                [
                    1049, 
                    638
                ], 
                [
                    1052, 
                    635
                ], 
                [
                    1060, 
                    644
                ], 
                [
                    1080, 
                    646
                ], 
                [
                    1093, 
                    641
                ], 
                [
                    1100, 
                    637
                ], 
                [
                    1116, 
                    636
                ], 
                [
                    1133, 
                    634
                ], 
                [
                    1179, 
                    634
                ], 
                [
                    1179, 
                    637
                ], 
                [
                    1184, 
                    638
                ], 
                [
                    1185, 
                    635
                ], 
                [
                    1196, 
                    632
                ], 
                [
                    1223, 
                    632
                ], 
                [
                    1222, 
                    646
                ], 
                [
                    1223, 
                    669
                ], 
                [
                    1227, 
                    686
                ], 
                [
                    1231, 
                    691
                ], 
                [
                    1240, 
                    693
                ], 
                [
                    1259, 
                    692
                ], 
                [
                    1272, 
                    691
                ], 
                [
                    1278, 
                    683
                ], 
                [
                    1280, 
                    651
                ], 
                [
                    1282, 
                    615
                ], 
                [
                    1287, 
                    610
                ], 
                [
                    1293, 
                    587
                ], 
                [
                    1300, 
                    549
                ], 
                [
                    1297, 
                    532
                ], 
                [
                    1295, 
                    527
                ], 
                [
                    1301, 
                    466
                ], 
                [
                    1297, 
                    442
                ], 
                [
                    1300, 
                    431
                ], 
                [
                    1304, 
                    427
                ], 
                [
                    1307, 
                    422
                ], 
                [
                    1301, 
                    418
                ], 
                [
                    1300, 
                    417
                ], 
                [
                    1293, 
                    324
                ], 
                [
                    1279, 
                    224
                ], 
                [
                    1252, 
                    142
                ], 
                [
                    1229, 
                    137
                ], 
                [
                    1109, 
                    130
                ], 
                [
                    1028, 
                    130
                ], 
                [
                    968, 
                    131
                ]
            ]
        }, 
        {
            "label": "license plate", 
            "polygon": [
                [
                    940, 
                    540
                ], 
                [
                    939, 
                    566
                ], 
                [
                    1052, 
                    572
                ], 
                [
                    1055, 
                    543
                ]
            ]
        }, 
        {
            "label": "traffic sign", 
            "polygon": [
                [
                    860, 
                    490
                ], 
                [
                    856, 
                    449
                ], 
                [
                    857, 
                    444
                ], 
                [
                    856, 
                    438
                ], 
                [
                    858, 
                    432
                ], 
                [
                    863, 
                    432
                ], 
                [
                    866, 
                    437
                ], 
                [
                    866, 
                    441
                ], 
                [
                    867, 
                    446
                ], 
                [
                    874, 
                    490
                ], 
                [
                    866, 
                    491
                ]
            ]
        }, 
        {
            "label": "traffic sign", 
            "polygon": [
                [
                    846, 
                    490
                ], 
                [
                    839, 
                    449
                ], 
                [
                    837, 
                    443
                ], 
                [
                    836, 
                    436
                ], 
                [
                    837, 
                    432
                ], 
                [
                    841, 
                    431
                ], 
                [
                    845, 
                    434
                ], 
                [
                    846, 
                    440
                ], 
                [
                    850, 
                    444
                ], 
                [
                    851, 
                    448
                ], 
                [
                    855, 
                    490
                ]
            ]
        }, 
        {
            "label": "traffic sign", 
            "polygon": [
                [
                    617, 
                    466
                ], 
                [
                    631, 
                    430
                ], 
                [
                    642, 
                    435
                ], 
                [
                    634, 
                    466
                ], 
                [
                    629, 
                    473
                ], 
                [
                    623, 
                    473
                ], 
                [
                    621, 
                    476
                ], 
                [
                    620, 
                    474
                ], 
                [
                    621, 
                    471
                ]
            ]
        }, 
        {
            "label": "traffic sign", 
            "polygon": [
                [
                    643, 
                    502
                ], 
                [
                    632, 
                    504
                ], 
                [
                    633, 
                    507
                ], 
                [
                    651, 
                    508
                ], 
                [
                    663, 
                    507
                ], 
                [
                    656, 
                    502
                ], 
                [
                    651, 
                    502
                ], 
                [
                    650, 
                    498
                ], 
                [
                    654, 
                    496
                ], 
                [
                    654, 
                    450
                ], 
                [
                    653, 
                    446
                ], 
                [
                    654, 
                    439
                ], 
                [
                    649, 
                    435
                ], 
                [
                    644, 
                    435
                ], 
                [
                    641, 
                    438
                ], 
                [
                    643, 
                    442
                ], 
                [
                    644, 
                    446
                ], 
                [
                    642, 
                    449
                ], 
                [
                    642, 
                    490
                ], 
                [
                    642, 
                    497
                ], 
                [
                    644, 
                    498
                ]
            ]
        }, 
        {
            "label": "pole", 
            "polygon": [
                [
                    585, 
                    512
                ], 
                [
                    585, 
                    463
                ], 
                [
                    588, 
                    464
                ], 
                [
                    590, 
                    513
                ]
            ]
        }, 
        {
            "label": "pole", 
            "polygon": [
                [
                    607, 
                    512
                ], 
                [
                    605, 
                    462
                ], 
                [
                    609, 
                    462
                ], 
                [
                    611, 
                    513
                ]
            ]
        }, 
        {
            "label": "pole", 
            "polygon": [
                [
                    625, 
                    509
                ], 
                [
                    624, 
                    461
                ], 
                [
                    629, 
                    461
                ], 
                [
                    631, 
                    510
                ]
            ]
        }, 
        {
            "label": "ego vehicle", 
            "polygon": [
                [
                    271, 
                    1023
                ], 
                [
                    387, 
                    1009
                ], 
                [
                    549, 
                    993
                ], 
                [
                    821, 
                    966
                ], 
                [
                    1082, 
                    950
                ], 
                [
                    1142, 
                    947
                ], 
                [
                    1112, 
                    932
                ], 
                [
                    1096, 
                    896
                ], 
                [
                    1108, 
                    861
                ], 
                [
                    1137, 
                    844
                ], 
                [
                    1175, 
                    844
                ], 
                [
                    1204, 
                    867
                ], 
                [
                    1209, 
                    897
                ], 
                [
                    1195, 
                    931
                ], 
                [
                    1161, 
                    945
                ], 
                [
                    1376, 
                    957
                ], 
                [
                    1654, 
                    977
                ], 
                [
                    1883, 
                    1002
                ], 
                [
                    2028, 
                    1023
                ]
            ]
        }, 
        {
            "label": "out of roi", 
            "polygon": [
                [
                    0, 
                    0
                ], 
                [
                    2048, 
                    0
                ], 
                [
                    2048, 
                    1024
                ], 
                [
                    0, 
                    1024
                ], 
                [
                    0, 
                    0
                ], 
                [
                    5, 
                    5
                ], 
                [
                    5, 
                    1019
                ], 
                [
                    2043, 
                    1019
                ], 
                [
                    2043, 
                    5
                ], 
                [
                    5, 
                    5
                ]
            ]
        }
    ]
}