{
    "imgHeight": 1024, 
    "imgWidth": 2048, 
    "objects": [
        {
            "label": "traffic light", 
            "polygon": [
                [
                    0, 
                    400
                ], 
                [
                    1001, 
                    412
                ], 
                [
                    1878, 
                    338
                ], 
                [
                    2047, 
                    0
                ], 
                [
                    0, 
                    0
                ]
            ]
        }, 
        {
            "label": "sky", 
            "polygon": [
                [
                    0, 
                    400
                ], 
                [
                    1001, 
                    412
                ], 
                [
                    1878, 
                    338
                ], 
                [
                    2047, 
                    0
                ], 
                [
                    0, 
                    0
                ]
            ]
        }, 
        {
            "label": "vegetation", 
            "polygon": [
                [
                    1265, 
                    435
                ], 
                [
                    1227, 
                    438
                ], 
                [
                    1220, 
                    401
                ], 
                [
                    1216, 
                    345
                ], 
                [
                    1168, 
                    332
                ], 
                [
                    1149, 
                    329
                ], 
                [
                    1141, 
                    329
                ], 
                [
                    1130, 
                    336
                ], 
                [
                    1131, 
                    343
                ], 
                [
                    1138, 
                    340
                ], 
                [
                    1145, 
                    348
                ], 
                [
                    1155, 
                    369
                ], 
                [
                    1166, 
                    377
                ], 
                [
                    1168, 
                    394
                ], 
                [
                    1118, 
                    369
                ], 
                [
                    1063, 
                    363
                ], 
                [
                    1023, 
                    319
                ], 
                [
                    1003, 
                    293
                ], 
                [
                    975, 
                    272
                ], 
                [
                    952, 
                    183
                ], 
                [
                    970, 
                    122
                ], 
                [
                    992, 
                    0
                ], 
                [
                    1393, 
                    0
                ], 
                [
                    1399, 
                    292
                ], 
                [
                    1388, 
                    370
                ], 
                [
                    1301, 
                    376
                ], 
                [
                    1273, 
                    403
                ]
            ]
        }, 
        {
            "label": "building", 
            "polygon": [
                [
                    1376, 
                    0
                ], 
                [
                    1365, 
                    483
                ], 
                [
                    2047, 
                    507
                ], 
                [
                    2047, 
                    0
                ]
            ]
        }, 
        {
            "label": "wall", 
            "polygon": [
                [
                    2047, 
                    366
                ], 
                [
                    1489, 
                    413
                ], 
                [
                    1352, 
                    444
                ], 
                [
                    1231, 
                    467
                ], 
                [
                    1184, 
                    468
                ], 
                [
                    1177, 
                    455
                ], 
                [
                    1173, 
                    504
                ], 
                [
                    1212, 
                    521
                ], 
                [
                    1354, 
                    559
                ], 
                [
                    1535, 
                    548
                ], 
                [
                    1755, 
                    585
                ], 
                [
                    2047, 
                    635
                ]
            ]
        }, 
        {
            "label": "road", 
            "polygon": [
                [
                    0, 
                    712
                ], 
                [
                    832, 
                    473
                ], 
                [
                    1137, 
                    485
                ], 
                [
                    1207, 
                    509
                ], 
                [
                    2047, 
                    696
                ], 
                [
                    2047, 
                    1023
                ], 
                [
                    0, 
                    1023
                ]
            ]
        }, 
        {
            "label": "sidewalk", 
            "polygon": [
                [
                    2047, 
                    871
                ], 
                [
                    1449, 
                    610
                ], 
                [
                    1264, 
                    539
                ], 
                [
                    1154, 
                    510
                ], 
                [
                    1112, 
                    509
                ], 
                [
                    1109, 
                    508
                ], 
                [
                    1113, 
                    504
                ], 
                [
                    1129, 
                    501
                ], 
                [
                    1169, 
                    499
                ], 
                [
                    1185, 
                    504
                ], 
                [
                    1247, 
                    504
                ], 
                [
                    1356, 
                    505
                ], 
                [
                    2047, 
                    614
                ]
            ]
        }, 
        {
            "label": "motorcycle", 
            "polygon": [
                [
                    0, 
                    748
                ], 
                [
                    566, 
                    580
                ], 
                [
                    803, 
                    505
                ], 
                [
                    834, 
                    492
                ], 
                [
                    748, 
                    480
                ], 
                [
                    536, 
                    501
                ], 
                [
                    407, 
                    524
                ], 
                [
                    297, 
                    544
                ], 
                [
                    0, 
                    580
                ]
            ]
        }, 
        {
            "label": "sidewalk", 
            "polygon": [
                [
                    0, 
                    588
                ], 
                [
                    231, 
                    597
                ], 
                [
                    268, 
                    610
                ], 
                [
                    298, 
                    581
                ], 
                [
                    560, 
                    549
                ], 
                [
                    714, 
                    471
                ], 
                [
                    661, 
                    455
                ], 
                [
                    210, 
                    513
                ], 
                [
                    178, 
                    519
                ], 
                [
                    0, 
                    543
                ]
            ]
        }, 
        {
            "label": "terrain", 
            "polygon": [
                [
                    2047, 
                    519
                ], 
                [
                    1882, 
                    549
                ], 
                [
                    1733, 
                    509
                ], 
                [
                    1672, 
                    486
                ], 
                [
                    1626, 
                    514
                ], 
                [
                    1565, 
                    499
                ], 
                [
                    1540, 
                    519
                ], 
                [
                    1459, 
                    509
                ], 
                [
                    1433, 
                    496
                ], 
                [
                    1423, 
                    493
                ], 
                [
                    1405, 
                    510
                ], 
                [
                    1382, 
                    523
                ], 
                [
                    1356, 
                    519
                ], 
                [
                    1353, 
                    499
                ], 
                [
                    1360, 
                    479
                ], 
                [
                    1345, 
                    466
                ], 
                [
                    1348, 
                    447
                ], 
                [
                    1319, 
                    449
                ], 
                [
                    1281, 
                    460
                ], 
                [
                    1251, 
                    463
                ], 
                [
                    1220, 
                    467
                ], 
                [
                    1214, 
                    467
                ], 
                [
                    1218, 
                    444
                ], 
                [
                    1248, 
                    405
                ], 
                [
                    1249, 
                    393
                ], 
                [
                    1278, 
                    389
                ], 
                [
                    1296, 
                    375
                ], 
                [
                    1317, 
                    362
                ], 
                [
                    1352, 
                    354
                ], 
                [
                    1375, 
                    352
                ], 
                [
                    1400, 
                    354
                ], 
                [
                    1424, 
                    358
                ], 
                [
                    1443, 
                    351
                ], 
                [
                    1446, 
                    341
                ], 
                [
                    1444, 
                    328
                ], 
                [
                    1453, 
                    312
                ], 
                [
                    1465, 
                    302
                ], 
                [
                    1473, 
                    291
                ], 
                [
                    1486, 
                    282
                ], 
                [
                    1498, 
                    277
                ], 
                [
                    1498, 
                    270
                ], 
                [
                    1505, 
                    266
                ], 
                [
                    1502, 
                    256
                ], 
                [
                    1502, 
                    244
                ], 
                [
                    1519, 
                    252
                ], 
                [
                    1527, 
                    252
                ], 
                [
                    1547, 
                    249
                ], 
                [
                    1545, 
                    245
                ], 
                [
                    1536, 
                    243
                ], 
                [
                    1537, 
                    236
                ], 
                [
                    1544, 
                    234
                ], 
                [
                    1545, 
                    231
                ], 
                [
                    1541, 
                    225
                ], 
                [
                    1544, 
                    218
                ], 
                [
                    1543, 
                    214
                ], 
                [
                    1539, 
                    207
                ], 
                [
                    1547, 
                    203
                ], 
                [
                    1556, 
                    208
                ], 
                [
                    1557, 
                    203
                ], 
                [
                    1563, 
                    200
                ], 
                [
                    1569, 
                    197
                ], 
                [
                    1573, 
                    203
                ], 
                [
                    1570, 
                    208
                ], 
                [
                    1571, 
                    219
                ], 
                [
                    1571, 
                    223
                ], 
                [
                    1580, 
                    222
                ], 
                [
                    1580, 
                    219
                ], 
                [
                    1576, 
                    211
                ], 
                [
                    1578, 
                    206
                ], 
                [
                    1581, 
                    203
                ], 
                [
                    1577, 
                    196
                ], 
                [
                    1582, 
                    193
                ], 
                [
                    1600, 
                    191
                ], 
                [
                    1597, 
                    175
                ], 
                [
                    1605, 
                    170
                ], 
                [
                    1614, 
                    175
                ], 
                [
                    1621, 
                    188
                ], 
                [
                    1631, 
                    164
                ], 
                [
                    1642, 
                    163
                ], 
                [
                    1650, 
                    176
                ], 
                [
                    1656, 
                    159
                ], 
                [
                    1671, 
                    161
                ], 
                [
                    1668, 
                    181
                ], 
                [
                    1673, 
                    182
                ], 
                [
                    1683, 
                    179
                ], 
                [
                    1691, 
                    160
                ], 
                [
                    1706, 
                    162
                ], 
                [
                    1714, 
                    176
                ], 
                [
                    1714, 
                    187
                ], 
                [
                    1715, 
                    197
                ], 
                [
                    1708, 
                    207
                ], 
                [
                    1718, 
                    211
                ], 
                [
                    1723, 
                    205
                ], 
                [
                    1734, 
                    186
                ], 
                [
                    1751, 
                    183
                ], 
                [
                    1770, 
                    191
                ], 
                [
                    1757, 
                    198
                ], 
                [
                    1757, 
                    205
                ], 
                [
                    1775, 
                    195
                ], 
                [
                    1780, 
                    202
                ], 
                [
                    1783, 
                    209
                ], 
                [
                    1793, 
                    215
                ], 
                [
                    1791, 
                    222
                ], 
                [
                    1799, 
                    217
                ], 
                [
                    1814, 
                    214
                ], 
                [
                    1812, 
                    199
                ], 
                [
                    1818, 
                    185
                ], 
                [
                    1815, 
                    175
                ], 
                [
                    1820, 
                    173
                ], 
                [
                    1826, 
                    182
                ], 
                [
                    1850, 
                    176
                ], 
                [
                    1868, 
                    182
                ], 
                [
                    1855, 
                    191
                ], 
                [
                    1862, 
                    195
                ], 
                [
                    1905, 
                    180
                ], 
                [
                    1926, 
                    171
                ], 
                [
                    1925, 
                    155
                ], 
                [
                    1948, 
                    143
                ], 
                [
                    1976, 
                    155
                ], 
                [
                    1983, 
                    133
                ], 
                [
                    2003, 
                    146
                ], 
                [
                    2006, 
                    161
                ], 
                [
                    2013, 
                    146
                ], 
                [
                    2019, 
                    131
                ], 
                [
                    2015, 
                    113
                ], 
                [
                    2027, 
                    96
                ], 
                [
                    2022, 
                    82
                ], 
                [
                    2021, 
                    63
                ], 
                [
                    2047, 
                    42
                ]
            ]
        }, 
        {
            "label": "vegetation", 
            "polygon": [
                [
                    2047, 
                    519
                ], 
                [
                    1882, 
                    549
                ], 
                [
                    1769, 
                    541
                ], 
                [
                    1712, 
                    527
                ], 
                [
                    1672, 
                    486
                ], 
                [
                    1626, 
                    514
                ], 
                [
                    1565, 
                    499
                ], 
                [
                    1540, 
                    519
                ], 
                [
                    1459, 
                    509
                ], 
                [
                    1433, 
                    496
                ], 
                [
                    1423, 
                    493
                ], 
                [
                    1405, 
                    510
                ], 
                [
                    1382, 
                    523
                ], 
                [
                    1356, 
                    519
                ], 
                [
                    1353, 
                    499
                ], 
                [
                    1360, 
                    479
                ], 
                [
                    1345, 
                    466
                ], 
                [
                    1348, 
                    447
                ], 
                [
                    1319, 
                    449
                ], 
                [
                    1281, 
                    460
                ], 
                [
                    1251, 
                    463
                ], 
                [
                    1220, 
                    467
                ], 
                [
                    1214, 
                    467
                ], 
                [
                    1218, 
                    444
                ], 
                [
                    1248, 
                    405
                ], 
                [
                    1249, 
                    393
                ], 
                [
                    1278, 
                    389
                ], 
                [
                    1296, 
                    375
                ], 
                [
                    1317, 
                    362
                ], 
                [
                    1352, 
                    354
                ], 
                [
                    1375, 
                    352
                ], 
                [
                    1400, 
                    354
                ], 
                [
                    1424, 
                    358
                ], 
                [
                    1443, 
                    351
                ], 
                [
                    1446, 
                    341
                ], 
                [
                    1444, 
                    328
                ], 
                [
                    1453, 
                    312
                ], 
                [
                    1465, 
                    302
                ], 
                [
                    1473, 
                    291
                ], 
                [
                    1486, 
                    282
                ], 
                [
                    1498, 
                    277
                ], 
                [
                    1498, 
                    270
                ], 
                [
                    1505, 
                    266
                ], 
                [
                    1502, 
                    256
                ], 
                [
                    1502, 
                    244
                ], 
                [
                    1519, 
                    252
                ], 
                [
                    1527, 
                    252
                ], 
                [
                    1547, 
                    249
                ], 
                [
                    1545, 
                    245
                ], 
                [
                    1536, 
                    243
                ], 
                [
                    1537, 
                    236
                ], 
                [
                    1544, 
                    234
                ], 
                [
                    1545, 
                    231
                ], 
                [
                    1541, 
                    225
                ], 
                [
                    1544, 
                    218
                ], 
                [
                    1543, 
                    214
                ], 
                [
                    1539, 
                    207
                ], 
                [
                    1547, 
                    203
                ], 
                [
                    1556, 
                    208
                ], 
                [
                    1557, 
                    203
                ], 
                [
                    1563, 
                    200
                ], 
                [
                    1569, 
                    197
                ], 
                [
                    1573, 
                    203
                ], 
                [
                    1570, 
                    208
                ], 
                [
                    1571, 
                    219
                ], 
                [
                    1571, 
                    223
                ], 
                [
                    1580, 
                    222
                ], 
                [
                    1580, 
                    219
                ], 
                [
                    1576, 
                    211
                ], 
                [
                    1578, 
                    206
                ], 
                [
                    1581, 
                    203
                ], 
                [
                    1577, 
                    196
                ], 
                [
                    1582, 
                    193
                ], 
                [
                    1600, 
                    191
                ], 
                [
                    1597, 
                    175
                ], 
                [
                    1605, 
                    170
                ], 
                [
                    1614, 
                    175
                ], 
                [
                    1621, 
                    188
                ], 
                [
                    1631, 
                    164
                ], 
                [
                    1642, 
                    163
                ], 
                [
                    1650, 
                    176
                ], 
                [
                    1656, 
                    159
                ], 
                [
                    1671, 
                    161
                ], 
                [
                    1668, 
                    181
                ], 
                [
                    1673, 
                    182
                ], 
                [
                    1683, 
                    179
                ], 
                [
                    1691, 
                    160
                ], 
                [
                    1706, 
                    162
                ], 
                [
                    1714, 
                    176
                ], 
                [
                    1714, 
                    187
                ], 
                [
                    1715, 
                    197
                ], 
                [
                    1708, 
                    207
                ], 
                [
                    1718, 
                    211
                ], 
                [
                    1723, 
                    205
                ], 
                [
                    1734, 
                    186
                ], 
                [
                    1751, 
                    183
                ], 
                [
                    1770, 
                    191
                ], 
                [
                    1757, 
                    198
                ], 
                [
                    1757, 
                    205
                ], 
                [
                    1775, 
                    195
                ], 
                [
                    1780, 
                    202
                ], 
                [
                    1783, 
                    209
                ], 
                [
                    1793, 
                    215
                ], 
                [
                    1791, 
                    222
                ], 
                [
                    1799, 
                    217
                ], 
                [
                    1814, 
                    214
                ], 
                [
                    1812, 
                    199
                ], 
                [
                    1818, 
                    185
                ], 
                [
                    1815, 
                    175
                ], 
                [
                    1820, 
                    173
                ], 
                [
                    1826, 
                    182
                ], 
                [
                    1850, 
                    176
                ], 
                [
                    1868, 
                    182
                ], 
                [
                    1855, 
                    191
                ], 
                [
                    1862, 
                    195
                ], 
                [
                    1905, 
                    180
                ], 
                [
                    1926, 
                    171
                ], 
                [
                    1925, 
                    155
                ], 
                [
                    1948, 
                    143
                ], 
                [
                    1976, 
                    155
                ], 
                [
                    1983, 
                    133
                ], 
                [
                    2003, 
                    146
                ], 
                [
                    2006, 
                    161
                ], 
                [
                    2013, 
                    146
                ], 
                [
                    2019, 
                    131
                ], 
                [
                    2015, 
                    113
                ], 
                [
                    2027, 
                    96
                ], 
                [
                    2022, 
                    82
                ], 
                [
                    2021, 
                    63
                ], 
                [
                    2047, 
                    42
                ]
            ]
        }, 
        {
            "label": "pole", 
            "polygon": [
                [
                    1936, 
                    44
                ], 
                [
                    1919, 
                    49
                ], 
                [
                    1899, 
                    53
                ], 
                [
                    1897, 
                    57
                ], 
                [
                    1897, 
                    267
                ], 
                [
                    1889, 
                    267
                ], 
                [
                    1889, 
                    75
                ], 
                [
                    1889, 
                    48
                ], 
                [
                    1915, 
                    41
                ], 
                [
                    1929, 
                    40
                ]
            ]
        }, 
        {
            "label": "vegetation", 
            "polygon": [
                [
                    0, 
                    484
                ], 
                [
                    32, 
                    483
                ], 
                [
                    45, 
                    464
                ], 
                [
                    59, 
                    463
                ], 
                [
                    102, 
                    463
                ], 
                [
                    132, 
                    463
                ], 
                [
                    149, 
                    460
                ], 
                [
                    169, 
                    462
                ], 
                [
                    198, 
                    465
                ], 
                [
                    223, 
                    459
                ], 
                [
                    324, 
                    472
                ], 
                [
                    337, 
                    401
                ], 
                [
                    343, 
                    393
                ], 
                [
                    351, 
                    389
                ], 
                [
                    358, 
                    389
                ], 
                [
                    356, 
                    401
                ], 
                [
                    388, 
                    409
                ], 
                [
                    403, 
                    463
                ], 
                [
                    465, 
                    464
                ], 
                [
                    476, 
                    413
                ], 
                [
                    477, 
                    404
                ], 
                [
                    478, 
                    420
                ], 
                [
                    483, 
                    430
                ], 
                [
                    492, 
                    440
                ], 
                [
                    481, 
                    463
                ], 
                [
                    538, 
                    470
                ], 
                [
                    770, 
                    456
                ], 
                [
                    857, 
                    455
                ], 
                [
                    961, 
                    502
                ], 
                [
                    1102, 
                    509
                ], 
                [
                    1108, 
                    508
                ], 
                [
                    1114, 
                    503
                ], 
                [
                    1147, 
                    504
                ], 
                [
                    1200, 
                    504
                ], 
                [
                    1200, 
                    473
                ], 
                [
                    1247, 
                    452
                ], 
                [
                    1236, 
                    342
                ], 
                [
                    1131, 
                    317
                ], 
                [
                    1043, 
                    0
                ], 
                [
                    0, 
                    0
                ]
            ]
        }, 
        {
            "label": "terrain", 
            "polygon": [
                [
                    31, 
                    468
                ], 
                [
                    41, 
                    477
                ], 
                [
                    0, 
                    553
                ], 
                [
                    254, 
                    529
                ], 
                [
                    523, 
                    466
                ], 
                [
                    535, 
                    458
                ], 
                [
                    206, 
                    458
                ], 
                [
                    183, 
                    458
                ], 
                [
                    149, 
                    458
                ], 
                [
                    84, 
                    460
                ], 
                [
                    32, 
                    462
                ]
            ]
        }, 
        {
            "label": "pole", 
            "polygon": [
                [
                    1046, 
                    501
                ], 
                [
                    1046, 
                    481
                ], 
                [
                    1047, 
                    483
                ], 
                [
                    1047, 
                    502
                ]
            ]
        }, 
        {
            "label": "pole", 
            "polygon": [
                [
                    1331, 
                    514
                ], 
                [
                    1342, 
                    515
                ], 
                [
                    1353, 
                    0
                ], 
                [
                    1346, 
                    0
                ]
            ]
        }, 
        {
            "label": "traffic sign", 
            "polygon": [
                [
                    1342, 
                    297
                ], 
                [
                    1315, 
                    343
                ], 
                [
                    1366, 
                    343
                ]
            ]
        }, 
        {
            "label": "pole", 
            "polygon": [
                [
                    1177, 
                    509
                ], 
                [
                    1182, 
                    507
                ], 
                [
                    1191, 
                    115
                ], 
                [
                    1089, 
                    105
                ], 
                [
                    1077, 
                    99
                ], 
                [
                    1066, 
                    102
                ], 
                [
                    1068, 
                    108
                ], 
                [
                    1087, 
                    110
                ], 
                [
                    1094, 
                    110
                ], 
                [
                    1186, 
                    121
                ], 
                [
                    1179, 
                    401
                ]
            ]
        }, 
        {
            "label": "traffic sign", 
            "polygon": [
                [
                    1037, 
                    484
                ], 
                [
                    1049, 
                    484
                ], 
                [
                    1049, 
                    480
                ], 
                [
                    1039, 
                    480
                ]
            ]
        }, 
        {
            "label": "traffic sign", 
            "polygon": [
                [
                    1174, 
                    401
                ], 
                [
                    1172, 
                    414
                ], 
                [
                    1181, 
                    419
                ], 
                [
                    1192, 
                    413
                ], 
                [
                    1192, 
                    401
                ], 
                [
                    1185, 
                    397
                ], 
                [
                    1178, 
                    398
                ]
            ]
        }, 
        {
            "label": "traffic sign", 
            "polygon": [
                [
                    1172, 
                    420
                ], 
                [
                    1172, 
                    430
                ], 
                [
                    1192, 
                    431
                ], 
                [
                    1193, 
                    419
                ]
            ]
        }, 
        {
            "label": "pole", 
            "polygon": [
                [
                    1117, 
                    430
                ], 
                [
                    1117, 
                    505
                ], 
                [
                    1121, 
                    505
                ], 
                [
                    1122, 
                    432
                ]
            ]
        }, 
        {
            "label": "traffic sign", 
            "polygon": [
                [
                    1120, 
                    428
                ], 
                [
                    1108, 
                    440
                ], 
                [
                    1120, 
                    451
                ], 
                [
                    1132, 
                    439
                ]
            ]
        }, 
        {
            "label": "person", 
            "polygon": [
                [
                    1159, 
                    442
                ], 
                [
                    1165, 
                    440
                ], 
                [
                    1169, 
                    444
                ], 
                [
                    1170, 
                    450
                ], 
                [
                    1173, 
                    458
                ], 
                [
                    1171, 
                    470
                ], 
                [
                    1168, 
                    484
                ], 
                [
                    1166, 
                    503
                ], 
                [
                    1157, 
                    503
                ], 
                [
                    1157, 
                    497
                ], 
                [
                    1154, 
                    497
                ], 
                [
                    1151, 
                    490
                ], 
                [
                    1151, 
                    478
                ], 
                [
                    1149, 
                    477
                ], 
                [
                    1144, 
                    472
                ], 
                [
                    1146, 
                    464
                ], 
                [
                    1147, 
                    454
                ], 
                [
                    1150, 
                    448
                ]
            ]
        }, 
        {
            "label": "person", 
            "polygon": [
                [
                    1194, 
                    507
                ], 
                [
                    1193, 
                    497
                ], 
                [
                    1192, 
                    476
                ], 
                [
                    1191, 
                    474
                ], 
                [
                    1186, 
                    473
                ], 
                [
                    1185, 
                    467
                ], 
                [
                    1188, 
                    449
                ], 
                [
                    1197, 
                    446
                ], 
                [
                    1197, 
                    437
                ], 
                [
                    1202, 
                    436
                ], 
                [
                    1206, 
                    438
                ], 
                [
                    1206, 
                    446
                ], 
                [
                    1208, 
                    449
                ], 
                [
                    1210, 
                    461
                ], 
                [
                    1212, 
                    472
                ], 
                [
                    1207, 
                    475
                ], 
                [
                    1204, 
                    480
                ], 
                [
                    1202, 
                    504
                ]
            ]
        }, 
        {
            "label": "car", 
            "polygon": [
                [
                    973, 
                    502
                ], 
                [
                    980, 
                    502
                ], 
                [
                    980, 
                    498
                ], 
                [
                    1027, 
                    499
                ], 
                [
                    1029, 
                    505
                ], 
                [
                    1043, 
                    505
                ], 
                [
                    1043, 
                    496
                ], 
                [
                    1044, 
                    486
                ], 
                [
                    1044, 
                    481
                ], 
                [
                    1045, 
                    475
                ], 
                [
                    1039, 
                    463
                ], 
                [
                    1034, 
                    454
                ], 
                [
                    1032, 
                    448
                ], 
                [
                    991, 
                    447
                ], 
                [
                    987, 
                    448
                ], 
                [
                    980, 
                    460
                ], 
                [
                    973, 
                    478
                ]
            ]
        }, 
        {
            "label": "license plate", 
            "polygon": [
                [
                    998, 
                    465
                ], 
                [
                    998, 
                    474
                ], 
                [
                    1020, 
                    475
                ], 
                [
                    1021, 
                    467
                ]
            ]
        }, 
        {
            "label": "car", 
            "polygon": [
                [
                    787, 
                    490
                ], 
                [
                    829, 
                    492
                ], 
                [
                    852, 
                    465
                ], 
                [
                    848, 
                    451
                ], 
                [
                    830, 
                    446
                ], 
                [
                    796, 
                    442
                ], 
                [
                    791, 
                    442
                ], 
                [
                    784, 
                    454
                ]
            ]
        }, 
        {
            "label": "parking", 
            "polygon": [
                [
                    0, 
                    748
                ], 
                [
                    566, 
                    580
                ], 
                [
                    803, 
                    505
                ], 
                [
                    841, 
                    498
                ], 
                [
                    748, 
                    480
                ], 
                [
                    536, 
                    501
                ], 
                [
                    407, 
                    524
                ], 
                [
                    297, 
                    544
                ], 
                [
                    0, 
                    580
                ]
            ]
        }, 
        {
            "label": "license plate", 
            "polygon": [
                [
                    800, 
                    462
                ], 
                [
                    801, 
                    471
                ], 
                [
                    820, 
                    471
                ], 
                [
                    818, 
                    462
                ]
            ]
        }, 
        {
            "label": "car", 
            "polygon": [
                [
                    825, 
                    524
                ], 
                [
                    840, 
                    524
                ], 
                [
                    842, 
                    515
                ], 
                [
                    846, 
                    522
                ], 
                [
                    860, 
                    522
                ], 
                [
                    861, 
                    512
                ], 
                [
                    929, 
                    513
                ], 
                [
                    930, 
                    522
                ], 
                [
                    941, 
                    523
                ], 
                [
                    949, 
                    519
                ], 
                [
                    955, 
                    519
                ], 
                [
                    960, 
                    511
                ], 
                [
                    959, 
                    496
                ], 
                [
                    959, 
                    474
                ], 
                [
                    954, 
                    464
                ], 
                [
                    959, 
                    461
                ], 
                [
                    960, 
                    452
                ], 
                [
                    958, 
                    451
                ], 
                [
                    951, 
                    451
                ], 
                [
                    948, 
                    455
                ], 
                [
                    932, 
                    427
                ], 
                [
                    846, 
                    427
                ], 
                [
                    833, 
                    450
                ], 
                [
                    824, 
                    466
                ], 
                [
                    822, 
                    499
                ]
            ]
        }, 
        {
            "label": "license plate", 
            "polygon": [
                [
                    857, 
                    485
                ], 
                [
                    858, 
                    496
                ], 
                [
                    900, 
                    496
                ], 
                [
                    901, 
                    484
                ]
            ]
        }, 
        {
            "label": "car", 
            "polygon": [
                [
                    723, 
                    431
                ], 
                [
                    781, 
                    432
                ], 
                [
                    790, 
                    451
                ], 
                [
                    796, 
                    451
                ], 
                [
                    801, 
                    454
                ], 
                [
                    796, 
                    458
                ], 
                [
                    792, 
                    458
                ], 
                [
                    796, 
                    468
                ], 
                [
                    795, 
                    480
                ], 
                [
                    794, 
                    496
                ], 
                [
                    791, 
                    496
                ], 
                [
                    785, 
                    498
                ], 
                [
                    781, 
                    498
                ], 
                [
                    779, 
                    493
                ], 
                [
                    771, 
                    491
                ], 
                [
                    755, 
                    490
                ], 
                [
                    730, 
                    488
                ], 
                [
                    711, 
                    484
                ]
            ]
        }, 
        {
            "label": "license plate", 
            "polygon": [
                [
                    740, 
                    458
                ], 
                [
                    761, 
                    458
                ], 
                [
                    761, 
                    467
                ], 
                [
                    742, 
                    466
                ]
            ]
        }, 
        {
            "label": "car", 
            "polygon": [
                [
                    657, 
                    425
                ], 
                [
                    675, 
                    422
                ], 
                [
                    734, 
                    426
                ], 
                [
                    745, 
                    450
                ], 
                [
                    753, 
                    449
                ], 
                [
                    757, 
                    453
                ], 
                [
                    754, 
                    456
                ], 
                [
                    748, 
                    456
                ], 
                [
                    754, 
                    468
                ], 
                [
                    753, 
                    479
                ], 
                [
                    752, 
                    504
                ], 
                [
                    745, 
                    505
                ], 
                [
                    739, 
                    498
                ], 
                [
                    736, 
                    498
                ], 
                [
                    679, 
                    489
                ]
            ]
        }, 
        {
            "label": "car", 
            "polygon": [
                [
                    618, 
                    430
                ], 
                [
                    658, 
                    425
                ], 
                [
                    709, 
                    431
                ], 
                [
                    724, 
                    452
                ], 
                [
                    730, 
                    449
                ], 
                [
                    735, 
                    449
                ], 
                [
                    739, 
                    454
                ], 
                [
                    734, 
                    455
                ], 
                [
                    729, 
                    456
                ], 
                [
                    730, 
                    462
                ], 
                [
                    737, 
                    472
                ], 
                [
                    740, 
                    485
                ], 
                [
                    736, 
                    496
                ], 
                [
                    736, 
                    511
                ], 
                [
                    727, 
                    513
                ], 
                [
                    721, 
                    513
                ], 
                [
                    719, 
                    508
                ], 
                [
                    716, 
                    509
                ], 
                [
                    716, 
                    515
                ], 
                [
                    712, 
                    517
                ], 
                [
                    705, 
                    517
                ], 
                [
                    700, 
                    515
                ], 
                [
                    696, 
                    508
                ], 
                [
                    629, 
                    501
                ]
            ]
        }, 
        {
            "label": "vegetation", 
            "polygon": [
                [
                    7, 
                    484
                ], 
                [
                    44, 
                    475
                ], 
                [
                    119, 
                    472
                ], 
                [
                    184, 
                    471
                ], 
                [
                    613, 
                    464
                ], 
                [
                    596, 
                    501
                ], 
                [
                    242, 
                    539
                ], 
                [
                    0, 
                    562
                ], 
                [
                    0, 
                    484
                ]
            ]
        }, 
        {
            "label": "car", 
            "polygon": [
                [
                    546, 
                    522
                ], 
                [
                    560, 
                    526
                ], 
                [
                    566, 
                    521
                ], 
                [
                    576, 
                    521
                ], 
                [
                    580, 
                    516
                ], 
                [
                    648, 
                    516
                ], 
                [
                    650, 
                    527
                ], 
                [
                    663, 
                    531
                ], 
                [
                    680, 
                    528
                ], 
                [
                    683, 
                    523
                ], 
                [
                    692, 
                    515
                ], 
                [
                    693, 
                    500
                ], 
                [
                    690, 
                    487
                ], 
                [
                    686, 
                    481
                ], 
                [
                    688, 
                    465
                ], 
                [
                    692, 
                    453
                ], 
                [
                    686, 
                    447
                ], 
                [
                    676, 
                    449
                ], 
                [
                    672, 
                    439
                ], 
                [
                    668, 
                    426
                ], 
                [
                    666, 
                    418
                ], 
                [
                    632, 
                    413
                ], 
                [
                    595, 
                    413
                ], 
                [
                    573, 
                    416
                ], 
                [
                    559, 
                    436
                ], 
                [
                    551, 
                    461
                ], 
                [
                    546, 
                    472
                ], 
                [
                    544, 
                    481
                ]
            ]
        }, 
        {
            "label": "license plate", 
            "polygon": [
                [
                    592, 
                    459
                ], 
                [
                    593, 
                    471
                ], 
                [
                    637, 
                    472
                ], 
                [
                    637, 
                    461
                ]
            ]
        }, 
        {
            "label": "car", 
            "polygon": [
                [
                    0, 
                    454
                ], 
                [
                    35, 
                    491
                ], 
                [
                    70, 
                    505
                ], 
                [
                    93, 
                    552
                ], 
                [
                    96, 
                    593
                ], 
                [
                    85, 
                    605
                ], 
                [
                    84, 
                    625
                ], 
                [
                    77, 
                    660
                ], 
                [
                    68, 
                    681
                ], 
                [
                    52, 
                    686
                ], 
                [
                    20, 
                    690
                ], 
                [
                    4, 
                    673
                ], 
                [
                    0, 
                    655
                ]
            ]
        }, 
        {
            "label": "car", 
            "polygon": [
                [
                    240, 
                    553
                ], 
                [
                    258, 
                    551
                ], 
                [
                    265, 
                    544
                ], 
                [
                    267, 
                    535
                ], 
                [
                    320, 
                    536
                ], 
                [
                    346, 
                    537
                ], 
                [
                    349, 
                    549
                ], 
                [
                    357, 
                    552
                ], 
                [
                    373, 
                    553
                ], 
                [
                    394, 
                    573
                ], 
                [
                    418, 
                    576
                ], 
                [
                    427, 
                    568
                ], 
                [
                    434, 
                    551
                ], 
                [
                    436, 
                    547
                ], 
                [
                    461, 
                    541
                ], 
                [
                    488, 
                    543
                ], 
                [
                    499, 
                    553
                ], 
                [
                    520, 
                    560
                ], 
                [
                    538, 
                    558
                ], 
                [
                    546, 
                    536
                ], 
                [
                    548, 
                    505
                ], 
                [
                    543, 
                    483
                ], 
                [
                    528, 
                    468
                ], 
                [
                    516, 
                    461
                ], 
                [
                    524, 
                    458
                ], 
                [
                    532, 
                    448
                ], 
                [
                    525, 
                    443
                ], 
                [
                    513, 
                    443
                ], 
                [
                    508, 
                    442
                ], 
                [
                    478, 
                    405
                ], 
                [
                    462, 
                    399
                ], 
                [
                    392, 
                    386
                ], 
                [
                    288, 
                    381
                ], 
                [
                    260, 
                    395
                ], 
                [
                    236, 
                    423
                ], 
                [
                    228, 
                    440
                ], 
                [
                    223, 
                    479
                ], 
                [
                    217, 
                    484
                ], 
                [
                    218, 
                    501
                ], 
                [
                    224, 
                    509
                ], 
                [
                    224, 
                    516
                ], 
                [
                    223, 
                    528
                ], 
                [
                    224, 
                    540
                ], 
                [
                    230, 
                    550
                ]
            ]
        }, 
        {
            "label": "license plate", 
            "polygon": [
                [
                    273, 
                    458
                ], 
                [
                    271, 
                    474
                ], 
                [
                    332, 
                    477
                ], 
                [
                    334, 
                    461
                ]
            ]
        }, 
        {
            "label": "sky", 
            "polygon": [
                [
                    47, 
                    241
                ], 
                [
                    47, 
                    223
                ], 
                [
                    51, 
                    219
                ], 
                [
                    65, 
                    230
                ], 
                [
                    88, 
                    243
                ], 
                [
                    85, 
                    260
                ], 
                [
                    64, 
                    256
                ]
            ]
        }, 
        {
            "label": "static", 
            "polygon": [
                [
                    1890, 
                    48
                ], 
                [
                    1897, 
                    56
                ], 
                [
                    1899, 
                    53
                ], 
                [
                    1919, 
                    49
                ], 
                [
                    1936, 
                    44
                ], 
                [
                    1929, 
                    40
                ], 
                [
                    1915, 
                    41
                ], 
                [
                    1890, 
                    48
                ]
            ]
        }, 
        {
            "label": "static", 
            "polygon": [
                [
                    1090, 
                    105
                ], 
                [
                    1089, 
                    110
                ], 
                [
                    1087, 
                    110
                ], 
                [
                    1068, 
                    108
                ], 
                [
                    1066, 
                    102
                ], 
                [
                    1077, 
                    99
                ], 
                [
                    1089, 
                    105
                ], 
                [
                    1090, 
                    105
                ]
            ]
        }, 
        {
            "label": "cargroup", 
            "polygon": [
                [
                    1081, 
                    490
                ], 
                [
                    1086, 
                    496
                ], 
                [
                    1086, 
                    508
                ], 
                [
                    1081, 
                    507
                ], 
                [
                    1080, 
                    508
                ], 
                [
                    1044, 
                    507
                ], 
                [
                    1043, 
                    500
                ], 
                [
                    1048, 
                    496
                ], 
                [
                    1050, 
                    490
                ], 
                [
                    1069, 
                    489
                ]
            ]
        }, 
        {
            "label": "ego vehicle", 
            "polygon": [
                [
                    271, 
                    1023
                ], 
                [
                    387, 
                    1009
                ], 
                [
                    549, 
                    993
                ], 
                [
                    821, 
                    966
                ], 
                [
                    1082, 
                    950
                ], 
                [
                    1142, 
                    947
                ], 
                [
                    1112, 
                    932
                ], 
                [
                    1096, 
                    896
                ], 
                [
                    1108, 
                    861
                ], 
                [
                    1137, 
                    844
                ], 
                [
                    1175, 
                    844
                ], 
                [
                    1204, 
                    867
                ], 
                [
                    1209, 
                    897
                ], 
                [
                    1195, 
                    931
                ], 
                [
                    1161, 
                    945
                ], 
                [
                    1376, 
                    957
                ], 
                [
                    1654, 
                    977
                ], 
                [
                    1883, 
                    1002
                ], 
                [
                    2028, 
                    1023
                ]
            ]
        }, 
        {
            "label": "out of roi", 
            "polygon": [
                [
                    0, 
                    0
                ], 
                [
                    2048, 
                    0
                ], 
                [
                    2048, 
                    1024
                ], 
                [
                    0, 
                    1024
                ], 
                [
                    0, 
                    0
                ], 
                [
                    5, 
                    5
                ], 
                [
                    5, 
                    1019
                ], 
                [
                    2043, 
                    1019
                ], 
                [
                    2043, 
                    5
                ], 
                [
                    5, 
                    5
                ]
            ]
        }
    ]
}