{
    "imgHeight": 1024, 
    "imgWidth": 2048, 
    "objects": [
        {
            "label": "road", 
            "polygon": [
                [
                    0, 
                    910
                ], 
                [
                    386, 
                    637
                ], 
                [
                    97, 
                    517
                ], 
                [
                    344, 
                    440
                ], 
                [
                    537, 
                    467
                ], 
                [
                    832, 
                    488
                ], 
                [
                    1395, 
                    509
                ], 
                [
                    2047, 
                    519
                ], 
                [
                    2047, 
                    1023
                ], 
                [
                    0, 
                    1023
                ]
            ]
        }, 
        {
            "label": "building", 
            "polygon": [
                [
                    0, 
                    449
                ], 
                [
                    432, 
                    455
                ], 
                [
                    646, 
                    461
                ], 
                [
                    789, 
                    460
                ], 
                [
                    1075, 
                    479
                ], 
                [
                    1497, 
                    483
                ], 
                [
                    2047, 
                    460
                ], 
                [
                    2047, 
                    0
                ], 
                [
                    0, 
                    0
                ]
            ]
        }, 
        {
            "label": "sidewalk", 
            "polygon": [
                [
                    2047, 
                    537
                ], 
                [
                    1526, 
                    539
                ], 
                [
                    1422, 
                    534
                ], 
                [
                    1349, 
                    527
                ], 
                [
                    1277, 
                    526
                ], 
                [
                    1199, 
                    522
                ], 
                [
                    1065, 
                    515
                ], 
                [
                    1003, 
                    511
                ], 
                [
                    717, 
                    497
                ], 
                [
                    641, 
                    488
                ], 
                [
                    558, 
                    483
                ], 
                [
                    475, 
                    485
                ], 
                [
                    296, 
                    478
                ], 
                [
                    294, 
                    422
                ], 
                [
                    344, 
                    434
                ], 
                [
                    348, 
                    447
                ], 
                [
                    426, 
                    449
                ], 
                [
                    490, 
                    449
                ], 
                [
                    586, 
                    452
                ], 
                [
                    660, 
                    456
                ], 
                [
                    694, 
                    451
                ], 
                [
                    740, 
                    448
                ], 
                [
                    766, 
                    434
                ], 
                [
                    797, 
                    439
                ], 
                [
                    852, 
                    447
                ], 
                [
                    941, 
                    447
                ], 
                [
                    1038, 
                    452
                ], 
                [
                    1165, 
                    434
                ], 
                [
                    1191, 
                    435
                ], 
                [
                    1196, 
                    430
                ], 
                [
                    1412, 
                    438
                ], 
                [
                    1417, 
                    447
                ], 
                [
                    1511, 
                    452
                ], 
                [
                    1546, 
                    442
                ], 
                [
                    2047, 
                    439
                ]
            ]
        }, 
        {
            "label": "person", 
            "polygon": [
                [
                    1270, 
                    292
                ], 
                [
                    1273, 
                    289
                ], 
                [
                    1280, 
                    287
                ], 
                [
                    1284, 
                    292
                ], 
                [
                    1290, 
                    301
                ], 
                [
                    1291, 
                    306
                ], 
                [
                    1288, 
                    314
                ], 
                [
                    1293, 
                    317
                ], 
                [
                    1296, 
                    325
                ], 
                [
                    1297, 
                    339
                ], 
                [
                    1295, 
                    356
                ], 
                [
                    1296, 
                    373
                ], 
                [
                    1297, 
                    383
                ], 
                [
                    1293, 
                    392
                ], 
                [
                    1290, 
                    401
                ], 
                [
                    1289, 
                    411
                ], 
                [
                    1289, 
                    422
                ], 
                [
                    1292, 
                    438
                ], 
                [
                    1294, 
                    452
                ], 
                [
                    1297, 
                    471
                ], 
                [
                    1297, 
                    475
                ], 
                [
                    1292, 
                    476
                ], 
                [
                    1284, 
                    476
                ], 
                [
                    1279, 
                    476
                ], 
                [
                    1273, 
                    475
                ], 
                [
                    1276, 
                    471
                ], 
                [
                    1280, 
                    470
                ], 
                [
                    1283, 
                    463
                ], 
                [
                    1282, 
                    451
                ], 
                [
                    1279, 
                    435
                ], 
                [
                    1273, 
                    425
                ], 
                [
                    1270, 
                    413
                ], 
                [
                    1258, 
                    382
                ], 
                [
                    1252, 
                    338
                ], 
                [
                    1259, 
                    300
                ]
            ]
        }, 
        {
            "label": "person", 
            "polygon": [
                [
                    1242, 
                    474
                ], 
                [
                    1249, 
                    473
                ], 
                [
                    1253, 
                    467
                ], 
                [
                    1253, 
                    455
                ], 
                [
                    1249, 
                    440
                ], 
                [
                    1248, 
                    429
                ], 
                [
                    1246, 
                    420
                ], 
                [
                    1248, 
                    411
                ], 
                [
                    1247, 
                    406
                ], 
                [
                    1245, 
                    394
                ], 
                [
                    1246, 
                    383
                ], 
                [
                    1241, 
                    382
                ], 
                [
                    1238, 
                    373
                ], 
                [
                    1238, 
                    356
                ], 
                [
                    1240, 
                    338
                ], 
                [
                    1243, 
                    330
                ], 
                [
                    1246, 
                    314
                ], 
                [
                    1253, 
                    306
                ], 
                [
                    1255, 
                    303
                ], 
                [
                    1252, 
                    298
                ], 
                [
                    1253, 
                    288
                ], 
                [
                    1256, 
                    281
                ], 
                [
                    1261, 
                    279
                ], 
                [
                    1268, 
                    279
                ], 
                [
                    1273, 
                    284
                ], 
                [
                    1276, 
                    291
                ], 
                [
                    1276, 
                    297
                ], 
                [
                    1276, 
                    303
                ], 
                [
                    1284, 
                    306
                ], 
                [
                    1289, 
                    309
                ], 
                [
                    1285, 
                    314
                ], 
                [
                    1291, 
                    322
                ], 
                [
                    1293, 
                    338
                ], 
                [
                    1291, 
                    357
                ], 
                [
                    1285, 
                    365
                ], 
                [
                    1285, 
                    371
                ], 
                [
                    1281, 
                    386
                ], 
                [
                    1277, 
                    401
                ], 
                [
                    1271, 
                    413
                ], 
                [
                    1268, 
                    419
                ], 
                [
                    1271, 
                    432
                ], 
                [
                    1277, 
                    453
                ], 
                [
                    1279, 
                    470
                ], 
                [
                    1278, 
                    480
                ], 
                [
                    1266, 
                    484
                ], 
                [
                    1251, 
                    484
                ], 
                [
                    1246, 
                    481
                ], 
                [
                    1243, 
                    478
                ]
            ]
        }, 
        {
            "label": "sidewalk", 
            "polygon": [
                [
                    0, 
                    970
                ], 
                [
                    187, 
                    854
                ], 
                [
                    289, 
                    787
                ], 
                [
                    380, 
                    735
                ], 
                [
                    447, 
                    692
                ], 
                [
                    468, 
                    659
                ], 
                [
                    462, 
                    631
                ], 
                [
                    441, 
                    621
                ], 
                [
                    419, 
                    607
                ], 
                [
                    383, 
                    596
                ], 
                [
                    348, 
                    587
                ], 
                [
                    309, 
                    577
                ], 
                [
                    191, 
                    535
                ], 
                [
                    0, 
                    493
                ]
            ]
        }, 
        {
            "label": "car", 
            "polygon": [
                [
                    298, 
                    366
                ], 
                [
                    327, 
                    383
                ], 
                [
                    339, 
                    402
                ], 
                [
                    345, 
                    412
                ], 
                [
                    344, 
                    419
                ], 
                [
                    346, 
                    428
                ], 
                [
                    349, 
                    441
                ], 
                [
                    351, 
                    452
                ], 
                [
                    354, 
                    462
                ], 
                [
                    355, 
                    471
                ], 
                [
                    357, 
                    484
                ], 
                [
                    358, 
                    485
                ], 
                [
                    358, 
                    511
                ], 
                [
                    353, 
                    534
                ], 
                [
                    342, 
                    541
                ], 
                [
                    342, 
                    554
                ], 
                [
                    333, 
                    569
                ], 
                [
                    325, 
                    577
                ], 
                [
                    309, 
                    583
                ], 
                [
                    294, 
                    584
                ], 
                [
                    277, 
                    584
                ], 
                [
                    269, 
                    578
                ], 
                [
                    264, 
                    575
                ], 
                [
                    256, 
                    566
                ], 
                [
                    254, 
                    560
                ], 
                [
                    249, 
                    560
                ], 
                [
                    198, 
                    481
                ], 
                [
                    276, 
                    349
                ]
            ]
        }, 
        {
            "label": "car", 
            "polygon": [
                [
                    1, 
                    34
                ], 
                [
                    15, 
                    34
                ], 
                [
                    26, 
                    42
                ], 
                [
                    27, 
                    42
                ], 
                [
                    33, 
                    37
                ], 
                [
                    139, 
                    53
                ], 
                [
                    144, 
                    60
                ], 
                [
                    154, 
                    58
                ], 
                [
                    164, 
                    59
                ], 
                [
                    176, 
                    62
                ], 
                [
                    186, 
                    73
                ], 
                [
                    205, 
                    115
                ], 
                [
                    209, 
                    120
                ], 
                [
                    246, 
                    208
                ], 
                [
                    258, 
                    212
                ], 
                [
                    272, 
                    229
                ], 
                [
                    289, 
                    260
                ], 
                [
                    308, 
                    312
                ], 
                [
                    322, 
                    366
                ], 
                [
                    325, 
                    485
                ], 
                [
                    338, 
                    485
                ], 
                [
                    343, 
                    521
                ], 
                [
                    342, 
                    539
                ], 
                [
                    340, 
                    545
                ], 
                [
                    326, 
                    545
                ], 
                [
                    322, 
                    550
                ], 
                [
                    249, 
                    562
                ], 
                [
                    247, 
                    573
                ], 
                [
                    245, 
                    593
                ], 
                [
                    240, 
                    605
                ], 
                [
                    228, 
                    615
                ], 
                [
                    212, 
                    624
                ], 
                [
                    194, 
                    630
                ], 
                [
                    181, 
                    631
                ], 
                [
                    168, 
                    627
                ], 
                [
                    148, 
                    619
                ], 
                [
                    135, 
                    609
                ], 
                [
                    132, 
                    599
                ], 
                [
                    57, 
                    601
                ], 
                [
                    53, 
                    606
                ], 
                [
                    47, 
                    607
                ], 
                [
                    41, 
                    606
                ], 
                [
                    34, 
                    601
                ], 
                [
                    29, 
                    596
                ], 
                [
                    0, 
                    595
                ]
            ]
        }, 
        {
            "label": "motorcycle", 
            "polygon": [
                [
                    1604, 
                    448
                ], 
                [
                    1594, 
                    442
                ], 
                [
                    1587, 
                    432
                ], 
                [
                    1586, 
                    416
                ], 
                [
                    1593, 
                    406
                ], 
                [
                    1600, 
                    399
                ], 
                [
                    1607, 
                    392
                ], 
                [
                    1616, 
                    390
                ], 
                [
                    1623, 
                    391
                ], 
                [
                    1630, 
                    382
                ], 
                [
                    1626, 
                    376
                ], 
                [
                    1624, 
                    370
                ], 
                [
                    1625, 
                    363
                ], 
                [
                    1629, 
                    359
                ], 
                [
                    1635, 
                    357
                ], 
                [
                    1642, 
                    352
                ], 
                [
                    1645, 
                    344
                ], 
                [
                    1642, 
                    331
                ], 
                [
                    1644, 
                    324
                ], 
                [
                    1649, 
                    336
                ], 
                [
                    1653, 
                    344
                ], 
                [
                    1653, 
                    351
                ], 
                [
                    1649, 
                    361
                ], 
                [
                    1657, 
                    363
                ], 
                [
                    1659, 
                    353
                ], 
                [
                    1666, 
                    348
                ], 
                [
                    1673, 
                    345
                ], 
                [
                    1683, 
                    348
                ], 
                [
                    1684, 
                    353
                ], 
                [
                    1682, 
                    355
                ], 
                [
                    1677, 
                    353
                ], 
                [
                    1667, 
                    355
                ], 
                [
                    1682, 
                    361
                ], 
                [
                    1686, 
                    363
                ], 
                [
                    1683, 
                    367
                ], 
                [
                    1704, 
                    382
                ], 
                [
                    1678, 
                    453
                ]
            ]
        }, 
        {
            "label": "car", 
            "polygon": [
                [
                    2047, 
                    162
                ], 
                [
                    2033, 
                    170
                ], 
                [
                    2012, 
                    181
                ], 
                [
                    1966, 
                    198
                ], 
                [
                    1958, 
                    227
                ], 
                [
                    1952, 
                    260
                ], 
                [
                    1949, 
                    303
                ], 
                [
                    1947, 
                    315
                ], 
                [
                    1826, 
                    319
                ], 
                [
                    1751, 
                    327
                ], 
                [
                    1729, 
                    337
                ], 
                [
                    1707, 
                    355
                ], 
                [
                    1675, 
                    387
                ], 
                [
                    1647, 
                    427
                ], 
                [
                    1646, 
                    416
                ], 
                [
                    1604, 
                    415
                ], 
                [
                    1600, 
                    420
                ], 
                [
                    1601, 
                    441
                ], 
                [
                    1604, 
                    444
                ], 
                [
                    1612, 
                    447
                ], 
                [
                    1590, 
                    455
                ], 
                [
                    1577, 
                    466
                ], 
                [
                    1568, 
                    484
                ], 
                [
                    1563, 
                    507
                ], 
                [
                    1561, 
                    517
                ], 
                [
                    1555, 
                    521
                ], 
                [
                    1553, 
                    531
                ], 
                [
                    1553, 
                    545
                ], 
                [
                    1557, 
                    560
                ], 
                [
                    1560, 
                    575
                ], 
                [
                    1563, 
                    589
                ], 
                [
                    1567, 
                    596
                ], 
                [
                    1571, 
                    595
                ], 
                [
                    1572, 
                    601
                ], 
                [
                    1572, 
                    615
                ], 
                [
                    1572, 
                    643
                ], 
                [
                    1575, 
                    655
                ], 
                [
                    1584, 
                    665
                ], 
                [
                    1595, 
                    666
                ], 
                [
                    1608, 
                    666
                ], 
                [
                    1619, 
                    665
                ], 
                [
                    1622, 
                    657
                ], 
                [
                    1623, 
                    647
                ], 
                [
                    1624, 
                    635
                ], 
                [
                    1625, 
                    625
                ], 
                [
                    1633, 
                    627
                ], 
                [
                    1636, 
                    632
                ], 
                [
                    1645, 
                    632
                ], 
                [
                    1779, 
                    685
                ], 
                [
                    1782, 
                    700
                ], 
                [
                    1787, 
                    719
                ], 
                [
                    1791, 
                    733
                ], 
                [
                    1799, 
                    747
                ], 
                [
                    1807, 
                    760
                ], 
                [
                    1829, 
                    770
                ], 
                [
                    1850, 
                    771
                ], 
                [
                    1869, 
                    769
                ], 
                [
                    1881, 
                    746
                ], 
                [
                    1884, 
                    727
                ], 
                [
                    1886, 
                    719
                ], 
                [
                    2047, 
                    719
                ]
            ]
        }, 
        {
            "label": "static", 
            "polygon": [
                [
                    709, 
                    370
                ], 
                [
                    717, 
                    350
                ], 
                [
                    721, 
                    343
                ], 
                [
                    746, 
                    342
                ], 
                [
                    789, 
                    344
                ], 
                [
                    791, 
                    350
                ], 
                [
                    788, 
                    373
                ], 
                [
                    788, 
                    393
                ], 
                [
                    788, 
                    403
                ], 
                [
                    788, 
                    412
                ], 
                [
                    790, 
                    422
                ], 
                [
                    787, 
                    437
                ], 
                [
                    783, 
                    443
                ], 
                [
                    777, 
                    444
                ], 
                [
                    769, 
                    441
                ], 
                [
                    767, 
                    431
                ], 
                [
                    743, 
                    452
                ], 
                [
                    702, 
                    454
                ], 
                [
                    691, 
                    448
                ], 
                [
                    686, 
                    432
                ], 
                [
                    692, 
                    413
                ]
            ]
        }, 
        {
            "label": "polegroup", 
            "polygon": [
                [
                    1383, 
                    488
                ], 
                [
                    1386, 
                    483
                ], 
                [
                    1388, 
                    480
                ], 
                [
                    1388, 
                    455
                ], 
                [
                    1389, 
                    446
                ], 
                [
                    1389, 
                    429
                ], 
                [
                    1388, 
                    424
                ], 
                [
                    1390, 
                    422
                ], 
                [
                    1390, 
                    399
                ], 
                [
                    1387, 
                    394
                ], 
                [
                    1389, 
                    390
                ], 
                [
                    1392, 
                    385
                ], 
                [
                    1397, 
                    386
                ], 
                [
                    1398, 
                    390
                ], 
                [
                    1403, 
                    388
                ], 
                [
                    1402, 
                    382
                ], 
                [
                    1405, 
                    381
                ], 
                [
                    1409, 
                    385
                ], 
                [
                    1411, 
                    382
                ], 
                [
                    1411, 
                    378
                ], 
                [
                    1414, 
                    376
                ], 
                [
                    1418, 
                    378
                ], 
                [
                    1419, 
                    382
                ], 
                [
                    1422, 
                    379
                ], 
                [
                    1422, 
                    375
                ], 
                [
                    1423, 
                    374
                ], 
                [
                    1426, 
                    375
                ], 
                [
                    1428, 
                    378
                ], 
                [
                    1427, 
                    383
                ], 
                [
                    1427, 
                    425
                ], 
                [
                    1428, 
                    428
                ], 
                [
                    1425, 
                    431
                ], 
                [
                    1426, 
                    452
                ], 
                [
                    1427, 
                    459
                ], 
                [
                    1418, 
                    459
                ], 
                [
                    1416, 
                    462
                ], 
                [
                    1417, 
                    471
                ], 
                [
                    1407, 
                    472
                ], 
                [
                    1409, 
                    479
                ], 
                [
                    1409, 
                    485
                ], 
                [
                    1403, 
                    485
                ], 
                [
                    1403, 
                    493
                ], 
                [
                    1402, 
                    497
                ], 
                [
                    1393, 
                    497
                ], 
                [
                    1383, 
                    497
                ]
            ]
        }, 
        {
            "label": "pole", 
            "polygon": [
                [
                    697, 
                    466
                ], 
                [
                    697, 
                    387
                ], 
                [
                    699, 
                    204
                ], 
                [
                    697, 
                    123
                ], 
                [
                    706, 
                    123
                ], 
                [
                    706, 
                    194
                ], 
                [
                    706, 
                    409
                ], 
                [
                    705, 
                    468
                ]
            ]
        }, 
        {
            "label": "traffic sign", 
            "polygon": [
                [
                    681, 
                    203
                ], 
                [
                    682, 
                    196
                ], 
                [
                    684, 
                    188
                ], 
                [
                    690, 
                    182
                ], 
                [
                    700, 
                    179
                ], 
                [
                    711, 
                    180
                ], 
                [
                    723, 
                    188
                ], 
                [
                    726, 
                    197
                ], 
                [
                    726, 
                    206
                ], 
                [
                    722, 
                    216
                ], 
                [
                    718, 
                    221
                ], 
                [
                    709, 
                    225
                ], 
                [
                    697, 
                    227
                ], 
                [
                    690, 
                    221
                ], 
                [
                    683, 
                    214
                ]
            ]
        }, 
        {
            "label": "motorcycle", 
            "polygon": [
                [
                    821, 
                    439
                ], 
                [
                    820, 
                    429
                ], 
                [
                    815, 
                    424
                ], 
                [
                    819, 
                    415
                ], 
                [
                    820, 
                    410
                ], 
                [
                    822, 
                    402
                ], 
                [
                    821, 
                    397
                ], 
                [
                    822, 
                    386
                ], 
                [
                    822, 
                    377
                ], 
                [
                    831, 
                    374
                ], 
                [
                    841, 
                    374
                ], 
                [
                    852, 
                    374
                ], 
                [
                    861, 
                    377
                ], 
                [
                    858, 
                    371
                ], 
                [
                    862, 
                    366
                ], 
                [
                    855, 
                    364
                ], 
                [
                    849, 
                    365
                ], 
                [
                    843, 
                    368
                ], 
                [
                    843, 
                    364
                ], 
                [
                    849, 
                    359
                ], 
                [
                    846, 
                    355
                ], 
                [
                    839, 
                    354
                ], 
                [
                    832, 
                    356
                ], 
                [
                    829, 
                    354
                ], 
                [
                    829, 
                    349
                ], 
                [
                    834, 
                    345
                ], 
                [
                    842, 
                    345
                ], 
                [
                    843, 
                    349
                ], 
                [
                    843, 
                    351
                ], 
                [
                    853, 
                    354
                ], 
                [
                    873, 
                    344
                ], 
                [
                    880, 
                    346
                ], 
                [
                    890, 
                    338
                ], 
                [
                    889, 
                    329
                ], 
                [
                    898, 
                    325
                ], 
                [
                    904, 
                    325
                ], 
                [
                    909, 
                    328
                ], 
                [
                    910, 
                    334
                ], 
                [
                    905, 
                    339
                ], 
                [
                    900, 
                    339
                ], 
                [
                    897, 
                    340
                ], 
                [
                    894, 
                    340
                ], 
                [
                    887, 
                    346
                ], 
                [
                    902, 
                    345
                ], 
                [
                    900, 
                    351
                ], 
                [
                    892, 
                    351
                ], 
                [
                    890, 
                    354
                ], 
                [
                    885, 
                    356
                ], 
                [
                    881, 
                    358
                ], 
                [
                    881, 
                    364
                ], 
                [
                    891, 
                    374
                ], 
                [
                    892, 
                    380
                ], 
                [
                    895, 
                    390
                ], 
                [
                    900, 
                    398
                ], 
                [
                    901, 
                    404
                ], 
                [
                    897, 
                    413
                ], 
                [
                    894, 
                    420
                ], 
                [
                    893, 
                    424
                ], 
                [
                    894, 
                    428
                ], 
                [
                    895, 
                    436
                ], 
                [
                    897, 
                    444
                ], 
                [
                    893, 
                    450
                ], 
                [
                    888, 
                    450
                ], 
                [
                    880, 
                    444
                ], 
                [
                    878, 
                    440
                ], 
                [
                    877, 
                    438
                ], 
                [
                    868, 
                    441
                ], 
                [
                    866, 
                    442
                ], 
                [
                    868, 
                    451
                ], 
                [
                    869, 
                    458
                ], 
                [
                    867, 
                    460
                ], 
                [
                    864, 
                    452
                ], 
                [
                    862, 
                    444
                ], 
                [
                    856, 
                    449
                ], 
                [
                    853, 
                    448
                ], 
                [
                    846, 
                    447
                ], 
                [
                    845, 
                    453
                ], 
                [
                    841, 
                    458
                ], 
                [
                    834, 
                    459
                ], 
                [
                    829, 
                    456
                ], 
                [
                    826, 
                    451
                ], 
                [
                    826, 
                    447
                ]
            ]
        }, 
        {
            "label": "traffic sign", 
            "polygon": [
                [
                    1464, 
                    233
                ], 
                [
                    1475, 
                    232
                ], 
                [
                    1484, 
                    229
                ], 
                [
                    1490, 
                    222
                ], 
                [
                    1496, 
                    211
                ], 
                [
                    1496, 
                    198
                ], 
                [
                    1492, 
                    190
                ], 
                [
                    1486, 
                    182
                ], 
                [
                    1477, 
                    176
                ], 
                [
                    1467, 
                    175
                ], 
                [
                    1455, 
                    180
                ], 
                [
                    1447, 
                    187
                ], 
                [
                    1442, 
                    197
                ], 
                [
                    1441, 
                    206
                ], 
                [
                    1443, 
                    218
                ], 
                [
                    1449, 
                    224
                ], 
                [
                    1454, 
                    230
                ]
            ]
        }, 
        {
            "label": "traffic sign", 
            "polygon": [
                [
                    1856, 
                    164
                ], 
                [
                    1904, 
                    164
                ], 
                [
                    1907, 
                    161
                ], 
                [
                    1907, 
                    153
                ], 
                [
                    1905, 
                    150
                ], 
                [
                    1857, 
                    150
                ], 
                [
                    1854, 
                    154
                ]
            ]
        }, 
        {
            "label": "license plate", 
            "polygon": [
                [
                    146, 
                    492
                ], 
                [
                    239, 
                    488
                ], 
                [
                    242, 
                    485
                ], 
                [
                    239, 
                    455
                ], 
                [
                    141, 
                    461
                ]
            ]
        }, 
        {
            "label": "ego vehicle", 
            "polygon": [
                [
                    271, 
                    1023
                ], 
                [
                    387, 
                    1009
                ], 
                [
                    549, 
                    993
                ], 
                [
                    821, 
                    966
                ], 
                [
                    1082, 
                    950
                ], 
                [
                    1142, 
                    947
                ], 
                [
                    1112, 
                    932
                ], 
                [
                    1096, 
                    896
                ], 
                [
                    1108, 
                    861
                ], 
                [
                    1137, 
                    844
                ], 
                [
                    1175, 
                    844
                ], 
                [
                    1204, 
                    867
                ], 
                [
                    1209, 
                    897
                ], 
                [
                    1195, 
                    931
                ], 
                [
                    1161, 
                    945
                ], 
                [
                    1376, 
                    957
                ], 
                [
                    1654, 
                    977
                ], 
                [
                    1883, 
                    1002
                ], 
                [
                    2028, 
                    1023
                ]
            ]
        }, 
        {
            "label": "out of roi", 
            "polygon": [
                [
                    0, 
                    0
                ], 
                [
                    2048, 
                    0
                ], 
                [
                    2048, 
                    1024
                ], 
                [
                    0, 
                    1024
                ], 
                [
                    0, 
                    0
                ], 
                [
                    5, 
                    5
                ], 
                [
                    5, 
                    1019
                ], 
                [
                    2043, 
                    1019
                ], 
                [
                    2043, 
                    5
                ], 
                [
                    5, 
                    5
                ]
            ]
        }
    ]
}