{
    "imgHeight": 1024, 
    "imgWidth": 2048, 
    "objects": [
        {
            "label": "sky", 
            "polygon": [
                [
                    1996, 
                    0
                ], 
                [
                    1988, 
                    0
                ], 
                [
                    1930, 
                    0
                ], 
                [
                    1355, 
                    0
                ], 
                [
                    1247, 
                    0
                ], 
                [
                    539, 
                    1
                ], 
                [
                    535, 
                    199
                ], 
                [
                    2047, 
                    219
                ], 
                [
                    2047, 
                    0
                ]
            ]
        }, 
        {
            "label": "static", 
            "polygon": [
                [
                    880, 
                    441
                ], 
                [
                    861, 
                    441
                ], 
                [
                    858, 
                    462
                ], 
                [
                    861, 
                    464
                ], 
                [
                    873, 
                    464
                ], 
                [
                    877, 
                    456
                ]
            ]
        }, 
        {
            "label": "road", 
            "polygon": [
                [
                    840, 
                    436
                ], 
                [
                    0, 
                    632
                ], 
                [
                    0, 
                    1023
                ], 
                [
                    1487, 
                    1023
                ], 
                [
                    2047, 
                    1023
                ], 
                [
                    2047, 
                    637
                ], 
                [
                    966, 
                    420
                ]
            ]
        }, 
        {
            "label": "static", 
            "polygon": [
                [
                    876, 
                    434
                ], 
                [
                    878, 
                    448
                ], 
                [
                    869, 
                    462
                ], 
                [
                    862, 
                    464
                ], 
                [
                    858, 
                    443
                ]
            ]
        }, 
        {
            "label": "building", 
            "polygon": [
                [
                    925, 
                    430
                ], 
                [
                    917, 
                    409
                ], 
                [
                    949, 
                    167
                ], 
                [
                    1007, 
                    160
                ], 
                [
                    1102, 
                    118
                ], 
                [
                    1139, 
                    117
                ], 
                [
                    1150, 
                    97
                ], 
                [
                    1161, 
                    99
                ], 
                [
                    1161, 
                    78
                ], 
                [
                    1177, 
                    76
                ], 
                [
                    1175, 
                    60
                ], 
                [
                    1255, 
                    17
                ], 
                [
                    1254, 
                    0
                ], 
                [
                    2047, 
                    0
                ], 
                [
                    2047, 
                    608
                ], 
                [
                    962, 
                    443
                ]
            ]
        }, 
        {
            "label": "vegetation", 
            "polygon": [
                [
                    853, 
                    83
                ], 
                [
                    857, 
                    75
                ], 
                [
                    863, 
                    84
                ], 
                [
                    870, 
                    89
                ], 
                [
                    874, 
                    100
                ], 
                [
                    877, 
                    105
                ], 
                [
                    880, 
                    96
                ], 
                [
                    891, 
                    82
                ], 
                [
                    893, 
                    97
                ], 
                [
                    898, 
                    102
                ], 
                [
                    906, 
                    97
                ], 
                [
                    910, 
                    110
                ], 
                [
                    914, 
                    119
                ], 
                [
                    922, 
                    112
                ], 
                [
                    929, 
                    132
                ], 
                [
                    941, 
                    149
                ], 
                [
                    948, 
                    159
                ], 
                [
                    947, 
                    167
                ], 
                [
                    953, 
                    178
                ], 
                [
                    961, 
                    173
                ], 
                [
                    968, 
                    163
                ], 
                [
                    977, 
                    174
                ], 
                [
                    973, 
                    186
                ], 
                [
                    978, 
                    193
                ], 
                [
                    993, 
                    192
                ], 
                [
                    1008, 
                    199
                ], 
                [
                    1009, 
                    205
                ], 
                [
                    1008, 
                    288
                ], 
                [
                    1007, 
                    452
                ], 
                [
                    1002, 
                    388
                ], 
                [
                    993, 
                    385
                ], 
                [
                    960, 
                    382
                ], 
                [
                    951, 
                    389
                ], 
                [
                    955, 
                    402
                ], 
                [
                    932, 
                    405
                ], 
                [
                    928, 
                    437
                ], 
                [
                    888, 
                    437
                ], 
                [
                    858, 
                    446
                ], 
                [
                    850, 
                    447
                ]
            ]
        }, 
        {
            "label": "cargroup", 
            "polygon": [
                [
                    1254, 
                    425
                ], 
                [
                    1246, 
                    422
                ], 
                [
                    1199, 
                    420
                ], 
                [
                    1190, 
                    422
                ], 
                [
                    1180, 
                    430
                ], 
                [
                    1174, 
                    439
                ], 
                [
                    1171, 
                    437
                ], 
                [
                    1167, 
                    441
                ], 
                [
                    1172, 
                    443
                ], 
                [
                    1167, 
                    452
                ], 
                [
                    1163, 
                    467
                ], 
                [
                    1165, 
                    481
                ], 
                [
                    1167, 
                    486
                ], 
                [
                    1175, 
                    488
                ], 
                [
                    1180, 
                    487
                ], 
                [
                    1180, 
                    483
                ], 
                [
                    1180, 
                    481
                ], 
                [
                    1185, 
                    480
                ], 
                [
                    1185, 
                    486
                ], 
                [
                    1188, 
                    490
                ], 
                [
                    1195, 
                    490
                ], 
                [
                    1197, 
                    488
                ], 
                [
                    1198, 
                    485
                ], 
                [
                    1217, 
                    485
                ]
            ]
        }, 
        {
            "label": "sidewalk", 
            "polygon": [
                [
                    962, 
                    462
                ], 
                [
                    965, 
                    467
                ], 
                [
                    1021, 
                    468
                ], 
                [
                    1014, 
                    448
                ], 
                [
                    1005, 
                    441
                ], 
                [
                    987, 
                    444
                ], 
                [
                    970, 
                    444
                ], 
                [
                    962, 
                    448
                ]
            ]
        }, 
        {
            "label": "cargroup", 
            "polygon": [
                [
                    1318, 
                    414
                ], 
                [
                    1271, 
                    414
                ], 
                [
                    1266, 
                    415
                ], 
                [
                    1253, 
                    443
                ], 
                [
                    1249, 
                    437
                ], 
                [
                    1244, 
                    440
                ], 
                [
                    1245, 
                    447
                ], 
                [
                    1248, 
                    451
                ], 
                [
                    1249, 
                    458
                ], 
                [
                    1244, 
                    462
                ], 
                [
                    1240, 
                    476
                ], 
                [
                    1238, 
                    509
                ], 
                [
                    1240, 
                    513
                ], 
                [
                    1246, 
                    514
                ], 
                [
                    1248, 
                    519
                ], 
                [
                    1252, 
                    522
                ], 
                [
                    1257, 
                    521
                ]
            ]
        }, 
        {
            "label": "cargroup", 
            "polygon": [
                [
                    1317, 
                    424
                ], 
                [
                    1309, 
                    424
                ], 
                [
                    1299, 
                    424
                ], 
                [
                    1292, 
                    425
                ], 
                [
                    1282, 
                    438
                ], 
                [
                    1275, 
                    450
                ], 
                [
                    1270, 
                    451
                ], 
                [
                    1267, 
                    453
                ], 
                [
                    1270, 
                    456
                ], 
                [
                    1272, 
                    458
                ], 
                [
                    1265, 
                    467
                ], 
                [
                    1261, 
                    477
                ], 
                [
                    1263, 
                    486
                ], 
                [
                    1259, 
                    514
                ], 
                [
                    1261, 
                    524
                ], 
                [
                    1269, 
                    525
                ], 
                [
                    1272, 
                    521
                ], 
                [
                    1273, 
                    512
                ], 
                [
                    1272, 
                    510
                ], 
                [
                    1277, 
                    511
                ], 
                [
                    1276, 
                    520
                ], 
                [
                    1277, 
                    528
                ], 
                [
                    1280, 
                    533
                ], 
                [
                    1283, 
                    533
                ], 
                [
                    1287, 
                    533
                ], 
                [
                    1290, 
                    528
                ]
            ]
        }, 
        {
            "label": "cargroup", 
            "polygon": [
                [
                    966, 
                    441
                ], 
                [
                    955, 
                    431
                ], 
                [
                    919, 
                    432
                ], 
                [
                    912, 
                    441
                ], 
                [
                    906, 
                    442
                ], 
                [
                    906, 
                    444
                ], 
                [
                    909, 
                    444
                ], 
                [
                    902, 
                    450
                ], 
                [
                    900, 
                    453
                ], 
                [
                    901, 
                    463
                ], 
                [
                    903, 
                    465
                ], 
                [
                    906, 
                    463
                ], 
                [
                    919, 
                    463
                ], 
                [
                    921, 
                    466
                ], 
                [
                    926, 
                    467
                ], 
                [
                    929, 
                    466
                ], 
                [
                    929, 
                    464
                ], 
                [
                    938, 
                    464
                ], 
                [
                    938, 
                    466
                ], 
                [
                    941, 
                    467
                ], 
                [
                    944, 
                    467
                ], 
                [
                    947, 
                    466
                ], 
                [
                    947, 
                    464
                ], 
                [
                    956, 
                    464
                ], 
                [
                    958, 
                    467
                ], 
                [
                    962, 
                    467
                ], 
                [
                    966, 
                    467
                ], 
                [
                    967, 
                    460
                ], 
                [
                    968, 
                    443
                ]
            ]
        }, 
        {
            "label": "static", 
            "polygon": [
                [
                    844, 
                    264
                ], 
                [
                    855, 
                    264
                ], 
                [
                    855, 
                    277
                ], 
                [
                    858, 
                    278
                ], 
                [
                    860, 
                    291
                ], 
                [
                    848, 
                    291
                ], 
                [
                    846, 
                    276
                ]
            ]
        }, 
        {
            "label": "building", 
            "polygon": [
                [
                    0, 
                    0
                ], 
                [
                    852, 
                    0
                ], 
                [
                    853, 
                    487
                ], 
                [
                    0, 
                    770
                ]
            ]
        }, 
        {
            "label": "person", 
            "polygon": [
                [
                    1022, 
                    430
                ], 
                [
                    1021, 
                    426
                ], 
                [
                    1023, 
                    423
                ], 
                [
                    1027, 
                    423
                ], 
                [
                    1028, 
                    424
                ], 
                [
                    1029, 
                    425
                ], 
                [
                    1029, 
                    426
                ], 
                [
                    1031, 
                    429
                ], 
                [
                    1029, 
                    430
                ], 
                [
                    1029, 
                    431
                ]
            ]
        }, 
        {
            "label": "sidewalk", 
            "polygon": [
                [
                    0, 
                    654
                ], 
                [
                    66, 
                    651
                ], 
                [
                    173, 
                    627
                ], 
                [
                    253, 
                    611
                ], 
                [
                    706, 
                    523
                ], 
                [
                    809, 
                    495
                ], 
                [
                    818, 
                    485
                ], 
                [
                    841, 
                    474
                ], 
                [
                    944, 
                    479
                ], 
                [
                    923, 
                    523
                ], 
                [
                    905, 
                    534
                ], 
                [
                    809, 
                    588
                ], 
                [
                    706, 
                    618
                ], 
                [
                    0, 
                    974
                ]
            ]
        }, 
        {
            "label": "person", 
            "polygon": [
                [
                    1020, 
                    432
                ], 
                [
                    1020, 
                    428
                ], 
                [
                    1021, 
                    424
                ], 
                [
                    1024, 
                    423
                ], 
                [
                    1027, 
                    424
                ], 
                [
                    1028, 
                    424
                ], 
                [
                    1032, 
                    426
                ], 
                [
                    1036, 
                    423
                ], 
                [
                    1037, 
                    425
                ], 
                [
                    1038, 
                    427
                ], 
                [
                    1040, 
                    428
                ], 
                [
                    1039, 
                    434
                ]
            ]
        }, 
        {
            "label": "person", 
            "polygon": [
                [
                    1001, 
                    420
                ], 
                [
                    997, 
                    424
                ], 
                [
                    993, 
                    429
                ], 
                [
                    992, 
                    435
                ], 
                [
                    991, 
                    438
                ], 
                [
                    992, 
                    441
                ], 
                [
                    993, 
                    441
                ], 
                [
                    997, 
                    432
                ], 
                [
                    998, 
                    435
                ], 
                [
                    998, 
                    443
                ], 
                [
                    998, 
                    456
                ], 
                [
                    998, 
                    464
                ], 
                [
                    1011, 
                    462
                ], 
                [
                    1012, 
                    430
                ], 
                [
                    1011, 
                    425
                ], 
                [
                    1008, 
                    422
                ], 
                [
                    1007, 
                    418
                ], 
                [
                    1005, 
                    415
                ], 
                [
                    1002, 
                    415
                ], 
                [
                    1001, 
                    415
                ], 
                [
                    1000, 
                    416
                ]
            ]
        }, 
        {
            "label": "car", 
            "polygon": [
                [
                    917, 
                    431
                ], 
                [
                    886, 
                    431
                ], 
                [
                    879, 
                    438
                ], 
                [
                    877, 
                    439
                ], 
                [
                    876, 
                    442
                ], 
                [
                    875, 
                    443
                ], 
                [
                    873, 
                    446
                ], 
                [
                    869, 
                    450
                ], 
                [
                    869, 
                    461
                ], 
                [
                    870, 
                    464
                ], 
                [
                    873, 
                    464
                ], 
                [
                    875, 
                    463
                ], 
                [
                    875, 
                    461
                ], 
                [
                    881, 
                    462
                ], 
                [
                    881, 
                    464
                ], 
                [
                    887, 
                    465
                ], 
                [
                    891, 
                    463
                ], 
                [
                    892, 
                    461
                ], 
                [
                    892, 
                    460
                ], 
                [
                    899, 
                    460
                ], 
                [
                    911, 
                    459
                ], 
                [
                    921, 
                    438
                ], 
                [
                    921, 
                    436
                ]
            ]
        }, 
        {
            "label": "person", 
            "polygon": [
                [
                    1001, 
                    420
                ], 
                [
                    997, 
                    424
                ], 
                [
                    995, 
                    426
                ], 
                [
                    992, 
                    431
                ], 
                [
                    991, 
                    436
                ], 
                [
                    991, 
                    439
                ], 
                [
                    991, 
                    441
                ], 
                [
                    993, 
                    441
                ], 
                [
                    995, 
                    441
                ], 
                [
                    995, 
                    438
                ], 
                [
                    996, 
                    434
                ], 
                [
                    997, 
                    430
                ], 
                [
                    998, 
                    428
                ], 
                [
                    998, 
                    441
                ], 
                [
                    998, 
                    447
                ], 
                [
                    998, 
                    454
                ], 
                [
                    998, 
                    463
                ], 
                [
                    999, 
                    465
                ], 
                [
                    1001, 
                    465
                ], 
                [
                    1012, 
                    441
                ], 
                [
                    1012, 
                    436
                ], 
                [
                    1012, 
                    427
                ], 
                [
                    1011, 
                    424
                ], 
                [
                    1009, 
                    423
                ], 
                [
                    1007, 
                    422
                ], 
                [
                    1007, 
                    417
                ], 
                [
                    1005, 
                    415
                ], 
                [
                    1003, 
                    415
                ], 
                [
                    1001, 
                    416
                ]
            ]
        }, 
        {
            "label": "person", 
            "polygon": [
                [
                    1039, 
                    435
                ], 
                [
                    1041, 
                    430
                ], 
                [
                    1039, 
                    428
                ], 
                [
                    1039, 
                    426
                ], 
                [
                    1037, 
                    423
                ], 
                [
                    1035, 
                    422
                ], 
                [
                    1032, 
                    423
                ], 
                [
                    1031, 
                    425
                ], 
                [
                    1031, 
                    427
                ], 
                [
                    1031, 
                    428
                ], 
                [
                    1033, 
                    428
                ], 
                [
                    1033, 
                    430
                ], 
                [
                    1034, 
                    432
                ]
            ]
        }, 
        {
            "label": "terrain", 
            "polygon": [
                [
                    962, 
                    463
                ], 
                [
                    971, 
                    463
                ], 
                [
                    978, 
                    463
                ], 
                [
                    986, 
                    464
                ], 
                [
                    992, 
                    463
                ], 
                [
                    999, 
                    463
                ], 
                [
                    1001, 
                    461
                ], 
                [
                    1000, 
                    459
                ], 
                [
                    997, 
                    458
                ], 
                [
                    993, 
                    458
                ], 
                [
                    988, 
                    458
                ], 
                [
                    986, 
                    458
                ], 
                [
                    984, 
                    458
                ], 
                [
                    982, 
                    456
                ], 
                [
                    979, 
                    455
                ], 
                [
                    975, 
                    456
                ], 
                [
                    974, 
                    460
                ], 
                [
                    966, 
                    460
                ]
            ]
        }, 
        {
            "label": "car", 
            "polygon": [
                [
                    1046, 
                    430
                ], 
                [
                    1038, 
                    430
                ], 
                [
                    1021, 
                    431
                ], 
                [
                    1009, 
                    441
                ], 
                [
                    1005, 
                    442
                ], 
                [
                    1004, 
                    443
                ], 
                [
                    1004, 
                    446
                ], 
                [
                    1008, 
                    446
                ], 
                [
                    1002, 
                    451
                ], 
                [
                    999, 
                    455
                ], 
                [
                    998, 
                    465
                ], 
                [
                    1000, 
                    466
                ], 
                [
                    1001, 
                    472
                ], 
                [
                    1008, 
                    472
                ], 
                [
                    1008, 
                    467
                ], 
                [
                    1010, 
                    467
                ], 
                [
                    1021, 
                    467
                ]
            ]
        }, 
        {
            "label": "car", 
            "polygon": [
                [
                    966, 
                    441
                ], 
                [
                    955, 
                    431
                ], 
                [
                    919, 
                    432
                ], 
                [
                    912, 
                    441
                ], 
                [
                    906, 
                    442
                ], 
                [
                    906, 
                    444
                ], 
                [
                    909, 
                    444
                ], 
                [
                    902, 
                    450
                ], 
                [
                    900, 
                    453
                ], 
                [
                    901, 
                    463
                ], 
                [
                    903, 
                    465
                ], 
                [
                    906, 
                    463
                ], 
                [
                    919, 
                    463
                ], 
                [
                    921, 
                    466
                ], 
                [
                    924, 
                    467
                ], 
                [
                    929, 
                    466
                ], 
                [
                    929, 
                    464
                ], 
                [
                    938, 
                    464
                ], 
                [
                    938, 
                    466
                ], 
                [
                    941, 
                    467
                ], 
                [
                    944, 
                    467
                ], 
                [
                    947, 
                    466
                ], 
                [
                    947, 
                    464
                ], 
                [
                    956, 
                    464
                ], 
                [
                    958, 
                    467
                ], 
                [
                    962, 
                    467
                ], 
                [
                    966, 
                    467
                ], 
                [
                    967, 
                    460
                ], 
                [
                    968, 
                    448
                ]
            ]
        }, 
        {
            "label": "car", 
            "polygon": [
                [
                    1094, 
                    436
                ], 
                [
                    1089, 
                    432
                ], 
                [
                    1047, 
                    431
                ], 
                [
                    1035, 
                    441
                ], 
                [
                    1031, 
                    442
                ], 
                [
                    1031, 
                    446
                ], 
                [
                    1033, 
                    447
                ], 
                [
                    1024, 
                    454
                ], 
                [
                    1023, 
                    459
                ], 
                [
                    1022, 
                    470
                ], 
                [
                    1023, 
                    472
                ], 
                [
                    1028, 
                    473
                ], 
                [
                    1032, 
                    473
                ], 
                [
                    1034, 
                    471
                ], 
                [
                    1043, 
                    471
                ], 
                [
                    1044, 
                    474
                ], 
                [
                    1049, 
                    475
                ], 
                [
                    1053, 
                    475
                ], 
                [
                    1057, 
                    471
                ], 
                [
                    1070, 
                    471
                ], 
                [
                    1072, 
                    475
                ], 
                [
                    1076, 
                    475
                ], 
                [
                    1080, 
                    474
                ], 
                [
                    1081, 
                    472
                ], 
                [
                    1086, 
                    472
                ], 
                [
                    1097, 
                    447
                ]
            ]
        }, 
        {
            "label": "license plate", 
            "polygon": [
                [
                    1088, 
                    450
                ], 
                [
                    1073, 
                    450
                ], 
                [
                    1073, 
                    453
                ], 
                [
                    1088, 
                    453
                ]
            ]
        }, 
        {
            "label": "bicycle", 
            "polygon": [
                [
                    844, 
                    444
                ], 
                [
                    839, 
                    449
                ], 
                [
                    837, 
                    455
                ], 
                [
                    837, 
                    464
                ], 
                [
                    842, 
                    472
                ], 
                [
                    846, 
                    477
                ], 
                [
                    862, 
                    477
                ], 
                [
                    861, 
                    456
                ], 
                [
                    860, 
                    443
                ], 
                [
                    858, 
                    440
                ], 
                [
                    858, 
                    436
                ], 
                [
                    857, 
                    431
                ], 
                [
                    855, 
                    430
                ], 
                [
                    853, 
                    429
                ], 
                [
                    850, 
                    430
                ], 
                [
                    849, 
                    431
                ], 
                [
                    846, 
                    431
                ], 
                [
                    844, 
                    432
                ], 
                [
                    843, 
                    434
                ], 
                [
                    842, 
                    434
                ], 
                [
                    841, 
                    435
                ], 
                [
                    841, 
                    435
                ], 
                [
                    841, 
                    436
                ], 
                [
                    842, 
                    436
                ], 
                [
                    842, 
                    437
                ], 
                [
                    842, 
                    437
                ], 
                [
                    843, 
                    437
                ], 
                [
                    843, 
                    438
                ], 
                [
                    844, 
                    439
                ], 
                [
                    843, 
                    441
                ]
            ]
        }, 
        {
            "label": "pole", 
            "polygon": [
                [
                    984, 
                    385
                ], 
                [
                    983, 
                    424
                ], 
                [
                    983, 
                    462
                ], 
                [
                    987, 
                    462
                ], 
                [
                    987, 
                    353
                ], 
                [
                    988, 
                    269
                ], 
                [
                    938, 
                    264
                ], 
                [
                    925, 
                    260
                ], 
                [
                    917, 
                    265
                ], 
                [
                    936, 
                    268
                ], 
                [
                    985, 
                    272
                ]
            ]
        }, 
        {
            "label": "car", 
            "polygon": [
                [
                    1159, 
                    440
                ], 
                [
                    1156, 
                    435
                ], 
                [
                    1142, 
                    430
                ], 
                [
                    1113, 
                    429
                ], 
                [
                    1105, 
                    431
                ], 
                [
                    1098, 
                    439
                ], 
                [
                    1094, 
                    439
                ], 
                [
                    1093, 
                    442
                ], 
                [
                    1096, 
                    444
                ], 
                [
                    1088, 
                    451
                ], 
                [
                    1086, 
                    454
                ], 
                [
                    1084, 
                    456
                ], 
                [
                    1082, 
                    464
                ], 
                [
                    1083, 
                    472
                ], 
                [
                    1083, 
                    474
                ], 
                [
                    1083, 
                    477
                ], 
                [
                    1085, 
                    478
                ], 
                [
                    1088, 
                    478
                ], 
                [
                    1090, 
                    477
                ], 
                [
                    1090, 
                    475
                ], 
                [
                    1101, 
                    475
                ], 
                [
                    1102, 
                    479
                ], 
                [
                    1107, 
                    479
                ], 
                [
                    1110, 
                    479
                ], 
                [
                    1111, 
                    476
                ], 
                [
                    1113, 
                    475
                ], 
                [
                    1133, 
                    475
                ], 
                [
                    1133, 
                    479
                ], 
                [
                    1141, 
                    480
                ], 
                [
                    1143, 
                    476
                ], 
                [
                    1148, 
                    475
                ]
            ]
        }, 
        {
            "label": "license plate", 
            "polygon": [
                [
                    1149, 
                    462
                ], 
                [
                    1132, 
                    462
                ], 
                [
                    1132, 
                    466
                ], 
                [
                    1149, 
                    466
                ]
            ]
        }, 
        {
            "label": "car", 
            "polygon": [
                [
                    1180, 
                    486
                ], 
                [
                    1196, 
                    425
                ], 
                [
                    1174, 
                    423
                ], 
                [
                    1170, 
                    424
                ], 
                [
                    1162, 
                    436
                ], 
                [
                    1160, 
                    440
                ], 
                [
                    1157, 
                    440
                ], 
                [
                    1154, 
                    440
                ], 
                [
                    1154, 
                    444
                ], 
                [
                    1157, 
                    446
                ], 
                [
                    1155, 
                    453
                ], 
                [
                    1149, 
                    461
                ], 
                [
                    1149, 
                    467
                ], 
                [
                    1151, 
                    484
                ], 
                [
                    1159, 
                    484
                ], 
                [
                    1159, 
                    477
                ], 
                [
                    1165, 
                    477
                ], 
                [
                    1165, 
                    485
                ], 
                [
                    1169, 
                    487
                ]
            ]
        }, 
        {
            "label": "static", 
            "polygon": [
                [
                    756, 
                    287
                ], 
                [
                    840, 
                    287
                ], 
                [
                    841, 
                    345
                ], 
                [
                    756, 
                    343
                ]
            ]
        }, 
        {
            "label": "bicycle", 
            "polygon": [
                [
                    866, 
                    468
                ], 
                [
                    870, 
                    470
                ], 
                [
                    871, 
                    475
                ], 
                [
                    871, 
                    478
                ], 
                [
                    877, 
                    488
                ], 
                [
                    879, 
                    513
                ], 
                [
                    877, 
                    512
                ], 
                [
                    875, 
                    507
                ], 
                [
                    870, 
                    500
                ], 
                [
                    870, 
                    513
                ], 
                [
                    869, 
                    515
                ], 
                [
                    865, 
                    514
                ], 
                [
                    863, 
                    493
                ], 
                [
                    858, 
                    493
                ], 
                [
                    856, 
                    493
                ], 
                [
                    855, 
                    467
                ], 
                [
                    860, 
                    465
                ], 
                [
                    858, 
                    452
                ], 
                [
                    858, 
                    450
                ], 
                [
                    851, 
                    447
                ], 
                [
                    866, 
                    446
                ], 
                [
                    866, 
                    448
                ], 
                [
                    862, 
                    449
                ], 
                [
                    863, 
                    466
                ]
            ]
        }, 
        {
            "label": "pole", 
            "polygon": [
                [
                    918, 
                    130
                ], 
                [
                    940, 
                    129
                ], 
                [
                    941, 
                    131
                ], 
                [
                    968, 
                    132
                ], 
                [
                    968, 
                    131
                ], 
                [
                    968, 
                    129
                ], 
                [
                    966, 
                    126
                ], 
                [
                    962, 
                    124
                ], 
                [
                    942, 
                    124
                ], 
                [
                    942, 
                    126
                ], 
                [
                    855, 
                    130
                ], 
                [
                    855, 
                    132
                ]
            ]
        }, 
        {
            "label": "static", 
            "polygon": [
                [
                    865, 
                    309
                ], 
                [
                    870, 
                    310
                ], 
                [
                    876, 
                    316
                ], 
                [
                    877, 
                    325
                ], 
                [
                    876, 
                    330
                ], 
                [
                    871, 
                    336
                ], 
                [
                    866, 
                    338
                ], 
                [
                    861, 
                    338
                ], 
                [
                    856, 
                    336
                ], 
                [
                    853, 
                    329
                ], 
                [
                    853, 
                    320
                ], 
                [
                    854, 
                    315
                ], 
                [
                    855, 
                    313
                ]
            ]
        }, 
        {
            "label": "car", 
            "polygon": [
                [
                    1254, 
                    425
                ], 
                [
                    1246, 
                    422
                ], 
                [
                    1199, 
                    420
                ], 
                [
                    1190, 
                    420
                ], 
                [
                    1180, 
                    430
                ], 
                [
                    1174, 
                    439
                ], 
                [
                    1168, 
                    439
                ], 
                [
                    1168, 
                    443
                ], 
                [
                    1172, 
                    443
                ], 
                [
                    1167, 
                    452
                ], 
                [
                    1163, 
                    463
                ], 
                [
                    1165, 
                    481
                ], 
                [
                    1166, 
                    485
                ], 
                [
                    1170, 
                    488
                ], 
                [
                    1175, 
                    488
                ], 
                [
                    1180, 
                    487
                ], 
                [
                    1180, 
                    483
                ], 
                [
                    1180, 
                    481
                ], 
                [
                    1185, 
                    480
                ], 
                [
                    1185, 
                    486
                ], 
                [
                    1188, 
                    490
                ], 
                [
                    1195, 
                    490
                ], 
                [
                    1197, 
                    488
                ], 
                [
                    1198, 
                    485
                ], 
                [
                    1217, 
                    485
                ]
            ]
        }, 
        {
            "label": "pole", 
            "polygon": [
                [
                    855, 
                    512
                ], 
                [
                    860, 
                    512
                ], 
                [
                    860, 
                    485
                ], 
                [
                    864, 
                    306
                ], 
                [
                    858, 
                    305
                ], 
                [
                    857, 
                    331
                ], 
                [
                    854, 
                    504
                ]
            ]
        }, 
        {
            "label": "car", 
            "polygon": [
                [
                    1258, 
                    426
                ], 
                [
                    1246, 
                    426
                ], 
                [
                    1233, 
                    427
                ], 
                [
                    1226, 
                    439
                ], 
                [
                    1220, 
                    449
                ], 
                [
                    1210, 
                    448
                ], 
                [
                    1208, 
                    450
                ], 
                [
                    1209, 
                    453
                ], 
                [
                    1217, 
                    454
                ], 
                [
                    1215, 
                    458
                ], 
                [
                    1210, 
                    463
                ], 
                [
                    1209, 
                    473
                ], 
                [
                    1209, 
                    490
                ], 
                [
                    1209, 
                    496
                ], 
                [
                    1212, 
                    497
                ], 
                [
                    1212, 
                    503
                ], 
                [
                    1219, 
                    504
                ], 
                [
                    1220, 
                    509
                ], 
                [
                    1231, 
                    509
                ], 
                [
                    1231, 
                    505
                ], 
                [
                    1232, 
                    499
                ], 
                [
                    1234, 
                    498
                ], 
                [
                    1257, 
                    499
                ], 
                [
                    1270, 
                    434
                ], 
                [
                    1270, 
                    425
                ]
            ]
        }, 
        {
            "label": "car", 
            "polygon": [
                [
                    1318, 
                    414
                ], 
                [
                    1271, 
                    414
                ], 
                [
                    1266, 
                    415
                ], 
                [
                    1253, 
                    443
                ], 
                [
                    1248, 
                    437
                ], 
                [
                    1244, 
                    440
                ], 
                [
                    1245, 
                    444
                ], 
                [
                    1246, 
                    449
                ], 
                [
                    1251, 
                    452
                ], 
                [
                    1249, 
                    458
                ], 
                [
                    1244, 
                    462
                ], 
                [
                    1240, 
                    476
                ], 
                [
                    1238, 
                    509
                ], 
                [
                    1240, 
                    513
                ], 
                [
                    1246, 
                    514
                ], 
                [
                    1248, 
                    519
                ], 
                [
                    1252, 
                    522
                ], 
                [
                    1271, 
                    522
                ]
            ]
        }, 
        {
            "label": "car", 
            "polygon": [
                [
                    1317, 
                    424
                ], 
                [
                    1309, 
                    424
                ], 
                [
                    1299, 
                    424
                ], 
                [
                    1292, 
                    425
                ], 
                [
                    1282, 
                    438
                ], 
                [
                    1275, 
                    450
                ], 
                [
                    1270, 
                    451
                ], 
                [
                    1269, 
                    453
                ], 
                [
                    1270, 
                    456
                ], 
                [
                    1272, 
                    458
                ], 
                [
                    1268, 
                    465
                ], 
                [
                    1267, 
                    473
                ], 
                [
                    1264, 
                    484
                ], 
                [
                    1263, 
                    486
                ], 
                [
                    1260, 
                    490
                ], 
                [
                    1261, 
                    524
                ], 
                [
                    1269, 
                    525
                ], 
                [
                    1272, 
                    521
                ], 
                [
                    1272, 
                    516
                ], 
                [
                    1272, 
                    510
                ], 
                [
                    1277, 
                    511
                ], 
                [
                    1276, 
                    520
                ], 
                [
                    1277, 
                    528
                ], 
                [
                    1278, 
                    533
                ], 
                [
                    1283, 
                    533
                ], 
                [
                    1293, 
                    533
                ], 
                [
                    1290, 
                    528
                ]
            ]
        }, 
        {
            "label": "car", 
            "polygon": [
                [
                    1458, 
                    390
                ], 
                [
                    1413, 
                    386
                ], 
                [
                    1338, 
                    385
                ], 
                [
                    1329, 
                    390
                ], 
                [
                    1325, 
                    395
                ], 
                [
                    1302, 
                    447
                ], 
                [
                    1296, 
                    442
                ], 
                [
                    1284, 
                    442
                ], 
                [
                    1283, 
                    455
                ], 
                [
                    1288, 
                    458
                ], 
                [
                    1296, 
                    459
                ], 
                [
                    1293, 
                    474
                ], 
                [
                    1292, 
                    497
                ], 
                [
                    1290, 
                    516
                ], 
                [
                    1290, 
                    539
                ], 
                [
                    1297, 
                    540
                ], 
                [
                    1306, 
                    540
                ], 
                [
                    1307, 
                    538
                ], 
                [
                    1307, 
                    534
                ], 
                [
                    1308, 
                    526
                ], 
                [
                    1314, 
                    527
                ], 
                [
                    1314, 
                    536
                ], 
                [
                    1314, 
                    547
                ], 
                [
                    1314, 
                    551
                ], 
                [
                    1326, 
                    552
                ], 
                [
                    1329, 
                    552
                ], 
                [
                    1331, 
                    552
                ], 
                [
                    1333, 
                    539
                ], 
                [
                    1333, 
                    534
                ], 
                [
                    1351, 
                    537
                ], 
                [
                    1460, 
                    403
                ], 
                [
                    1462, 
                    402
                ]
            ]
        }, 
        {
            "label": "car", 
            "polygon": [
                [
                    1547, 
                    401
                ], 
                [
                    1515, 
                    399
                ], 
                [
                    1514, 
                    399
                ], 
                [
                    1422, 
                    400
                ], 
                [
                    1412, 
                    404
                ], 
                [
                    1400, 
                    415
                ], 
                [
                    1372, 
                    449
                ], 
                [
                    1358, 
                    452
                ], 
                [
                    1353, 
                    455
                ], 
                [
                    1351, 
                    464
                ], 
                [
                    1355, 
                    473
                ], 
                [
                    1364, 
                    476
                ], 
                [
                    1344, 
                    496
                ], 
                [
                    1342, 
                    507
                ], 
                [
                    1343, 
                    529
                ], 
                [
                    1340, 
                    552
                ], 
                [
                    1340, 
                    572
                ], 
                [
                    1342, 
                    590
                ], 
                [
                    1365, 
                    594
                ], 
                [
                    1369, 
                    592
                ], 
                [
                    1372, 
                    574
                ], 
                [
                    1375, 
                    573
                ], 
                [
                    1385, 
                    574
                ], 
                [
                    1383, 
                    601
                ], 
                [
                    1386, 
                    610
                ], 
                [
                    1392, 
                    615
                ], 
                [
                    1404, 
                    617
                ], 
                [
                    1416, 
                    617
                ], 
                [
                    1437, 
                    615
                ], 
                [
                    1446, 
                    609
                ]
            ]
        }, 
        {
            "label": "car", 
            "polygon": [
                [
                    1752, 
                    395
                ], 
                [
                    1704, 
                    391
                ], 
                [
                    1578, 
                    393
                ], 
                [
                    1552, 
                    398
                ], 
                [
                    1527, 
                    414
                ], 
                [
                    1485, 
                    463
                ], 
                [
                    1451, 
                    462
                ], 
                [
                    1441, 
                    464
                ], 
                [
                    1437, 
                    475
                ], 
                [
                    1438, 
                    485
                ], 
                [
                    1466, 
                    489
                ], 
                [
                    1476, 
                    491
                ], 
                [
                    1456, 
                    508
                ], 
                [
                    1442, 
                    527
                ], 
                [
                    1437, 
                    536
                ], 
                [
                    1437, 
                    553
                ], 
                [
                    1433, 
                    588
                ], 
                [
                    1435, 
                    629
                ], 
                [
                    1435, 
                    648
                ], 
                [
                    1443, 
                    653
                ], 
                [
                    1462, 
                    656
                ], 
                [
                    1468, 
                    654
                ], 
                [
                    1468, 
                    635
                ], 
                [
                    1498, 
                    647
                ], 
                [
                    1496, 
                    666
                ], 
                [
                    1501, 
                    685
                ], 
                [
                    1504, 
                    693
                ], 
                [
                    1517, 
                    709
                ], 
                [
                    1525, 
                    710
                ], 
                [
                    1555, 
                    712
                ], 
                [
                    1569, 
                    712
                ], 
                [
                    1574, 
                    710
                ], 
                [
                    1584, 
                    699
                ], 
                [
                    1587, 
                    686
                ], 
                [
                    1590, 
                    673
                ], 
                [
                    1654, 
                    678
                ], 
                [
                    1711, 
                    663
                ]
            ]
        }, 
        {
            "label": "car", 
            "polygon": [
                [
                    2047, 
                    294
                ], 
                [
                    2010, 
                    297
                ], 
                [
                    1996, 
                    284
                ], 
                [
                    1979, 
                    280
                ], 
                [
                    1935, 
                    276
                ], 
                [
                    1882, 
                    283
                ], 
                [
                    1846, 
                    292
                ], 
                [
                    1824, 
                    310
                ], 
                [
                    1799, 
                    337
                ], 
                [
                    1790, 
                    349
                ], 
                [
                    1766, 
                    366
                ], 
                [
                    1755, 
                    387
                ], 
                [
                    1717, 
                    458
                ], 
                [
                    1709, 
                    456
                ], 
                [
                    1691, 
                    456
                ], 
                [
                    1671, 
                    464
                ], 
                [
                    1667, 
                    474
                ], 
                [
                    1667, 
                    484
                ], 
                [
                    1679, 
                    495
                ], 
                [
                    1693, 
                    496
                ], 
                [
                    1679, 
                    512
                ], 
                [
                    1669, 
                    524
                ], 
                [
                    1657, 
                    545
                ], 
                [
                    1655, 
                    576
                ], 
                [
                    1650, 
                    600
                ], 
                [
                    1646, 
                    623
                ], 
                [
                    1646, 
                    636
                ], 
                [
                    1631, 
                    649
                ], 
                [
                    1623, 
                    676
                ], 
                [
                    1622, 
                    716
                ], 
                [
                    1632, 
                    745
                ], 
                [
                    1647, 
                    767
                ], 
                [
                    1659, 
                    782
                ], 
                [
                    1678, 
                    789
                ], 
                [
                    1698, 
                    789
                ], 
                [
                    1712, 
                    785
                ], 
                [
                    1726, 
                    781
                ], 
                [
                    1728, 
                    777
                ], 
                [
                    1819, 
                    820
                ], 
                [
                    1825, 
                    856
                ], 
                [
                    1833, 
                    885
                ], 
                [
                    1850, 
                    904
                ], 
                [
                    1864, 
                    922
                ], 
                [
                    1894, 
                    932
                ], 
                [
                    1918, 
                    938
                ], 
                [
                    1936, 
                    936
                ], 
                [
                    1952, 
                    926
                ], 
                [
                    1966, 
                    907
                ], 
                [
                    1972, 
                    891
                ], 
                [
                    1974, 
                    870
                ], 
                [
                    1998, 
                    870
                ], 
                [
                    2034, 
                    871
                ], 
                [
                    2047, 
                    874
                ]
            ]
        }, 
        {
            "label": "license plate", 
            "polygon": [
                [
                    958, 
                    444
                ], 
                [
                    943, 
                    444
                ], 
                [
                    943, 
                    450
                ], 
                [
                    959, 
                    450
                ]
            ]
        }, 
        {
            "label": "static", 
            "polygon": [
                [
                    757, 
                    336
                ], 
                [
                    787, 
                    330
                ], 
                [
                    810, 
                    329
                ], 
                [
                    809, 
                    341
                ], 
                [
                    810, 
                    343
                ], 
                [
                    817, 
                    343
                ], 
                [
                    814, 
                    363
                ], 
                [
                    810, 
                    383
                ], 
                [
                    806, 
                    383
                ], 
                [
                    804, 
                    392
                ], 
                [
                    784, 
                    390
                ], 
                [
                    765, 
                    386
                ], 
                [
                    754, 
                    385
                ], 
                [
                    755, 
                    356
                ], 
                [
                    757, 
                    344
                ]
            ]
        }, 
        {
            "label": "static", 
            "polygon": [
                [
                    936, 
                    263
                ], 
                [
                    929, 
                    259
                ], 
                [
                    924, 
                    260
                ], 
                [
                    919, 
                    261
                ], 
                [
                    916, 
                    266
                ], 
                [
                    918, 
                    267
                ], 
                [
                    925, 
                    268
                ], 
                [
                    930, 
                    269
                ], 
                [
                    936, 
                    268
                ], 
                [
                    937, 
                    268
                ]
            ]
        }, 
        {
            "label": "static", 
            "polygon": [
                [
                    940, 
                    132
                ], 
                [
                    947, 
                    133
                ], 
                [
                    960, 
                    134
                ], 
                [
                    971, 
                    133
                ], 
                [
                    972, 
                    131
                ], 
                [
                    971, 
                    127
                ], 
                [
                    967, 
                    125
                ], 
                [
                    961, 
                    123
                ], 
                [
                    942, 
                    123
                ], 
                [
                    941, 
                    125
                ], 
                [
                    941, 
                    127
                ]
            ]
        }, 
        {
            "label": "ground", 
            "polygon": [
                [
                    707, 
                    612
                ], 
                [
                    724, 
                    602
                ], 
                [
                    760, 
                    604
                ], 
                [
                    832, 
                    571
                ], 
                [
                    875, 
                    546
                ], 
                [
                    907, 
                    517
                ], 
                [
                    907, 
                    513
                ], 
                [
                    913, 
                    507
                ], 
                [
                    918, 
                    508
                ], 
                [
                    937, 
                    488
                ], 
                [
                    936, 
                    481
                ], 
                [
                    937, 
                    479
                ], 
                [
                    940, 
                    479
                ], 
                [
                    965, 
                    481
                ], 
                [
                    961, 
                    496
                ], 
                [
                    931, 
                    535
                ], 
                [
                    918, 
                    547
                ], 
                [
                    900, 
                    557
                ], 
                [
                    862, 
                    584
                ], 
                [
                    812, 
                    621
                ], 
                [
                    724, 
                    619
                ], 
                [
                    707, 
                    612
                ]
            ]
        }, 
        {
            "label": "dynamic", 
            "polygon": [
                [
                    48, 
                    615
                ], 
                [
                    36, 
                    638
                ], 
                [
                    36, 
                    665
                ], 
                [
                    98, 
                    663
                ], 
                [
                    125, 
                    653
                ], 
                [
                    147, 
                    662
                ], 
                [
                    176, 
                    658
                ], 
                [
                    221, 
                    656
                ], 
                [
                    231, 
                    650
                ], 
                [
                    239, 
                    644
                ], 
                [
                    186, 
                    638
                ], 
                [
                    172, 
                    630
                ], 
                [
                    205, 
                    636
                ], 
                [
                    217, 
                    630
                ], 
                [
                    185, 
                    626
                ], 
                [
                    156, 
                    624
                ], 
                [
                    132, 
                    627
                ], 
                [
                    124, 
                    622
                ], 
                [
                    107, 
                    622
                ], 
                [
                    82, 
                    621
                ], 
                [
                    61, 
                    611
                ]
            ]
        }, 
        {
            "label": "ego vehicle", 
            "polygon": [
                [
                    271, 
                    1023
                ], 
                [
                    387, 
                    1009
                ], 
                [
                    549, 
                    993
                ], 
                [
                    821, 
                    966
                ], 
                [
                    1082, 
                    950
                ], 
                [
                    1142, 
                    947
                ], 
                [
                    1112, 
                    932
                ], 
                [
                    1096, 
                    896
                ], 
                [
                    1108, 
                    861
                ], 
                [
                    1137, 
                    844
                ], 
                [
                    1175, 
                    844
                ], 
                [
                    1204, 
                    867
                ], 
                [
                    1209, 
                    897
                ], 
                [
                    1195, 
                    931
                ], 
                [
                    1161, 
                    945
                ], 
                [
                    1376, 
                    957
                ], 
                [
                    1654, 
                    977
                ], 
                [
                    1883, 
                    1002
                ], 
                [
                    2028, 
                    1023
                ]
            ]
        }, 
        {
            "label": "out of roi", 
            "polygon": [
                [
                    0, 
                    0
                ], 
                [
                    2048, 
                    0
                ], 
                [
                    2048, 
                    1024
                ], 
                [
                    0, 
                    1024
                ], 
                [
                    0, 
                    0
                ], 
                [
                    5, 
                    5
                ], 
                [
                    5, 
                    1019
                ], 
                [
                    2043, 
                    1019
                ], 
                [
                    2043, 
                    5
                ], 
                [
                    5, 
                    5
                ]
            ]
        }
    ]
}