{
    "imgHeight": 1024, 
    "imgWidth": 2048, 
    "objects": [
        {
            "label": "sky", 
            "polygon": [
                [
                    624, 
                    0
                ], 
                [
                    821, 
                    301
                ], 
                [
                    1168, 
                    290
                ], 
                [
                    1431, 
                    0
                ]
            ]
        }, 
        {
            "label": "road", 
            "polygon": [
                [
                    0, 
                    521
                ], 
                [
                    830, 
                    436
                ], 
                [
                    865, 
                    420
                ], 
                [
                    990, 
                    400
                ], 
                [
                    2047, 
                    474
                ], 
                [
                    2047, 
                    1023
                ], 
                [
                    0, 
                    1023
                ]
            ]
        }, 
        {
            "label": "sidewalk", 
            "polygon": [
                [
                    2047, 
                    777
                ], 
                [
                    1825, 
                    704
                ], 
                [
                    1725, 
                    668
                ], 
                [
                    1707, 
                    532
                ], 
                [
                    1753, 
                    454
                ], 
                [
                    2047, 
                    488
                ]
            ]
        }, 
        {
            "label": "building", 
            "polygon": [
                [
                    2047, 
                    0
                ], 
                [
                    2047, 
                    607
                ], 
                [
                    2030, 
                    601
                ], 
                [
                    2022, 
                    603
                ], 
                [
                    2011, 
                    603
                ], 
                [
                    1980, 
                    597
                ], 
                [
                    1936, 
                    587
                ], 
                [
                    1866, 
                    572
                ], 
                [
                    1763, 
                    551
                ], 
                [
                    1300, 
                    458
                ], 
                [
                    1105, 
                    427
                ], 
                [
                    1044, 
                    442
                ], 
                [
                    1017, 
                    446
                ], 
                [
                    995, 
                    445
                ], 
                [
                    982, 
                    444
                ], 
                [
                    978, 
                    440
                ], 
                [
                    966, 
                    440
                ], 
                [
                    880, 
                    466
                ], 
                [
                    876, 
                    463
                ], 
                [
                    868, 
                    454
                ], 
                [
                    860, 
                    449
                ], 
                [
                    839, 
                    453
                ], 
                [
                    754, 
                    459
                ], 
                [
                    0, 
                    525
                ], 
                [
                    0, 
                    0
                ], 
                [
                    746, 
                    0
                ], 
                [
                    746, 
                    43
                ], 
                [
                    764, 
                    43
                ], 
                [
                    764, 
                    29
                ], 
                [
                    771, 
                    29
                ], 
                [
                    771, 
                    33
                ], 
                [
                    784, 
                    33
                ], 
                [
                    784, 
                    29
                ], 
                [
                    790, 
                    29
                ], 
                [
                    790, 
                    32
                ], 
                [
                    805, 
                    32
                ], 
                [
                    805, 
                    29
                ], 
                [
                    811, 
                    29
                ], 
                [
                    813, 
                    34
                ], 
                [
                    813, 
                    45
                ], 
                [
                    815, 
                    47
                ], 
                [
                    815, 
                    51
                ], 
                [
                    836, 
                    51
                ], 
                [
                    839, 
                    55
                ], 
                [
                    838, 
                    58
                ], 
                [
                    828, 
                    58
                ], 
                [
                    827, 
                    59
                ], 
                [
                    823, 
                    59
                ], 
                [
                    823, 
                    58
                ], 
                [
                    818, 
                    58
                ], 
                [
                    824, 
                    70
                ], 
                [
                    824, 
                    79
                ], 
                [
                    824, 
                    85
                ], 
                [
                    823, 
                    88
                ], 
                [
                    824, 
                    123
                ], 
                [
                    824, 
                    150
                ], 
                [
                    834, 
                    150
                ], 
                [
                    834, 
                    154
                ], 
                [
                    834, 
                    156
                ], 
                [
                    830, 
                    156
                ], 
                [
                    830, 
                    155
                ], 
                [
                    824, 
                    155
                ], 
                [
                    824, 
                    160
                ], 
                [
                    852, 
                    160
                ], 
                [
                    852, 
                    165
                ], 
                [
                    852, 
                    167
                ], 
                [
                    826, 
                    167
                ], 
                [
                    826, 
                    177
                ], 
                [
                    852, 
                    177
                ], 
                [
                    852, 
                    182
                ], 
                [
                    852, 
                    184
                ], 
                [
                    849, 
                    184
                ], 
                [
                    848, 
                    196
                ], 
                [
                    844, 
                    206
                ], 
                [
                    851, 
                    207
                ], 
                [
                    864, 
                    214
                ], 
                [
                    872, 
                    224
                ], 
                [
                    874, 
                    234
                ], 
                [
                    872, 
                    236
                ], 
                [
                    868, 
                    235
                ], 
                [
                    866, 
                    236
                ], 
                [
                    868, 
                    238
                ], 
                [
                    873, 
                    239
                ], 
                [
                    877, 
                    243
                ], 
                [
                    884, 
                    249
                ], 
                [
                    884, 
                    259
                ], 
                [
                    889, 
                    261
                ], 
                [
                    982, 
                    228
                ], 
                [
                    1082, 
                    173
                ], 
                [
                    1082, 
                    150
                ], 
                [
                    1083, 
                    147
                ], 
                [
                    1083, 
                    119
                ], 
                [
                    1086, 
                    95
                ], 
                [
                    1087, 
                    93
                ], 
                [
                    1094, 
                    93
                ], 
                [
                    1099, 
                    67
                ], 
                [
                    1100, 
                    64
                ], 
                [
                    1176, 
                    66
                ], 
                [
                    1213, 
                    0
                ]
            ]
        }, 
        {
            "label": "car", 
            "polygon": [
                [
                    940, 
                    427
                ], 
                [
                    943, 
                    419
                ], 
                [
                    947, 
                    415
                ], 
                [
                    961, 
                    415
                ], 
                [
                    966, 
                    427
                ], 
                [
                    958, 
                    437
                ]
            ]
        }, 
        {
            "label": "car", 
            "polygon": [
                [
                    970, 
                    414
                ], 
                [
                    961, 
                    415
                ], 
                [
                    957, 
                    416
                ], 
                [
                    957, 
                    425
                ], 
                [
                    962, 
                    440
                ], 
                [
                    968, 
                    438
                ], 
                [
                    979, 
                    438
                ], 
                [
                    982, 
                    435
                ], 
                [
                    982, 
                    429
                ], 
                [
                    982, 
                    419
                ], 
                [
                    978, 
                    415
                ]
            ]
        }, 
        {
            "label": "vegetation", 
            "polygon": [
                [
                    870, 
                    228
                ], 
                [
                    882, 
                    228
                ], 
                [
                    878, 
                    222
                ], 
                [
                    880, 
                    215
                ], 
                [
                    885, 
                    213
                ], 
                [
                    899, 
                    218
                ], 
                [
                    898, 
                    205
                ], 
                [
                    899, 
                    194
                ], 
                [
                    908, 
                    181
                ], 
                [
                    918, 
                    175
                ], 
                [
                    923, 
                    168
                ], 
                [
                    928, 
                    167
                ], 
                [
                    935, 
                    167
                ], 
                [
                    937, 
                    172
                ], 
                [
                    939, 
                    173
                ], 
                [
                    947, 
                    173
                ], 
                [
                    957, 
                    175
                ], 
                [
                    962, 
                    185
                ], 
                [
                    965, 
                    194
                ], 
                [
                    974, 
                    186
                ], 
                [
                    981, 
                    180
                ], 
                [
                    991, 
                    175
                ], 
                [
                    998, 
                    163
                ], 
                [
                    1004, 
                    158
                ], 
                [
                    1007, 
                    154
                ], 
                [
                    1024, 
                    156
                ], 
                [
                    1028, 
                    156
                ], 
                [
                    1032, 
                    158
                ], 
                [
                    1031, 
                    169
                ], 
                [
                    1036, 
                    160
                ], 
                [
                    1054, 
                    163
                ], 
                [
                    1058, 
                    167
                ], 
                [
                    1065, 
                    164
                ], 
                [
                    1070, 
                    163
                ], 
                [
                    1071, 
                    161
                ], 
                [
                    1065, 
                    151
                ], 
                [
                    1065, 
                    143
                ], 
                [
                    1074, 
                    148
                ], 
                [
                    1080, 
                    154
                ], 
                [
                    1086, 
                    152
                ], 
                [
                    1086, 
                    200
                ], 
                [
                    1086, 
                    205
                ], 
                [
                    1084, 
                    209
                ], 
                [
                    1084, 
                    228
                ], 
                [
                    1084, 
                    238
                ], 
                [
                    1090, 
                    226
                ], 
                [
                    1099, 
                    226
                ], 
                [
                    1107, 
                    223
                ], 
                [
                    1116, 
                    223
                ], 
                [
                    1119, 
                    211
                ], 
                [
                    1124, 
                    200
                ], 
                [
                    1132, 
                    185
                ], 
                [
                    1137, 
                    182
                ], 
                [
                    1146, 
                    190
                ], 
                [
                    1158, 
                    194
                ], 
                [
                    1162, 
                    192
                ], 
                [
                    1172, 
                    193
                ], 
                [
                    1172, 
                    385
                ], 
                [
                    1171, 
                    399
                ], 
                [
                    1171, 
                    400
                ], 
                [
                    1171, 
                    419
                ], 
                [
                    1164, 
                    419
                ], 
                [
                    1163, 
                    417
                ], 
                [
                    1163, 
                    400
                ], 
                [
                    1159, 
                    398
                ], 
                [
                    1145, 
                    396
                ], 
                [
                    1124, 
                    396
                ], 
                [
                    1120, 
                    394
                ], 
                [
                    1120, 
                    419
                ], 
                [
                    1113, 
                    419
                ], 
                [
                    1113, 
                    394
                ], 
                [
                    1107, 
                    393
                ], 
                [
                    1101, 
                    394
                ], 
                [
                    1098, 
                    394
                ], 
                [
                    1094, 
                    393
                ], 
                [
                    1090, 
                    393
                ], 
                [
                    1086, 
                    391
                ], 
                [
                    1084, 
                    420
                ], 
                [
                    1078, 
                    419
                ], 
                [
                    1079, 
                    366
                ], 
                [
                    1073, 
                    364
                ], 
                [
                    1065, 
                    365
                ], 
                [
                    1053, 
                    361
                ], 
                [
                    1050, 
                    357
                ], 
                [
                    1053, 
                    348
                ], 
                [
                    1046, 
                    347
                ], 
                [
                    1040, 
                    347
                ], 
                [
                    1040, 
                    353
                ], 
                [
                    1033, 
                    354
                ], 
                [
                    1029, 
                    356
                ], 
                [
                    1028, 
                    425
                ], 
                [
                    1020, 
                    425
                ], 
                [
                    1023, 
                    360
                ], 
                [
                    1015, 
                    356
                ], 
                [
                    1013, 
                    352
                ], 
                [
                    1007, 
                    353
                ], 
                [
                    1008, 
                    358
                ], 
                [
                    1004, 
                    360
                ], 
                [
                    998, 
                    354
                ], 
                [
                    987, 
                    348
                ], 
                [
                    979, 
                    349
                ], 
                [
                    974, 
                    349
                ], 
                [
                    977, 
                    440
                ], 
                [
                    970, 
                    440
                ], 
                [
                    968, 
                    348
                ], 
                [
                    962, 
                    344
                ], 
                [
                    950, 
                    344
                ], 
                [
                    949, 
                    353
                ], 
                [
                    947, 
                    358
                ], 
                [
                    940, 
                    357
                ], 
                [
                    935, 
                    351
                ], 
                [
                    932, 
                    368
                ], 
                [
                    929, 
                    382
                ], 
                [
                    927, 
                    390
                ], 
                [
                    926, 
                    410
                ], 
                [
                    926, 
                    420
                ], 
                [
                    919, 
                    421
                ], 
                [
                    918, 
                    407
                ], 
                [
                    919, 
                    394
                ], 
                [
                    922, 
                    383
                ], 
                [
                    923, 
                    373
                ], 
                [
                    922, 
                    357
                ], 
                [
                    916, 
                    358
                ], 
                [
                    912, 
                    357
                ], 
                [
                    912, 
                    344
                ], 
                [
                    915, 
                    344
                ], 
                [
                    916, 
                    343
                ], 
                [
                    916, 
                    299
                ], 
                [
                    916, 
                    276
                ], 
                [
                    910, 
                    272
                ], 
                [
                    894, 
                    268
                ], 
                [
                    891, 
                    268
                ], 
                [
                    890, 
                    263
                ], 
                [
                    887, 
                    260
                ], 
                [
                    881, 
                    259
                ], 
                [
                    881, 
                    248
                ], 
                [
                    876, 
                    244
                ], 
                [
                    874, 
                    240
                ], 
                [
                    874, 
                    236
                ], 
                [
                    868, 
                    234
                ]
            ]
        }, 
        {
            "label": "car", 
            "polygon": [
                [
                    1031, 
                    432
                ], 
                [
                    1041, 
                    425
                ], 
                [
                    1042, 
                    424
                ], 
                [
                    1062, 
                    424
                ], 
                [
                    1066, 
                    436
                ], 
                [
                    1066, 
                    449
                ], 
                [
                    1066, 
                    454
                ], 
                [
                    1062, 
                    457
                ], 
                [
                    1048, 
                    457
                ]
            ]
        }, 
        {
            "label": "pole", 
            "polygon": [
                [
                    1070, 
                    349
                ], 
                [
                    1070, 
                    431
                ], 
                [
                    1073, 
                    431
                ], 
                [
                    1073, 
                    358
                ], 
                [
                    1073, 
                    353
                ], 
                [
                    1073, 
                    352
                ]
            ]
        }, 
        {
            "label": "pole", 
            "polygon": [
                [
                    1100, 
                    391
                ], 
                [
                    1100, 
                    421
                ], 
                [
                    1104, 
                    421
                ], 
                [
                    1104, 
                    394
                ], 
                [
                    1104, 
                    390
                ]
            ]
        }, 
        {
            "label": "static", 
            "polygon": [
                [
                    1091, 
                    437
                ], 
                [
                    1087, 
                    424
                ], 
                [
                    1087, 
                    414
                ], 
                [
                    1075, 
                    414
                ], 
                [
                    1071, 
                    420
                ], 
                [
                    1069, 
                    437
                ], 
                [
                    1070, 
                    446
                ], 
                [
                    1069, 
                    449
                ], 
                [
                    1070, 
                    456
                ], 
                [
                    1087, 
                    456
                ]
            ]
        }, 
        {
            "label": "car", 
            "polygon": [
                [
                    1116, 
                    419
                ], 
                [
                    1105, 
                    417
                ], 
                [
                    1091, 
                    417
                ], 
                [
                    1086, 
                    421
                ], 
                [
                    1079, 
                    436
                ], 
                [
                    1074, 
                    437
                ], 
                [
                    1073, 
                    440
                ], 
                [
                    1073, 
                    444
                ], 
                [
                    1074, 
                    445
                ], 
                [
                    1075, 
                    459
                ], 
                [
                    1073, 
                    469
                ], 
                [
                    1074, 
                    475
                ], 
                [
                    1075, 
                    479
                ], 
                [
                    1077, 
                    484
                ], 
                [
                    1087, 
                    484
                ]
            ]
        }, 
        {
            "label": "car", 
            "polygon": [
                [
                    1111, 
                    427
                ], 
                [
                    1109, 
                    416
                ], 
                [
                    1100, 
                    416
                ], 
                [
                    1098, 
                    419
                ], 
                [
                    1091, 
                    435
                ], 
                [
                    1087, 
                    436
                ], 
                [
                    1080, 
                    437
                ], 
                [
                    1080, 
                    442
                ], 
                [
                    1083, 
                    445
                ], 
                [
                    1082, 
                    467
                ], 
                [
                    1083, 
                    490
                ], 
                [
                    1084, 
                    492
                ], 
                [
                    1088, 
                    492
                ], 
                [
                    1092, 
                    491
                ]
            ]
        }, 
        {
            "label": "car", 
            "polygon": [
                [
                    1168, 
                    429
                ], 
                [
                    1157, 
                    415
                ], 
                [
                    1129, 
                    414
                ], 
                [
                    1112, 
                    414
                ], 
                [
                    1107, 
                    416
                ], 
                [
                    1098, 
                    433
                ], 
                [
                    1095, 
                    438
                ], 
                [
                    1091, 
                    437
                ], 
                [
                    1083, 
                    440
                ], 
                [
                    1083, 
                    448
                ], 
                [
                    1084, 
                    450
                ], 
                [
                    1092, 
                    449
                ], 
                [
                    1088, 
                    458
                ], 
                [
                    1086, 
                    473
                ], 
                [
                    1087, 
                    480
                ], 
                [
                    1091, 
                    480
                ], 
                [
                    1091, 
                    487
                ], 
                [
                    1092, 
                    495
                ], 
                [
                    1099, 
                    496
                ], 
                [
                    1107, 
                    496
                ], 
                [
                    1107, 
                    490
                ], 
                [
                    1128, 
                    490
                ]
            ]
        }, 
        {
            "label": "car", 
            "polygon": [
                [
                    1191, 
                    419
                ], 
                [
                    1176, 
                    414
                ], 
                [
                    1158, 
                    415
                ], 
                [
                    1145, 
                    429
                ], 
                [
                    1136, 
                    444
                ], 
                [
                    1128, 
                    440
                ], 
                [
                    1120, 
                    441
                ], 
                [
                    1119, 
                    449
                ], 
                [
                    1124, 
                    453
                ], 
                [
                    1129, 
                    456
                ], 
                [
                    1124, 
                    470
                ], 
                [
                    1124, 
                    480
                ], 
                [
                    1124, 
                    503
                ], 
                [
                    1124, 
                    512
                ], 
                [
                    1128, 
                    513
                ], 
                [
                    1134, 
                    515
                ], 
                [
                    1158, 
                    503
                ]
            ]
        }, 
        {
            "label": "car", 
            "polygon": [
                [
                    1224, 
                    424
                ], 
                [
                    1205, 
                    411
                ], 
                [
                    1180, 
                    411
                ], 
                [
                    1176, 
                    412
                ], 
                [
                    1163, 
                    429
                ], 
                [
                    1154, 
                    448
                ], 
                [
                    1153, 
                    449
                ], 
                [
                    1151, 
                    442
                ], 
                [
                    1134, 
                    445
                ], 
                [
                    1133, 
                    448
                ], 
                [
                    1134, 
                    456
                ], 
                [
                    1138, 
                    457
                ], 
                [
                    1149, 
                    454
                ], 
                [
                    1142, 
                    469
                ], 
                [
                    1141, 
                    479
                ], 
                [
                    1136, 
                    492
                ], 
                [
                    1134, 
                    508
                ], 
                [
                    1137, 
                    523
                ], 
                [
                    1142, 
                    528
                ], 
                [
                    1153, 
                    528
                ], 
                [
                    1153, 
                    534
                ], 
                [
                    1155, 
                    538
                ], 
                [
                    1175, 
                    538
                ]
            ]
        }, 
        {
            "label": "pole", 
            "polygon": [
                [
                    1221, 
                    66
                ], 
                [
                    1224, 
                    257
                ], 
                [
                    1227, 
                    407
                ], 
                [
                    1214, 
                    410
                ], 
                [
                    1213, 
                    289
                ], 
                [
                    1213, 
                    76
                ], 
                [
                    1129, 
                    71
                ], 
                [
                    1100, 
                    70
                ], 
                [
                    1091, 
                    71
                ], 
                [
                    1073, 
                    70
                ], 
                [
                    1070, 
                    66
                ], 
                [
                    1074, 
                    56
                ], 
                [
                    1086, 
                    54
                ], 
                [
                    1104, 
                    59
                ], 
                [
                    1172, 
                    62
                ], 
                [
                    1212, 
                    64
                ]
            ]
        }, 
        {
            "label": "pole", 
            "polygon": [
                [
                    1231, 
                    324
                ], 
                [
                    1233, 
                    407
                ], 
                [
                    1238, 
                    407
                ], 
                [
                    1235, 
                    328
                ]
            ]
        }, 
        {
            "label": "traffic sign", 
            "polygon": [
                [
                    1237, 
                    335
                ], 
                [
                    1259, 
                    370
                ], 
                [
                    1255, 
                    374
                ], 
                [
                    1210, 
                    375
                ], 
                [
                    1209, 
                    373
                ], 
                [
                    1229, 
                    333
                ], 
                [
                    1233, 
                    332
                ]
            ]
        }, 
        {
            "label": "car", 
            "polygon": [
                [
                    1296, 
                    415
                ], 
                [
                    1276, 
                    399
                ], 
                [
                    1217, 
                    403
                ], 
                [
                    1206, 
                    411
                ], 
                [
                    1193, 
                    436
                ], 
                [
                    1191, 
                    442
                ], 
                [
                    1187, 
                    437
                ], 
                [
                    1172, 
                    438
                ], 
                [
                    1167, 
                    440
                ], 
                [
                    1167, 
                    450
                ], 
                [
                    1172, 
                    456
                ], 
                [
                    1179, 
                    457
                ], 
                [
                    1184, 
                    457
                ], 
                [
                    1171, 
                    479
                ], 
                [
                    1170, 
                    512
                ], 
                [
                    1170, 
                    537
                ], 
                [
                    1174, 
                    546
                ], 
                [
                    1178, 
                    549
                ], 
                [
                    1184, 
                    549
                ], 
                [
                    1185, 
                    558
                ], 
                [
                    1192, 
                    561
                ], 
                [
                    1206, 
                    561
                ], 
                [
                    1209, 
                    557
                ], 
                [
                    1210, 
                    542
                ], 
                [
                    1213, 
                    541
                ], 
                [
                    1237, 
                    541
                ]
            ]
        }, 
        {
            "label": "person", 
            "polygon": [
                [
                    1331, 
                    393
                ], 
                [
                    1335, 
                    383
                ], 
                [
                    1342, 
                    378
                ], 
                [
                    1348, 
                    379
                ], 
                [
                    1351, 
                    386
                ], 
                [
                    1352, 
                    393
                ]
            ]
        }, 
        {
            "label": "car", 
            "polygon": [
                [
                    1430, 
                    404
                ], 
                [
                    1418, 
                    394
                ], 
                [
                    1411, 
                    391
                ], 
                [
                    1350, 
                    387
                ], 
                [
                    1298, 
                    387
                ], 
                [
                    1281, 
                    390
                ], 
                [
                    1275, 
                    395
                ], 
                [
                    1260, 
                    419
                ], 
                [
                    1252, 
                    437
                ], 
                [
                    1246, 
                    435
                ], 
                [
                    1231, 
                    436
                ], 
                [
                    1225, 
                    442
                ], 
                [
                    1224, 
                    449
                ], 
                [
                    1227, 
                    453
                ], 
                [
                    1230, 
                    454
                ], 
                [
                    1242, 
                    456
                ], 
                [
                    1235, 
                    486
                ], 
                [
                    1231, 
                    500
                ], 
                [
                    1231, 
                    508
                ], 
                [
                    1226, 
                    521
                ], 
                [
                    1225, 
                    537
                ], 
                [
                    1226, 
                    555
                ], 
                [
                    1230, 
                    565
                ], 
                [
                    1235, 
                    574
                ], 
                [
                    1246, 
                    574
                ], 
                [
                    1247, 
                    587
                ], 
                [
                    1255, 
                    592
                ], 
                [
                    1281, 
                    592
                ], 
                [
                    1288, 
                    586
                ], 
                [
                    1291, 
                    570
                ], 
                [
                    1296, 
                    565
                ], 
                [
                    1336, 
                    566
                ]
            ]
        }, 
        {
            "label": "car", 
            "polygon": [
                [
                    1493, 
                    402
                ], 
                [
                    1465, 
                    402
                ], 
                [
                    1468, 
                    394
                ], 
                [
                    1466, 
                    391
                ], 
                [
                    1449, 
                    391
                ], 
                [
                    1432, 
                    394
                ], 
                [
                    1419, 
                    398
                ], 
                [
                    1410, 
                    408
                ], 
                [
                    1394, 
                    417
                ], 
                [
                    1377, 
                    440
                ], 
                [
                    1360, 
                    469
                ], 
                [
                    1352, 
                    469
                ], 
                [
                    1327, 
                    469
                ], 
                [
                    1321, 
                    474
                ], 
                [
                    1318, 
                    478
                ], 
                [
                    1318, 
                    490
                ], 
                [
                    1323, 
                    494
                ], 
                [
                    1335, 
                    494
                ], 
                [
                    1313, 
                    524
                ], 
                [
                    1310, 
                    557
                ], 
                [
                    1310, 
                    595
                ], 
                [
                    1313, 
                    624
                ], 
                [
                    1317, 
                    631
                ], 
                [
                    1322, 
                    634
                ], 
                [
                    1343, 
                    634
                ], 
                [
                    1348, 
                    633
                ], 
                [
                    1352, 
                    622
                ], 
                [
                    1355, 
                    617
                ], 
                [
                    1361, 
                    618
                ], 
                [
                    1382, 
                    634
                ], 
                [
                    1385, 
                    658
                ], 
                [
                    1390, 
                    676
                ], 
                [
                    1398, 
                    680
                ], 
                [
                    1411, 
                    681
                ], 
                [
                    1431, 
                    681
                ], 
                [
                    1440, 
                    677
                ], 
                [
                    1448, 
                    662
                ], 
                [
                    1453, 
                    643
                ], 
                [
                    1480, 
                    651
                ], 
                [
                    1553, 
                    650
                ], 
                [
                    1595, 
                    655
                ], 
                [
                    1623, 
                    651
                ], 
                [
                    1654, 
                    655
                ], 
                [
                    1679, 
                    656
                ], 
                [
                    1683, 
                    672
                ], 
                [
                    1691, 
                    683
                ], 
                [
                    1699, 
                    689
                ], 
                [
                    1729, 
                    689
                ], 
                [
                    1737, 
                    680
                ], 
                [
                    1746, 
                    670
                ], 
                [
                    1747, 
                    647
                ], 
                [
                    1770, 
                    641
                ], 
                [
                    1770, 
                    629
                ], 
                [
                    1784, 
                    595
                ], 
                [
                    1789, 
                    582
                ], 
                [
                    1784, 
                    575
                ], 
                [
                    1780, 
                    571
                ], 
                [
                    1774, 
                    520
                ], 
                [
                    1762, 
                    480
                ], 
                [
                    1725, 
                    435
                ], 
                [
                    1691, 
                    408
                ], 
                [
                    1674, 
                    399
                ], 
                [
                    1649, 
                    395
                ], 
                [
                    1619, 
                    396
                ], 
                [
                    1604, 
                    404
                ]
            ]
        }, 
        {
            "label": "license plate", 
            "polygon": [
                [
                    1557, 
                    554
                ], 
                [
                    1679, 
                    558
                ], 
                [
                    1678, 
                    525
                ], 
                [
                    1556, 
                    524
                ]
            ]
        }, 
        {
            "label": "car", 
            "polygon": [
                [
                    1020, 
                    419
                ], 
                [
                    1008, 
                    420
                ], 
                [
                    1006, 
                    424
                ], 
                [
                    1003, 
                    431
                ], 
                [
                    1000, 
                    431
                ], 
                [
                    998, 
                    431
                ], 
                [
                    996, 
                    435
                ], 
                [
                    998, 
                    437
                ], 
                [
                    999, 
                    440
                ], 
                [
                    999, 
                    452
                ], 
                [
                    999, 
                    466
                ], 
                [
                    1000, 
                    467
                ], 
                [
                    1008, 
                    467
                ], 
                [
                    1008, 
                    463
                ], 
                [
                    1020, 
                    462
                ], 
                [
                    1032, 
                    462
                ], 
                [
                    1040, 
                    462
                ], 
                [
                    1041, 
                    463
                ], 
                [
                    1041, 
                    466
                ], 
                [
                    1042, 
                    467
                ], 
                [
                    1050, 
                    467
                ], 
                [
                    1050, 
                    449
                ], 
                [
                    1050, 
                    442
                ], 
                [
                    1049, 
                    441
                ], 
                [
                    1054, 
                    441
                ], 
                [
                    1054, 
                    435
                ], 
                [
                    1054, 
                    432
                ], 
                [
                    1052, 
                    431
                ], 
                [
                    1046, 
                    429
                ], 
                [
                    1042, 
                    421
                ], 
                [
                    1038, 
                    419
                ]
            ]
        }, 
        {
            "label": "license plate", 
            "polygon": [
                [
                    1017, 
                    457
                ], 
                [
                    1035, 
                    457
                ], 
                [
                    1035, 
                    452
                ], 
                [
                    1017, 
                    452
                ]
            ]
        }, 
        {
            "label": "car", 
            "polygon": [
                [
                    903, 
                    417
                ], 
                [
                    897, 
                    416
                ], 
                [
                    891, 
                    421
                ], 
                [
                    884, 
                    433
                ], 
                [
                    884, 
                    438
                ], 
                [
                    876, 
                    438
                ], 
                [
                    873, 
                    438
                ], 
                [
                    872, 
                    440
                ], 
                [
                    872, 
                    442
                ], 
                [
                    874, 
                    445
                ], 
                [
                    877, 
                    446
                ], 
                [
                    878, 
                    446
                ], 
                [
                    873, 
                    454
                ], 
                [
                    873, 
                    461
                ], 
                [
                    874, 
                    465
                ], 
                [
                    876, 
                    490
                ], 
                [
                    878, 
                    491
                ], 
                [
                    886, 
                    491
                ], 
                [
                    887, 
                    488
                ], 
                [
                    887, 
                    483
                ], 
                [
                    893, 
                    483
                ], 
                [
                    893, 
                    488
                ], 
                [
                    895, 
                    490
                ], 
                [
                    902, 
                    490
                ], 
                [
                    903, 
                    488
                ], 
                [
                    903, 
                    483
                ], 
                [
                    929, 
                    483
                ], 
                [
                    945, 
                    482
                ], 
                [
                    947, 
                    483
                ], 
                [
                    947, 
                    488
                ], 
                [
                    949, 
                    490
                ], 
                [
                    969, 
                    488
                ], 
                [
                    970, 
                    486
                ], 
                [
                    970, 
                    467
                ], 
                [
                    970, 
                    461
                ], 
                [
                    970, 
                    456
                ], 
                [
                    969, 
                    448
                ], 
                [
                    968, 
                    438
                ], 
                [
                    960, 
                    424
                ], 
                [
                    954, 
                    420
                ], 
                [
                    949, 
                    417
                ], 
                [
                    945, 
                    417
                ], 
                [
                    941, 
                    417
                ]
            ]
        }, 
        {
            "label": "license plate", 
            "polygon": [
                [
                    901, 
                    474
                ], 
                [
                    927, 
                    474
                ], 
                [
                    927, 
                    465
                ], 
                [
                    901, 
                    465
                ], 
                [
                    899, 
                    465
                ], 
                [
                    899, 
                    470
                ], 
                [
                    899, 
                    471
                ], 
                [
                    899, 
                    473
                ]
            ]
        }, 
        {
            "label": "car", 
            "polygon": [
                [
                    813, 
                    429
                ], 
                [
                    823, 
                    425
                ], 
                [
                    843, 
                    425
                ], 
                [
                    847, 
                    428
                ], 
                [
                    853, 
                    437
                ], 
                [
                    860, 
                    437
                ], 
                [
                    863, 
                    438
                ], 
                [
                    864, 
                    441
                ], 
                [
                    863, 
                    445
                ], 
                [
                    860, 
                    445
                ], 
                [
                    864, 
                    454
                ], 
                [
                    865, 
                    457
                ], 
                [
                    865, 
                    477
                ], 
                [
                    864, 
                    479
                ], 
                [
                    860, 
                    479
                ], 
                [
                    860, 
                    480
                ], 
                [
                    853, 
                    480
                ], 
                [
                    851, 
                    480
                ], 
                [
                    849, 
                    479
                ], 
                [
                    849, 
                    475
                ], 
                [
                    832, 
                    475
                ]
            ]
        }, 
        {
            "label": "static", 
            "polygon": [
                [
                    771, 
                    428
                ], 
                [
                    771, 
                    408
                ], 
                [
                    800, 
                    408
                ], 
                [
                    800, 
                    425
                ]
            ]
        }, 
        {
            "label": "car", 
            "polygon": [
                [
                    772, 
                    435
                ], 
                [
                    793, 
                    421
                ], 
                [
                    807, 
                    421
                ], 
                [
                    807, 
                    419
                ], 
                [
                    810, 
                    417
                ], 
                [
                    814, 
                    417
                ], 
                [
                    823, 
                    423
                ], 
                [
                    830, 
                    437
                ], 
                [
                    835, 
                    437
                ], 
                [
                    838, 
                    440
                ], 
                [
                    838, 
                    487
                ], 
                [
                    836, 
                    490
                ], 
                [
                    828, 
                    490
                ], 
                [
                    824, 
                    490
                ], 
                [
                    824, 
                    488
                ], 
                [
                    824, 
                    483
                ], 
                [
                    806, 
                    483
                ]
            ]
        }, 
        {
            "label": "car", 
            "polygon": [
                [
                    767, 
                    419
                ], 
                [
                    786, 
                    419
                ], 
                [
                    792, 
                    419
                ], 
                [
                    796, 
                    425
                ], 
                [
                    802, 
                    438
                ], 
                [
                    803, 
                    440
                ], 
                [
                    807, 
                    440
                ], 
                [
                    809, 
                    442
                ], 
                [
                    809, 
                    446
                ], 
                [
                    806, 
                    449
                ], 
                [
                    806, 
                    454
                ], 
                [
                    811, 
                    463
                ], 
                [
                    811, 
                    486
                ], 
                [
                    811, 
                    490
                ], 
                [
                    810, 
                    494
                ], 
                [
                    803, 
                    494
                ], 
                [
                    801, 
                    496
                ], 
                [
                    798, 
                    498
                ], 
                [
                    790, 
                    498
                ], 
                [
                    789, 
                    495
                ], 
                [
                    789, 
                    492
                ], 
                [
                    740, 
                    494
                ], 
                [
                    739, 
                    498
                ], 
                [
                    736, 
                    500
                ], 
                [
                    731, 
                    500
                ], 
                [
                    727, 
                    500
                ], 
                [
                    721, 
                    499
                ], 
                [
                    721, 
                    448
                ], 
                [
                    721, 
                    444
                ], 
                [
                    726, 
                    431
                ], 
                [
                    730, 
                    424
                ], 
                [
                    733, 
                    421
                ], 
                [
                    748, 
                    420
                ]
            ]
        }, 
        {
            "label": "license plate", 
            "polygon": [
                [
                    740, 
                    482
                ], 
                [
                    769, 
                    482
                ], 
                [
                    769, 
                    473
                ], 
                [
                    769, 
                    471
                ], 
                [
                    742, 
                    471
                ], 
                [
                    738, 
                    471
                ], 
                [
                    738, 
                    478
                ], 
                [
                    738, 
                    480
                ], 
                [
                    738, 
                    482
                ]
            ]
        }, 
        {
            "label": "car", 
            "polygon": [
                [
                    668, 
                    420
                ], 
                [
                    688, 
                    414
                ], 
                [
                    693, 
                    414
                ], 
                [
                    700, 
                    415
                ], 
                [
                    705, 
                    417
                ], 
                [
                    708, 
                    424
                ], 
                [
                    717, 
                    437
                ], 
                [
                    718, 
                    440
                ], 
                [
                    722, 
                    442
                ], 
                [
                    725, 
                    445
                ], 
                [
                    726, 
                    448
                ], 
                [
                    726, 
                    450
                ], 
                [
                    726, 
                    453
                ], 
                [
                    725, 
                    454
                ], 
                [
                    727, 
                    471
                ], 
                [
                    727, 
                    479
                ], 
                [
                    729, 
                    513
                ], 
                [
                    727, 
                    521
                ], 
                [
                    722, 
                    523
                ], 
                [
                    714, 
                    523
                ]
            ]
        }, 
        {
            "label": "car", 
            "polygon": [
                [
                    551, 
                    425
                ], 
                [
                    565, 
                    404
                ], 
                [
                    568, 
                    402
                ], 
                [
                    608, 
                    399
                ], 
                [
                    677, 
                    399
                ], 
                [
                    684, 
                    403
                ], 
                [
                    702, 
                    432
                ], 
                [
                    708, 
                    446
                ], 
                [
                    710, 
                    457
                ], 
                [
                    714, 
                    463
                ], 
                [
                    717, 
                    470
                ], 
                [
                    715, 
                    480
                ], 
                [
                    715, 
                    499
                ], 
                [
                    717, 
                    512
                ], 
                [
                    717, 
                    529
                ], 
                [
                    714, 
                    534
                ], 
                [
                    698, 
                    536
                ], 
                [
                    696, 
                    529
                ], 
                [
                    693, 
                    530
                ], 
                [
                    693, 
                    540
                ], 
                [
                    691, 
                    544
                ], 
                [
                    673, 
                    545
                ], 
                [
                    670, 
                    545
                ], 
                [
                    667, 
                    534
                ], 
                [
                    667, 
                    532
                ], 
                [
                    652, 
                    533
                ], 
                [
                    651, 
                    536
                ], 
                [
                    641, 
                    537
                ], 
                [
                    638, 
                    534
                ], 
                [
                    610, 
                    534
                ]
            ]
        }, 
        {
            "label": "static", 
            "polygon": [
                [
                    536, 
                    330
                ], 
                [
                    528, 
                    337
                ], 
                [
                    525, 
                    341
                ], 
                [
                    524, 
                    347
                ], 
                [
                    524, 
                    364
                ], 
                [
                    528, 
                    370
                ], 
                [
                    534, 
                    377
                ], 
                [
                    541, 
                    377
                ], 
                [
                    549, 
                    372
                ], 
                [
                    553, 
                    364
                ], 
                [
                    554, 
                    349
                ], 
                [
                    551, 
                    339
                ], 
                [
                    546, 
                    331
                ], 
                [
                    542, 
                    330
                ]
            ]
        }, 
        {
            "label": "pole", 
            "polygon": [
                [
                    538, 
                    332
                ], 
                [
                    534, 
                    415
                ], 
                [
                    537, 
                    417
                ], 
                [
                    542, 
                    416
                ], 
                [
                    545, 
                    332
                ]
            ]
        }, 
        {
            "label": "car", 
            "polygon": [
                [
                    511, 
                    424
                ], 
                [
                    528, 
                    414
                ], 
                [
                    532, 
                    412
                ], 
                [
                    579, 
                    414
                ], 
                [
                    586, 
                    420
                ], 
                [
                    603, 
                    442
                ], 
                [
                    610, 
                    450
                ], 
                [
                    614, 
                    456
                ], 
                [
                    620, 
                    473
                ], 
                [
                    620, 
                    482
                ], 
                [
                    622, 
                    494
                ], 
                [
                    624, 
                    501
                ], 
                [
                    626, 
                    509
                ], 
                [
                    625, 
                    517
                ], 
                [
                    622, 
                    517
                ], 
                [
                    624, 
                    538
                ], 
                [
                    621, 
                    553
                ], 
                [
                    616, 
                    555
                ], 
                [
                    601, 
                    557
                ], 
                [
                    599, 
                    554
                ], 
                [
                    596, 
                    549
                ], 
                [
                    595, 
                    542
                ], 
                [
                    588, 
                    545
                ], 
                [
                    588, 
                    562
                ], 
                [
                    587, 
                    570
                ], 
                [
                    584, 
                    572
                ], 
                [
                    580, 
                    574
                ], 
                [
                    551, 
                    576
                ]
            ]
        }, 
        {
            "label": "car", 
            "polygon": [
                [
                    278, 
                    414
                ], 
                [
                    298, 
                    396
                ], 
                [
                    311, 
                    390
                ], 
                [
                    318, 
                    381
                ], 
                [
                    326, 
                    377
                ], 
                [
                    351, 
                    379
                ], 
                [
                    365, 
                    381
                ], 
                [
                    369, 
                    383
                ], 
                [
                    427, 
                    381
                ], 
                [
                    465, 
                    381
                ], 
                [
                    469, 
                    375
                ], 
                [
                    477, 
                    374
                ], 
                [
                    487, 
                    375
                ], 
                [
                    499, 
                    382
                ], 
                [
                    515, 
                    391
                ], 
                [
                    530, 
                    407
                ], 
                [
                    537, 
                    421
                ], 
                [
                    545, 
                    442
                ], 
                [
                    553, 
                    456
                ], 
                [
                    557, 
                    465
                ], 
                [
                    558, 
                    494
                ], 
                [
                    561, 
                    504
                ], 
                [
                    561, 
                    533
                ], 
                [
                    562, 
                    567
                ], 
                [
                    562, 
                    578
                ], 
                [
                    558, 
                    588
                ], 
                [
                    542, 
                    591
                ], 
                [
                    529, 
                    592
                ], 
                [
                    525, 
                    589
                ], 
                [
                    521, 
                    579
                ], 
                [
                    519, 
                    576
                ], 
                [
                    507, 
                    580
                ], 
                [
                    503, 
                    608
                ], 
                [
                    498, 
                    617
                ], 
                [
                    477, 
                    620
                ], 
                [
                    467, 
                    620
                ], 
                [
                    463, 
                    610
                ], 
                [
                    461, 
                    597
                ], 
                [
                    461, 
                    595
                ], 
                [
                    361, 
                    599
                ]
            ]
        }, 
        {
            "label": "car", 
            "polygon": [
                [
                    0, 
                    402
                ], 
                [
                    0, 
                    692
                ], 
                [
                    106, 
                    689
                ], 
                [
                    143, 
                    687
                ], 
                [
                    154, 
                    684
                ], 
                [
                    158, 
                    683
                ], 
                [
                    160, 
                    698
                ], 
                [
                    167, 
                    706
                ], 
                [
                    176, 
                    710
                ], 
                [
                    213, 
                    705
                ], 
                [
                    227, 
                    700
                ], 
                [
                    236, 
                    684
                ], 
                [
                    243, 
                    666
                ], 
                [
                    245, 
                    650
                ], 
                [
                    318, 
                    628
                ], 
                [
                    320, 
                    641
                ], 
                [
                    326, 
                    650
                ], 
                [
                    331, 
                    655
                ], 
                [
                    352, 
                    654
                ], 
                [
                    361, 
                    651
                ], 
                [
                    368, 
                    639
                ], 
                [
                    374, 
                    620
                ], 
                [
                    377, 
                    604
                ], 
                [
                    373, 
                    575
                ], 
                [
                    372, 
                    566
                ], 
                [
                    372, 
                    541
                ], 
                [
                    362, 
                    516
                ], 
                [
                    354, 
                    505
                ], 
                [
                    349, 
                    483
                ], 
                [
                    349, 
                    473
                ], 
                [
                    343, 
                    449
                ], 
                [
                    327, 
                    419
                ], 
                [
                    315, 
                    407
                ], 
                [
                    297, 
                    395
                ], 
                [
                    255, 
                    390
                ], 
                [
                    223, 
                    389
                ], 
                [
                    159, 
                    389
                ], 
                [
                    91, 
                    391
                ], 
                [
                    22, 
                    395
                ], 
                [
                    8, 
                    396
                ]
            ]
        }, 
        {
            "label": "license plate", 
            "polygon": [
                [
                    0, 
                    639
                ], 
                [
                    55, 
                    637
                ], 
                [
                    55, 
                    609
                ], 
                [
                    0, 
                    610
                ]
            ]
        }, 
        {
            "label": "pole", 
            "polygon": [
                [
                    1016, 
                    295
                ], 
                [
                    1025, 
                    294
                ], 
                [
                    1067, 
                    294
                ], 
                [
                    1071, 
                    445
                ], 
                [
                    1069, 
                    449
                ], 
                [
                    1070, 
                    454
                ], 
                [
                    1077, 
                    454
                ], 
                [
                    1071, 
                    286
                ], 
                [
                    1067, 
                    286
                ], 
                [
                    1023, 
                    285
                ], 
                [
                    1016, 
                    285
                ], 
                [
                    1013, 
                    288
                ], 
                [
                    1012, 
                    290
                ], 
                [
                    1013, 
                    293
                ]
            ]
        }, 
        {
            "label": "static", 
            "polygon": [
                [
                    1102, 
                    59
                ], 
                [
                    1100, 
                    70
                ], 
                [
                    1100, 
                    70
                ], 
                [
                    1091, 
                    71
                ], 
                [
                    1073, 
                    70
                ], 
                [
                    1070, 
                    66
                ], 
                [
                    1074, 
                    56
                ], 
                [
                    1086, 
                    54
                ], 
                [
                    1102, 
                    59
                ]
            ]
        }, 
        {
            "label": "ego vehicle", 
            "polygon": [
                [
                    271, 
                    1023
                ], 
                [
                    387, 
                    1009
                ], 
                [
                    549, 
                    993
                ], 
                [
                    821, 
                    966
                ], 
                [
                    1082, 
                    950
                ], 
                [
                    1142, 
                    947
                ], 
                [
                    1112, 
                    932
                ], 
                [
                    1096, 
                    896
                ], 
                [
                    1108, 
                    861
                ], 
                [
                    1137, 
                    844
                ], 
                [
                    1175, 
                    844
                ], 
                [
                    1204, 
                    867
                ], 
                [
                    1209, 
                    897
                ], 
                [
                    1195, 
                    931
                ], 
                [
                    1161, 
                    945
                ], 
                [
                    1376, 
                    957
                ], 
                [
                    1654, 
                    977
                ], 
                [
                    1883, 
                    1002
                ], 
                [
                    2028, 
                    1023
                ]
            ]
        }, 
        {
            "label": "out of roi", 
            "polygon": [
                [
                    0, 
                    0
                ], 
                [
                    2048, 
                    0
                ], 
                [
                    2048, 
                    1024
                ], 
                [
                    0, 
                    1024
                ], 
                [
                    0, 
                    0
                ], 
                [
                    5, 
                    5
                ], 
                [
                    5, 
                    1019
                ], 
                [
                    2043, 
                    1019
                ], 
                [
                    2043, 
                    5
                ], 
                [
                    5, 
                    5
                ]
            ]
        }
    ]
}