{
    "imgHeight": 1024, 
    "imgWidth": 2048, 
    "objects": [
        {
            "label": "sky", 
            "polygon": [
                [
                    593, 
                    0
                ], 
                [
                    671, 
                    192
                ], 
                [
                    882, 
                    260
                ], 
                [
                    1035, 
                    215
                ], 
                [
                    1032, 
                    0
                ]
            ]
        }, 
        {
            "label": "road", 
            "polygon": [
                [
                    0, 
                    657
                ], 
                [
                    763, 
                    434
                ], 
                [
                    1118, 
                    439
                ], 
                [
                    2047, 
                    747
                ], 
                [
                    2047, 
                    1023
                ], 
                [
                    1592, 
                    1023
                ], 
                [
                    1586, 
                    1023
                ], 
                [
                    0, 
                    1023
                ]
            ]
        }, 
        {
            "label": "sidewalk", 
            "polygon": [
                [
                    1633, 
                    1023
                ], 
                [
                    1525, 
                    973
                ], 
                [
                    997, 
                    556
                ], 
                [
                    929, 
                    513
                ], 
                [
                    898, 
                    499
                ], 
                [
                    894, 
                    492
                ], 
                [
                    909, 
                    483
                ], 
                [
                    935, 
                    479
                ], 
                [
                    1038, 
                    438
                ], 
                [
                    1118, 
                    439
                ], 
                [
                    2047, 
                    747
                ], 
                [
                    2047, 
                    1023
                ], 
                [
                    1633, 
                    1023
                ]
            ]
        }, 
        {
            "label": "sidewalk", 
            "polygon": [
                [
                    0, 
                    970
                ], 
                [
                    660, 
                    553
                ], 
                [
                    733, 
                    443
                ], 
                [
                    0, 
                    657
                ], 
                [
                    0, 
                    970
                ]
            ]
        }, 
        {
            "label": "building", 
            "polygon": [
                [
                    651, 
                    124
                ], 
                [
                    647, 
                    127
                ], 
                [
                    659, 
                    130
                ], 
                [
                    663, 
                    130
                ], 
                [
                    720, 
                    127
                ], 
                [
                    720, 
                    120
                ], 
                [
                    770, 
                    119
                ], 
                [
                    777, 
                    121
                ], 
                [
                    780, 
                    122
                ], 
                [
                    778, 
                    125
                ], 
                [
                    781, 
                    130
                ], 
                [
                    789, 
                    130
                ], 
                [
                    795, 
                    131
                ], 
                [
                    804, 
                    133
                ], 
                [
                    815, 
                    135
                ], 
                [
                    814, 
                    150
                ], 
                [
                    825, 
                    164
                ], 
                [
                    826, 
                    167
                ], 
                [
                    834, 
                    168
                ], 
                [
                    831, 
                    171
                ], 
                [
                    828, 
                    172
                ], 
                [
                    827, 
                    193
                ], 
                [
                    856, 
                    194
                ], 
                [
                    858, 
                    195
                ], 
                [
                    860, 
                    191
                ], 
                [
                    861, 
                    187
                ], 
                [
                    863, 
                    193
                ], 
                [
                    865, 
                    195
                ], 
                [
                    867, 
                    196
                ], 
                [
                    883, 
                    199
                ], 
                [
                    883, 
                    207
                ], 
                [
                    925, 
                    208
                ], 
                [
                    925, 
                    197
                ], 
                [
                    952, 
                    197
                ], 
                [
                    953, 
                    205
                ], 
                [
                    956, 
                    205
                ], 
                [
                    955, 
                    182
                ], 
                [
                    953, 
                    180
                ], 
                [
                    952, 
                    153
                ], 
                [
                    949, 
                    150
                ], 
                [
                    948, 
                    149
                ], 
                [
                    927, 
                    148
                ], 
                [
                    927, 
                    141
                ], 
                [
                    950, 
                    141
                ], 
                [
                    950, 
                    103
                ], 
                [
                    950, 
                    81
                ], 
                [
                    947, 
                    74
                ], 
                [
                    942, 
                    66
                ], 
                [
                    946, 
                    4
                ], 
                [
                    944, 
                    0
                ], 
                [
                    2047, 
                    0
                ], 
                [
                    2047, 
                    777
                ], 
                [
                    1980, 
                    760
                ], 
                [
                    1706, 
                    686
                ], 
                [
                    1679, 
                    688
                ], 
                [
                    1633, 
                    678
                ], 
                [
                    1515, 
                    643
                ], 
                [
                    1306, 
                    564
                ], 
                [
                    1179, 
                    546
                ], 
                [
                    1173, 
                    539
                ], 
                [
                    1173, 
                    519
                ], 
                [
                    1087, 
                    500
                ], 
                [
                    1083, 
                    490
                ], 
                [
                    1005, 
                    493
                ], 
                [
                    971, 
                    483
                ], 
                [
                    950, 
                    447
                ], 
                [
                    941, 
                    453
                ], 
                [
                    934, 
                    460
                ], 
                [
                    867, 
                    460
                ], 
                [
                    816, 
                    460
                ], 
                [
                    694, 
                    459
                ], 
                [
                    448, 
                    551
                ], 
                [
                    363, 
                    578
                ], 
                [
                    350, 
                    578
                ], 
                [
                    282, 
                    599
                ], 
                [
                    0, 
                    668
                ], 
                [
                    0, 
                    0
                ], 
                [
                    657, 
                    0
                ], 
                [
                    654, 
                    17
                ], 
                [
                    656, 
                    28
                ], 
                [
                    669, 
                    31
                ], 
                [
                    670, 
                    36
                ], 
                [
                    672, 
                    64
                ], 
                [
                    674, 
                    69
                ], 
                [
                    672, 
                    70
                ], 
                [
                    672, 
                    96
                ], 
                [
                    668, 
                    97
                ], 
                [
                    667, 
                    94
                ], 
                [
                    645, 
                    93
                ], 
                [
                    644, 
                    97
                ], 
                [
                    650, 
                    98
                ], 
                [
                    649, 
                    107
                ], 
                [
                    656, 
                    108
                ], 
                [
                    658, 
                    114
                ], 
                [
                    657, 
                    125
                ]
            ]
        }, 
        {
            "label": "static", 
            "polygon": [
                [
                    889, 
                    441
                ], 
                [
                    885, 
                    441
                ], 
                [
                    881, 
                    447
                ], 
                [
                    879, 
                    451
                ], 
                [
                    879, 
                    467
                ], 
                [
                    885, 
                    467
                ], 
                [
                    890, 
                    467
                ], 
                [
                    892, 
                    467
                ], 
                [
                    893, 
                    467
                ], 
                [
                    893, 
                    463
                ], 
                [
                    897, 
                    463
                ], 
                [
                    897, 
                    467
                ], 
                [
                    900, 
                    468
                ], 
                [
                    900, 
                    470
                ], 
                [
                    903, 
                    470
                ], 
                [
                    903, 
                    461
                ], 
                [
                    907, 
                    461
                ], 
                [
                    912, 
                    461
                ], 
                [
                    911, 
                    440
                ], 
                [
                    899, 
                    440
                ], 
                [
                    894, 
                    440
                ]
            ]
        }, 
        {
            "label": "traffic sign", 
            "polygon": [
                [
                    901, 
                    413
                ], 
                [
                    924, 
                    413
                ], 
                [
                    924, 
                    451
                ], 
                [
                    901, 
                    451
                ]
            ]
        }, 
        {
            "label": "pole", 
            "polygon": [
                [
                    914, 
                    472
                ], 
                [
                    914, 
                    444
                ], 
                [
                    918, 
                    447
                ], 
                [
                    918, 
                    473
                ]
            ]
        }, 
        {
            "label": "static", 
            "polygon": [
                [
                    921, 
                    455
                ], 
                [
                    930, 
                    455
                ], 
                [
                    932, 
                    460
                ], 
                [
                    932, 
                    463
                ], 
                [
                    921, 
                    463
                ]
            ]
        }, 
        {
            "label": "traffic sign", 
            "polygon": [
                [
                    934, 
                    382
                ], 
                [
                    956, 
                    382
                ], 
                [
                    956, 
                    397
                ], 
                [
                    956, 
                    398
                ], 
                [
                    934, 
                    398
                ]
            ]
        }, 
        {
            "label": "traffic sign", 
            "polygon": [
                [
                    972, 
                    361
                ], 
                [
                    971, 
                    356
                ], 
                [
                    968, 
                    353
                ], 
                [
                    966, 
                    351
                ], 
                [
                    963, 
                    351
                ], 
                [
                    960, 
                    353
                ], 
                [
                    959, 
                    356
                ], 
                [
                    959, 
                    363
                ], 
                [
                    959, 
                    366
                ], 
                [
                    960, 
                    369
                ], 
                [
                    962, 
                    370
                ], 
                [
                    965, 
                    370
                ], 
                [
                    967, 
                    368
                ], 
                [
                    970, 
                    366
                ]
            ]
        }, 
        {
            "label": "person", 
            "polygon": [
                [
                    935, 
                    488
                ], 
                [
                    934, 
                    484
                ], 
                [
                    934, 
                    467
                ], 
                [
                    932, 
                    461
                ], 
                [
                    932, 
                    459
                ], 
                [
                    932, 
                    456
                ], 
                [
                    931, 
                    455
                ], 
                [
                    930, 
                    454
                ], 
                [
                    929, 
                    449
                ], 
                [
                    929, 
                    442
                ], 
                [
                    929, 
                    436
                ], 
                [
                    934, 
                    432
                ], 
                [
                    935, 
                    430
                ], 
                [
                    934, 
                    428
                ], 
                [
                    934, 
                    425
                ], 
                [
                    935, 
                    424
                ], 
                [
                    936, 
                    422
                ], 
                [
                    939, 
                    420
                ], 
                [
                    943, 
                    420
                ], 
                [
                    946, 
                    422
                ], 
                [
                    947, 
                    429
                ], 
                [
                    947, 
                    450
                ], 
                [
                    948, 
                    455
                ], 
                [
                    947, 
                    461
                ], 
                [
                    947, 
                    468
                ], 
                [
                    946, 
                    483
                ], 
                [
                    948, 
                    484
                ], 
                [
                    948, 
                    485
                ], 
                [
                    947, 
                    486
                ], 
                [
                    943, 
                    486
                ], 
                [
                    942, 
                    485
                ], 
                [
                    941, 
                    485
                ], 
                [
                    940, 
                    485
                ], 
                [
                    938, 
                    487
                ]
            ]
        }, 
        {
            "label": "person", 
            "polygon": [
                [
                    953, 
                    406
                ], 
                [
                    959, 
                    405
                ], 
                [
                    962, 
                    406
                ], 
                [
                    964, 
                    407
                ], 
                [
                    965, 
                    411
                ], 
                [
                    965, 
                    414
                ], 
                [
                    965, 
                    416
                ], 
                [
                    965, 
                    418
                ], 
                [
                    970, 
                    420
                ], 
                [
                    974, 
                    423
                ], 
                [
                    975, 
                    427
                ], 
                [
                    976, 
                    434
                ], 
                [
                    977, 
                    437
                ], 
                [
                    978, 
                    439
                ], 
                [
                    979, 
                    443
                ], 
                [
                    982, 
                    453
                ], 
                [
                    980, 
                    462
                ], 
                [
                    978, 
                    458
                ], 
                [
                    977, 
                    456
                ], 
                [
                    975, 
                    451
                ], 
                [
                    974, 
                    448
                ], 
                [
                    973, 
                    446
                ], 
                [
                    974, 
                    455
                ], 
                [
                    974, 
                    463
                ], 
                [
                    972, 
                    465
                ], 
                [
                    972, 
                    478
                ], 
                [
                    970, 
                    480
                ], 
                [
                    967, 
                    496
                ], 
                [
                    966, 
                    500
                ], 
                [
                    966, 
                    502
                ], 
                [
                    966, 
                    507
                ], 
                [
                    967, 
                    508
                ], 
                [
                    967, 
                    509
                ], 
                [
                    966, 
                    510
                ], 
                [
                    961, 
                    510
                ], 
                [
                    960, 
                    507
                ], 
                [
                    960, 
                    505
                ], 
                [
                    961, 
                    473
                ], 
                [
                    960, 
                    474
                ], 
                [
                    958, 
                    507
                ], 
                [
                    958, 
                    509
                ], 
                [
                    954, 
                    510
                ], 
                [
                    949, 
                    509
                ], 
                [
                    949, 
                    508
                ], 
                [
                    951, 
                    507
                ], 
                [
                    951, 
                    504
                ], 
                [
                    949, 
                    504
                ], 
                [
                    950, 
                    465
                ], 
                [
                    950, 
                    463
                ], 
                [
                    948, 
                    460
                ], 
                [
                    946, 
                    455
                ], 
                [
                    943, 
                    451
                ], 
                [
                    942, 
                    449
                ], 
                [
                    941, 
                    448
                ], 
                [
                    941, 
                    432
                ], 
                [
                    944, 
                    425
                ], 
                [
                    949, 
                    422
                ], 
                [
                    952, 
                    418
                ], 
                [
                    952, 
                    413
                ], 
                [
                    952, 
                    410
                ]
            ]
        }, 
        {
            "label": "person", 
            "polygon": [
                [
                    989, 
                    426
                ], 
                [
                    989, 
                    422
                ], 
                [
                    987, 
                    419
                ], 
                [
                    987, 
                    416
                ], 
                [
                    989, 
                    412
                ], 
                [
                    991, 
                    410
                ], 
                [
                    996, 
                    409
                ], 
                [
                    999, 
                    410
                ], 
                [
                    1001, 
                    412
                ], 
                [
                    1002, 
                    415
                ], 
                [
                    1002, 
                    419
                ], 
                [
                    1001, 
                    423
                ], 
                [
                    1000, 
                    425
                ], 
                [
                    1003, 
                    427
                ], 
                [
                    1005, 
                    428
                ], 
                [
                    1009, 
                    430
                ], 
                [
                    1010, 
                    431
                ], 
                [
                    1011, 
                    436
                ], 
                [
                    1012, 
                    440
                ], 
                [
                    1013, 
                    442
                ], 
                [
                    1014, 
                    447
                ], 
                [
                    1013, 
                    452
                ], 
                [
                    1012, 
                    459
                ], 
                [
                    1010, 
                    459
                ], 
                [
                    1010, 
                    471
                ], 
                [
                    1008, 
                    472
                ], 
                [
                    1008, 
                    489
                ], 
                [
                    1007, 
                    497
                ], 
                [
                    1005, 
                    500
                ], 
                [
                    1005, 
                    502
                ], 
                [
                    1007, 
                    507
                ], 
                [
                    1007, 
                    509
                ], 
                [
                    1000, 
                    509
                ], 
                [
                    1000, 
                    507
                ], 
                [
                    999, 
                    502
                ], 
                [
                    998, 
                    488
                ], 
                [
                    998, 
                    485
                ], 
                [
                    997, 
                    488
                ], 
                [
                    996, 
                    496
                ], 
                [
                    995, 
                    499
                ], 
                [
                    995, 
                    502
                ], 
                [
                    995, 
                    508
                ], 
                [
                    990, 
                    508
                ], 
                [
                    989, 
                    505
                ], 
                [
                    987, 
                    504
                ], 
                [
                    986, 
                    502
                ], 
                [
                    986, 
                    500
                ], 
                [
                    987, 
                    500
                ], 
                [
                    988, 
                    499
                ], 
                [
                    986, 
                    478
                ], 
                [
                    985, 
                    476
                ], 
                [
                    984, 
                    472
                ], 
                [
                    982, 
                    470
                ], 
                [
                    980, 
                    468
                ], 
                [
                    979, 
                    467
                ], 
                [
                    977, 
                    466
                ], 
                [
                    976, 
                    465
                ], 
                [
                    976, 
                    464
                ], 
                [
                    975, 
                    463
                ], 
                [
                    975, 
                    460
                ], 
                [
                    976, 
                    458
                ], 
                [
                    978, 
                    449
                ], 
                [
                    980, 
                    440
                ], 
                [
                    983, 
                    435
                ], 
                [
                    983, 
                    434
                ], 
                [
                    985, 
                    431
                ], 
                [
                    986, 
                    430
                ], 
                [
                    987, 
                    429
                ], 
                [
                    988, 
                    429
                ], 
                [
                    988, 
                    428
                ]
            ]
        }, 
        {
            "label": "static", 
            "polygon": [
                [
                    801, 
                    373
                ], 
                [
                    817, 
                    373
                ], 
                [
                    818, 
                    371
                ], 
                [
                    818, 
                    393
                ], 
                [
                    815, 
                    395
                ], 
                [
                    802, 
                    395
                ]
            ]
        }, 
        {
            "label": "vegetation", 
            "polygon": [
                [
                    693, 
                    409
                ], 
                [
                    685, 
                    389
                ], 
                [
                    685, 
                    379
                ], 
                [
                    682, 
                    373
                ], 
                [
                    678, 
                    373
                ], 
                [
                    670, 
                    368
                ], 
                [
                    668, 
                    365
                ], 
                [
                    666, 
                    361
                ], 
                [
                    662, 
                    358
                ], 
                [
                    661, 
                    356
                ], 
                [
                    658, 
                    356
                ], 
                [
                    654, 
                    355
                ], 
                [
                    649, 
                    349
                ], 
                [
                    678, 
                    345
                ], 
                [
                    673, 
                    334
                ], 
                [
                    654, 
                    327
                ], 
                [
                    654, 
                    320
                ], 
                [
                    679, 
                    321
                ], 
                [
                    679, 
                    280
                ], 
                [
                    675, 
                    253
                ], 
                [
                    674, 
                    218
                ], 
                [
                    675, 
                    211
                ], 
                [
                    674, 
                    180
                ], 
                [
                    672, 
                    168
                ], 
                [
                    670, 
                    162
                ], 
                [
                    668, 
                    163
                ], 
                [
                    666, 
                    149
                ], 
                [
                    665, 
                    142
                ], 
                [
                    665, 
                    134
                ], 
                [
                    672, 
                    136
                ], 
                [
                    680, 
                    142
                ], 
                [
                    687, 
                    154
                ], 
                [
                    682, 
                    156
                ], 
                [
                    679, 
                    150
                ], 
                [
                    678, 
                    159
                ], 
                [
                    681, 
                    170
                ], 
                [
                    682, 
                    176
                ], 
                [
                    683, 
                    184
                ], 
                [
                    687, 
                    186
                ], 
                [
                    691, 
                    188
                ], 
                [
                    695, 
                    190
                ], 
                [
                    702, 
                    192
                ], 
                [
                    712, 
                    196
                ], 
                [
                    717, 
                    204
                ], 
                [
                    716, 
                    211
                ], 
                [
                    719, 
                    210
                ], 
                [
                    723, 
                    207
                ], 
                [
                    726, 
                    211
                ], 
                [
                    729, 
                    212
                ], 
                [
                    734, 
                    218
                ], 
                [
                    735, 
                    225
                ], 
                [
                    739, 
                    228
                ], 
                [
                    742, 
                    236
                ], 
                [
                    748, 
                    237
                ], 
                [
                    754, 
                    239
                ], 
                [
                    758, 
                    244
                ], 
                [
                    764, 
                    244
                ], 
                [
                    767, 
                    252
                ], 
                [
                    770, 
                    259
                ], 
                [
                    765, 
                    266
                ], 
                [
                    769, 
                    271
                ], 
                [
                    764, 
                    280
                ], 
                [
                    756, 
                    283
                ], 
                [
                    754, 
                    289
                ], 
                [
                    756, 
                    296
                ], 
                [
                    759, 
                    301
                ], 
                [
                    766, 
                    304
                ], 
                [
                    770, 
                    298
                ], 
                [
                    776, 
                    296
                ], 
                [
                    778, 
                    296
                ], 
                [
                    777, 
                    303
                ], 
                [
                    764, 
                    310
                ], 
                [
                    758, 
                    313
                ], 
                [
                    756, 
                    320
                ], 
                [
                    747, 
                    321
                ], 
                [
                    744, 
                    325
                ], 
                [
                    742, 
                    330
                ], 
                [
                    747, 
                    330
                ], 
                [
                    751, 
                    336
                ], 
                [
                    754, 
                    336
                ], 
                [
                    755, 
                    340
                ], 
                [
                    752, 
                    342
                ], 
                [
                    746, 
                    345
                ], 
                [
                    742, 
                    348
                ], 
                [
                    743, 
                    352
                ], 
                [
                    734, 
                    352
                ], 
                [
                    732, 
                    355
                ], 
                [
                    729, 
                    362
                ], 
                [
                    724, 
                    365
                ], 
                [
                    718, 
                    365
                ], 
                [
                    709, 
                    380
                ], 
                [
                    705, 
                    407
                ]
            ]
        }, 
        {
            "label": "car", 
            "polygon": [
                [
                    646, 
                    399
                ], 
                [
                    654, 
                    392
                ], 
                [
                    728, 
                    389
                ], 
                [
                    737, 
                    389
                ], 
                [
                    743, 
                    392
                ], 
                [
                    753, 
                    434
                ], 
                [
                    764, 
                    474
                ], 
                [
                    765, 
                    512
                ], 
                [
                    765, 
                    521
                ], 
                [
                    744, 
                    523
                ], 
                [
                    744, 
                    510
                ], 
                [
                    667, 
                    511
                ], 
                [
                    648, 
                    427
                ]
            ]
        }, 
        {
            "label": "person", 
            "polygon": [
                [
                    755, 
                    420
                ], 
                [
                    756, 
                    410
                ], 
                [
                    759, 
                    403
                ], 
                [
                    765, 
                    402
                ], 
                [
                    769, 
                    402
                ], 
                [
                    771, 
                    402
                ], 
                [
                    777, 
                    409
                ], 
                [
                    780, 
                    422
                ], 
                [
                    777, 
                    481
                ], 
                [
                    781, 
                    513
                ], 
                [
                    772, 
                    511
                ], 
                [
                    770, 
                    503
                ], 
                [
                    769, 
                    497
                ], 
                [
                    769, 
                    487
                ], 
                [
                    766, 
                    489
                ], 
                [
                    767, 
                    527
                ], 
                [
                    756, 
                    527
                ], 
                [
                    751, 
                    525
                ], 
                [
                    756, 
                    522
                ], 
                [
                    756, 
                    515
                ], 
                [
                    755, 
                    507
                ], 
                [
                    754, 
                    493
                ], 
                [
                    754, 
                    478
                ], 
                [
                    756, 
                    465
                ], 
                [
                    753, 
                    463
                ], 
                [
                    754, 
                    456
                ], 
                [
                    751, 
                    455
                ], 
                [
                    748, 
                    453
                ], 
                [
                    747, 
                    452
                ], 
                [
                    747, 
                    444
                ], 
                [
                    746, 
                    440
                ], 
                [
                    747, 
                    437
                ], 
                [
                    751, 
                    431
                ], 
                [
                    753, 
                    428
                ]
            ]
        }, 
        {
            "label": "person", 
            "polygon": [
                [
                    779, 
                    397
                ], 
                [
                    780, 
                    390
                ], 
                [
                    783, 
                    386
                ], 
                [
                    787, 
                    382
                ], 
                [
                    791, 
                    382
                ], 
                [
                    796, 
                    382
                ], 
                [
                    800, 
                    387
                ], 
                [
                    804, 
                    391
                ], 
                [
                    804, 
                    399
                ], 
                [
                    802, 
                    404
                ], 
                [
                    801, 
                    409
                ], 
                [
                    805, 
                    412
                ], 
                [
                    812, 
                    416
                ], 
                [
                    819, 
                    424
                ], 
                [
                    820, 
                    428
                ], 
                [
                    819, 
                    440
                ], 
                [
                    819, 
                    449
                ], 
                [
                    818, 
                    453
                ], 
                [
                    816, 
                    456
                ], 
                [
                    813, 
                    459
                ], 
                [
                    810, 
                    462
                ], 
                [
                    810, 
                    463
                ], 
                [
                    812, 
                    466
                ], 
                [
                    812, 
                    472
                ], 
                [
                    812, 
                    477
                ], 
                [
                    809, 
                    481
                ], 
                [
                    808, 
                    493
                ], 
                [
                    808, 
                    505
                ], 
                [
                    808, 
                    511
                ], 
                [
                    809, 
                    513
                ], 
                [
                    808, 
                    541
                ], 
                [
                    807, 
                    546
                ], 
                [
                    807, 
                    548
                ], 
                [
                    807, 
                    551
                ], 
                [
                    806, 
                    556
                ], 
                [
                    804, 
                    558
                ], 
                [
                    802, 
                    558
                ], 
                [
                    797, 
                    558
                ], 
                [
                    795, 
                    558
                ], 
                [
                    795, 
                    558
                ], 
                [
                    795, 
                    551
                ], 
                [
                    795, 
                    546
                ], 
                [
                    795, 
                    538
                ], 
                [
                    795, 
                    528
                ], 
                [
                    795, 
                    522
                ], 
                [
                    794, 
                    516
                ], 
                [
                    793, 
                    513
                ], 
                [
                    793, 
                    507
                ], 
                [
                    792, 
                    505
                ], 
                [
                    791, 
                    501
                ], 
                [
                    790, 
                    495
                ], 
                [
                    789, 
                    498
                ], 
                [
                    788, 
                    510
                ], 
                [
                    787, 
                    519
                ], 
                [
                    787, 
                    535
                ], 
                [
                    787, 
                    549
                ], 
                [
                    787, 
                    558
                ], 
                [
                    783, 
                    560
                ], 
                [
                    779, 
                    559
                ], 
                [
                    776, 
                    559
                ], 
                [
                    772, 
                    554
                ], 
                [
                    770, 
                    549
                ], 
                [
                    770, 
                    545
                ], 
                [
                    771, 
                    541
                ], 
                [
                    773, 
                    540
                ], 
                [
                    772, 
                    528
                ], 
                [
                    770, 
                    510
                ], 
                [
                    771, 
                    507
                ], 
                [
                    771, 
                    505
                ], 
                [
                    771, 
                    503
                ], 
                [
                    770, 
                    500
                ], 
                [
                    770, 
                    497
                ], 
                [
                    769, 
                    488
                ], 
                [
                    767, 
                    475
                ], 
                [
                    766, 
                    470
                ], 
                [
                    767, 
                    463
                ], 
                [
                    764, 
                    458
                ], 
                [
                    761, 
                    448
                ], 
                [
                    761, 
                    438
                ], 
                [
                    761, 
                    430
                ], 
                [
                    760, 
                    422
                ], 
                [
                    766, 
                    413
                ], 
                [
                    772, 
                    410
                ], 
                [
                    776, 
                    407
                ], 
                [
                    778, 
                    406
                ], 
                [
                    777, 
                    402
                ]
            ]
        }, 
        {
            "label": "car", 
            "polygon": [
                [
                    490, 
                    402
                ], 
                [
                    497, 
                    395
                ], 
                [
                    504, 
                    393
                ], 
                [
                    512, 
                    392
                ], 
                [
                    516, 
                    397
                ], 
                [
                    633, 
                    393
                ], 
                [
                    638, 
                    391
                ], 
                [
                    641, 
                    389
                ], 
                [
                    647, 
                    389
                ], 
                [
                    651, 
                    390
                ], 
                [
                    656, 
                    393
                ], 
                [
                    669, 
                    406
                ], 
                [
                    678, 
                    427
                ], 
                [
                    683, 
                    437
                ], 
                [
                    706, 
                    524
                ], 
                [
                    704, 
                    528
                ], 
                [
                    704, 
                    546
                ], 
                [
                    704, 
                    575
                ], 
                [
                    696, 
                    577
                ], 
                [
                    692, 
                    575
                ], 
                [
                    691, 
                    584
                ], 
                [
                    690, 
                    595
                ], 
                [
                    681, 
                    597
                ], 
                [
                    666, 
                    595
                ], 
                [
                    660, 
                    592
                ], 
                [
                    656, 
                    586
                ], 
                [
                    656, 
                    573
                ], 
                [
                    535, 
                    576
                ], 
                [
                    529, 
                    581
                ], 
                [
                    520, 
                    584
                ], 
                [
                    508, 
                    586
                ], 
                [
                    495, 
                    584
                ], 
                [
                    492, 
                    599
                ], 
                [
                    488, 
                    605
                ], 
                [
                    471, 
                    604
                ], 
                [
                    462, 
                    604
                ], 
                [
                    459, 
                    597
                ], 
                [
                    456, 
                    568
                ], 
                [
                    467, 
                    462
                ], 
                [
                    468, 
                    441
                ], 
                [
                    478, 
                    416
                ], 
                [
                    485, 
                    406
                ]
            ]
        }, 
        {
            "label": "license plate", 
            "polygon": [
                [
                    528, 
                    495
                ], 
                [
                    601, 
                    493
                ], 
                [
                    601, 
                    509
                ], 
                [
                    528, 
                    512
                ]
            ]
        }, 
        {
            "label": "person", 
            "polygon": [
                [
                    696, 
                    619
                ], 
                [
                    699, 
                    613
                ], 
                [
                    707, 
                    610
                ], 
                [
                    711, 
                    607
                ], 
                [
                    716, 
                    601
                ], 
                [
                    717, 
                    594
                ], 
                [
                    707, 
                    539
                ], 
                [
                    700, 
                    523
                ], 
                [
                    693, 
                    514
                ], 
                [
                    688, 
                    504
                ], 
                [
                    684, 
                    500
                ], 
                [
                    680, 
                    497
                ], 
                [
                    683, 
                    473
                ], 
                [
                    683, 
                    468
                ], 
                [
                    678, 
                    467
                ], 
                [
                    670, 
                    461
                ], 
                [
                    669, 
                    452
                ], 
                [
                    674, 
                    448
                ], 
                [
                    679, 
                    446
                ], 
                [
                    682, 
                    431
                ], 
                [
                    686, 
                    419
                ], 
                [
                    686, 
                    415
                ], 
                [
                    686, 
                    409
                ], 
                [
                    694, 
                    404
                ], 
                [
                    699, 
                    400
                ], 
                [
                    699, 
                    397
                ], 
                [
                    697, 
                    390
                ], 
                [
                    695, 
                    388
                ], 
                [
                    692, 
                    385
                ], 
                [
                    690, 
                    379
                ], 
                [
                    686, 
                    375
                ], 
                [
                    691, 
                    369
                ], 
                [
                    695, 
                    364
                ], 
                [
                    697, 
                    358
                ], 
                [
                    703, 
                    354
                ], 
                [
                    707, 
                    352
                ], 
                [
                    718, 
                    356
                ], 
                [
                    722, 
                    362
                ], 
                [
                    723, 
                    368
                ], 
                [
                    722, 
                    378
                ], 
                [
                    722, 
                    386
                ], 
                [
                    721, 
                    391
                ], 
                [
                    721, 
                    395
                ], 
                [
                    730, 
                    397
                ], 
                [
                    735, 
                    398
                ], 
                [
                    739, 
                    406
                ], 
                [
                    743, 
                    412
                ], 
                [
                    747, 
                    430
                ], 
                [
                    747, 
                    444
                ], 
                [
                    746, 
                    455
                ], 
                [
                    736, 
                    465
                ], 
                [
                    735, 
                    468
                ], 
                [
                    740, 
                    476
                ], 
                [
                    743, 
                    483
                ], 
                [
                    743, 
                    492
                ], 
                [
                    742, 
                    499
                ], 
                [
                    735, 
                    504
                ], 
                [
                    732, 
                    504
                ], 
                [
                    732, 
                    512
                ], 
                [
                    734, 
                    524
                ], 
                [
                    734, 
                    537
                ], 
                [
                    735, 
                    547
                ], 
                [
                    741, 
                    561
                ], 
                [
                    743, 
                    577
                ], 
                [
                    741, 
                    599
                ], 
                [
                    742, 
                    615
                ], 
                [
                    739, 
                    620
                ], 
                [
                    704, 
                    622
                ]
            ]
        }, 
        {
            "label": "pole", 
            "polygon": [
                [
                    458, 
                    159
                ], 
                [
                    453, 
                    186
                ], 
                [
                    465, 
                    623
                ], 
                [
                    476, 
                    622
                ], 
                [
                    463, 
                    193
                ], 
                [
                    464, 
                    170
                ]
            ]
        }, 
        {
            "label": "traffic sign", 
            "polygon": [
                [
                    502, 
                    337
                ], 
                [
                    505, 
                    326
                ], 
                [
                    507, 
                    315
                ], 
                [
                    501, 
                    307
                ], 
                [
                    497, 
                    305
                ], 
                [
                    489, 
                    305
                ], 
                [
                    481, 
                    308
                ], 
                [
                    477, 
                    321
                ], 
                [
                    478, 
                    330
                ], 
                [
                    483, 
                    336
                ], 
                [
                    488, 
                    340
                ], 
                [
                    495, 
                    341
                ]
            ]
        }, 
        {
            "label": "traffic sign", 
            "polygon": [
                [
                    451, 
                    248
                ], 
                [
                    446, 
                    240
                ], 
                [
                    442, 
                    227
                ], 
                [
                    444, 
                    216
                ], 
                [
                    447, 
                    205
                ], 
                [
                    453, 
                    199
                ], 
                [
                    459, 
                    197
                ], 
                [
                    466, 
                    197
                ], 
                [
                    473, 
                    199
                ], 
                [
                    478, 
                    207
                ], 
                [
                    485, 
                    216
                ], 
                [
                    485, 
                    230
                ], 
                [
                    484, 
                    243
                ], 
                [
                    477, 
                    253
                ], 
                [
                    466, 
                    258
                ], 
                [
                    455, 
                    255
                ]
            ]
        }, 
        {
            "label": "traffic sign", 
            "polygon": [
                [
                    447, 
                    260
                ], 
                [
                    484, 
                    264
                ], 
                [
                    486, 
                    293
                ], 
                [
                    447, 
                    291
                ]
            ]
        }, 
        {
            "label": "static", 
            "polygon": [
                [
                    441, 
                    124
                ], 
                [
                    487, 
                    131
                ], 
                [
                    487, 
                    193
                ], 
                [
                    441, 
                    190
                ]
            ]
        }, 
        {
            "label": "traffic sign", 
            "polygon": [
                [
                    1541, 
                    66
                ], 
                [
                    1545, 
                    47
                ], 
                [
                    1555, 
                    29
                ], 
                [
                    1573, 
                    19
                ], 
                [
                    1585, 
                    15
                ], 
                [
                    1600, 
                    15
                ], 
                [
                    1614, 
                    17
                ], 
                [
                    1626, 
                    25
                ], 
                [
                    1636, 
                    41
                ], 
                [
                    1642, 
                    57
                ], 
                [
                    1641, 
                    81
                ], 
                [
                    1632, 
                    96
                ], 
                [
                    1614, 
                    110
                ], 
                [
                    1601, 
                    114
                ], 
                [
                    1585, 
                    117
                ], 
                [
                    1571, 
                    112
                ], 
                [
                    1556, 
                    103
                ], 
                [
                    1545, 
                    93
                ], 
                [
                    1540, 
                    78
                ]
            ]
        }, 
        {
            "label": "person", 
            "polygon": [
                [
                    438, 
                    588
                ], 
                [
                    444, 
                    582
                ], 
                [
                    439, 
                    574
                ], 
                [
                    436, 
                    565
                ], 
                [
                    436, 
                    513
                ], 
                [
                    449, 
                    513
                ], 
                [
                    451, 
                    501
                ], 
                [
                    441, 
                    480
                ], 
                [
                    447, 
                    471
                ], 
                [
                    447, 
                    465
                ], 
                [
                    449, 
                    455
                ], 
                [
                    447, 
                    448
                ], 
                [
                    443, 
                    428
                ], 
                [
                    442, 
                    419
                ], 
                [
                    440, 
                    417
                ], 
                [
                    418, 
                    409
                ], 
                [
                    420, 
                    403
                ], 
                [
                    420, 
                    398
                ], 
                [
                    419, 
                    390
                ], 
                [
                    416, 
                    382
                ], 
                [
                    405, 
                    381
                ], 
                [
                    395, 
                    383
                ], 
                [
                    391, 
                    395
                ], 
                [
                    390, 
                    405
                ], 
                [
                    393, 
                    411
                ], 
                [
                    385, 
                    413
                ], 
                [
                    379, 
                    417
                ], 
                [
                    371, 
                    446
                ], 
                [
                    373, 
                    453
                ], 
                [
                    378, 
                    458
                ], 
                [
                    383, 
                    458
                ], 
                [
                    386, 
                    458
                ], 
                [
                    383, 
                    466
                ], 
                [
                    377, 
                    480
                ], 
                [
                    378, 
                    492
                ], 
                [
                    378, 
                    512
                ], 
                [
                    381, 
                    516
                ], 
                [
                    387, 
                    516
                ], 
                [
                    386, 
                    525
                ], 
                [
                    386, 
                    532
                ], 
                [
                    391, 
                    535
                ], 
                [
                    398, 
                    533
                ], 
                [
                    398, 
                    546
                ], 
                [
                    401, 
                    563
                ], 
                [
                    403, 
                    571
                ], 
                [
                    403, 
                    577
                ], 
                [
                    399, 
                    581
                ], 
                [
                    394, 
                    582
                ], 
                [
                    395, 
                    588
                ], 
                [
                    411, 
                    587
                ], 
                [
                    414, 
                    586
                ], 
                [
                    415, 
                    582
                ], 
                [
                    417, 
                    575
                ], 
                [
                    417, 
                    571
                ], 
                [
                    415, 
                    556
                ], 
                [
                    415, 
                    533
                ], 
                [
                    417, 
                    529
                ], 
                [
                    418, 
                    560
                ], 
                [
                    423, 
                    577
                ], 
                [
                    426, 
                    583
                ], 
                [
                    431, 
                    586
                ]
            ]
        }, 
        {
            "label": "ego vehicle", 
            "polygon": [
                [
                    271, 
                    1023
                ], 
                [
                    387, 
                    1009
                ], 
                [
                    549, 
                    993
                ], 
                [
                    821, 
                    966
                ], 
                [
                    1082, 
                    950
                ], 
                [
                    1142, 
                    947
                ], 
                [
                    1112, 
                    932
                ], 
                [
                    1096, 
                    896
                ], 
                [
                    1108, 
                    861
                ], 
                [
                    1137, 
                    844
                ], 
                [
                    1175, 
                    844
                ], 
                [
                    1204, 
                    867
                ], 
                [
                    1209, 
                    897
                ], 
                [
                    1195, 
                    931
                ], 
                [
                    1161, 
                    945
                ], 
                [
                    1376, 
                    957
                ], 
                [
                    1654, 
                    977
                ], 
                [
                    1883, 
                    1002
                ], 
                [
                    2028, 
                    1023
                ]
            ]
        }, 
        {
            "label": "out of roi", 
            "polygon": [
                [
                    0, 
                    0
                ], 
                [
                    2048, 
                    0
                ], 
                [
                    2048, 
                    1024
                ], 
                [
                    0, 
                    1024
                ], 
                [
                    0, 
                    0
                ], 
                [
                    5, 
                    5
                ], 
                [
                    5, 
                    1019
                ], 
                [
                    2043, 
                    1019
                ], 
                [
                    2043, 
                    5
                ], 
                [
                    5, 
                    5
                ]
            ]
        }
    ]
}