{
    "imgHeight": 1024, 
    "imgWidth": 2048, 
    "objects": [
        {
            "label": "sky", 
            "polygon": [
                [
                    0, 
                    49
                ], 
                [
                    1061, 
                    271
                ], 
                [
                    2047, 
                    69
                ], 
                [
                    2047, 
                    0
                ], 
                [
                    0, 
                    0
                ]
            ]
        }, 
        {
            "label": "building", 
            "polygon": [
                [
                    922, 
                    0
                ], 
                [
                    923, 
                    15
                ], 
                [
                    930, 
                    17
                ], 
                [
                    934, 
                    27
                ], 
                [
                    931, 
                    45
                ], 
                [
                    935, 
                    49
                ], 
                [
                    944, 
                    49
                ], 
                [
                    948, 
                    54
                ], 
                [
                    949, 
                    63
                ], 
                [
                    949, 
                    72
                ], 
                [
                    959, 
                    92
                ], 
                [
                    958, 
                    102
                ], 
                [
                    956, 
                    111
                ], 
                [
                    962, 
                    111
                ], 
                [
                    967, 
                    123
                ], 
                [
                    989, 
                    170
                ], 
                [
                    978, 
                    178
                ], 
                [
                    978, 
                    222
                ], 
                [
                    991, 
                    235
                ], 
                [
                    1023, 
                    235
                ], 
                [
                    1023, 
                    225
                ], 
                [
                    1040, 
                    225
                ], 
                [
                    1055, 
                    232
                ], 
                [
                    1186, 
                    228
                ], 
                [
                    1211, 
                    133
                ], 
                [
                    1202, 
                    112
                ], 
                [
                    1205, 
                    108
                ], 
                [
                    1222, 
                    98
                ], 
                [
                    1231, 
                    53
                ], 
                [
                    1222, 
                    42
                ], 
                [
                    1217, 
                    33
                ], 
                [
                    1223, 
                    23
                ], 
                [
                    1236, 
                    11
                ], 
                [
                    1243, 
                    0
                ], 
                [
                    2047, 
                    0
                ], 
                [
                    2047, 
                    1023
                ], 
                [
                    0, 
                    1023
                ], 
                [
                    0, 
                    0
                ]
            ]
        }, 
        {
            "label": "road", 
            "polygon": [
                [
                    0, 
                    710
                ], 
                [
                    779, 
                    503
                ], 
                [
                    1065, 
                    484
                ], 
                [
                    1075, 
                    490
                ], 
                [
                    1080, 
                    491
                ], 
                [
                    1095, 
                    490
                ], 
                [
                    1136, 
                    489
                ], 
                [
                    1153, 
                    490
                ], 
                [
                    1172, 
                    490
                ], 
                [
                    1227, 
                    489
                ], 
                [
                    2047, 
                    795
                ], 
                [
                    2047, 
                    1023
                ], 
                [
                    0, 
                    1023
                ]
            ]
        }, 
        {
            "label": "pole", 
            "polygon": [
                [
                    1010, 
                    426
                ], 
                [
                    1008, 
                    451
                ], 
                [
                    1007, 
                    450
                ], 
                [
                    1009, 
                    422
                ]
            ]
        }, 
        {
            "label": "pole", 
            "polygon": [
                [
                    990, 
                    423
                ], 
                [
                    990, 
                    446
                ], 
                [
                    992, 
                    446
                ], 
                [
                    992, 
                    430
                ], 
                [
                    992, 
                    418
                ]
            ]
        }, 
        {
            "label": "pole", 
            "polygon": [
                [
                    962, 
                    403
                ], 
                [
                    963, 
                    430
                ], 
                [
                    966, 
                    430
                ], 
                [
                    966, 
                    403
                ]
            ]
        }, 
        {
            "label": "sidewalk", 
            "polygon": [
                [
                    1869, 
                    1020
                ], 
                [
                    1772, 
                    954
                ], 
                [
                    1452, 
                    706
                ], 
                [
                    1366, 
                    644
                ], 
                [
                    1263, 
                    562
                ], 
                [
                    1236, 
                    545
                ], 
                [
                    1222, 
                    529
                ], 
                [
                    1198, 
                    513
                ], 
                [
                    1168, 
                    487
                ], 
                [
                    1240, 
                    479
                ], 
                [
                    1260, 
                    490
                ], 
                [
                    1305, 
                    492
                ], 
                [
                    1325, 
                    503
                ], 
                [
                    1352, 
                    505
                ], 
                [
                    1355, 
                    502
                ], 
                [
                    1364, 
                    513
                ], 
                [
                    1372, 
                    521
                ], 
                [
                    1385, 
                    526
                ], 
                [
                    1463, 
                    547
                ], 
                [
                    1582, 
                    592
                ], 
                [
                    1647, 
                    610
                ], 
                [
                    1672, 
                    615
                ], 
                [
                    1723, 
                    624
                ], 
                [
                    1735, 
                    633
                ], 
                [
                    1783, 
                    653
                ], 
                [
                    1808, 
                    655
                ], 
                [
                    1861, 
                    666
                ], 
                [
                    1897, 
                    665
                ], 
                [
                    2047, 
                    705
                ], 
                [
                    2047, 
                    719
                ], 
                [
                    2047, 
                    1023
                ]
            ]
        }, 
        {
            "label": "car", 
            "polygon": [
                [
                    1092, 
                    489
                ], 
                [
                    1096, 
                    488
                ], 
                [
                    1102, 
                    486
                ], 
                [
                    1109, 
                    481
                ], 
                [
                    1114, 
                    479
                ], 
                [
                    1130, 
                    478
                ], 
                [
                    1141, 
                    478
                ], 
                [
                    1146, 
                    480
                ], 
                [
                    1151, 
                    486
                ], 
                [
                    1151, 
                    491
                ], 
                [
                    1151, 
                    493
                ], 
                [
                    1135, 
                    493
                ], 
                [
                    1133, 
                    492
                ], 
                [
                    1088, 
                    492
                ], 
                [
                    1089, 
                    489
                ]
            ]
        }, 
        {
            "label": "pole", 
            "polygon": [
                [
                    1322, 
                    306
                ], 
                [
                    1322, 
                    338
                ], 
                [
                    1321, 
                    552
                ], 
                [
                    1329, 
                    552
                ], 
                [
                    1330, 
                    529
                ], 
                [
                    1328, 
                    308
                ]
            ]
        }, 
        {
            "label": "traffic sign", 
            "polygon": [
                [
                    1308, 
                    293
                ], 
                [
                    1309, 
                    287
                ], 
                [
                    1313, 
                    280
                ], 
                [
                    1317, 
                    276
                ], 
                [
                    1322, 
                    273
                ], 
                [
                    1329, 
                    275
                ], 
                [
                    1334, 
                    279
                ], 
                [
                    1337, 
                    287
                ], 
                [
                    1337, 
                    295
                ], 
                [
                    1334, 
                    302
                ], 
                [
                    1331, 
                    308
                ], 
                [
                    1325, 
                    313
                ], 
                [
                    1318, 
                    313
                ], 
                [
                    1313, 
                    310
                ], 
                [
                    1309, 
                    304
                ]
            ]
        }, 
        {
            "label": "cargroup", 
            "polygon": [
                [
                    1043, 
                    464
                ], 
                [
                    1059, 
                    464
                ], 
                [
                    1061, 
                    465
                ], 
                [
                    1063, 
                    468
                ], 
                [
                    1070, 
                    468
                ], 
                [
                    1073, 
                    471
                ], 
                [
                    1074, 
                    475
                ], 
                [
                    1074, 
                    476
                ], 
                [
                    1083, 
                    476
                ], 
                [
                    1083, 
                    479
                ], 
                [
                    1085, 
                    480
                ], 
                [
                    1084, 
                    490
                ], 
                [
                    1082, 
                    491
                ], 
                [
                    1081, 
                    492
                ], 
                [
                    1062, 
                    491
                ], 
                [
                    1056, 
                    491
                ], 
                [
                    1047, 
                    491
                ]
            ]
        }, 
        {
            "label": "car", 
            "polygon": [
                [
                    998, 
                    448
                ], 
                [
                    1011, 
                    448
                ], 
                [
                    1024, 
                    448
                ], 
                [
                    1029, 
                    449
                ], 
                [
                    1035, 
                    450
                ], 
                [
                    1037, 
                    453
                ], 
                [
                    1038, 
                    458
                ], 
                [
                    1041, 
                    459
                ], 
                [
                    1044, 
                    462
                ], 
                [
                    1046, 
                    462
                ], 
                [
                    1048, 
                    462
                ], 
                [
                    1049, 
                    465
                ], 
                [
                    1048, 
                    466
                ], 
                [
                    1047, 
                    466
                ], 
                [
                    1046, 
                    467
                ], 
                [
                    1050, 
                    476
                ], 
                [
                    1050, 
                    480
                ], 
                [
                    1051, 
                    484
                ], 
                [
                    1051, 
                    488
                ], 
                [
                    1048, 
                    491
                ], 
                [
                    1045, 
                    491
                ], 
                [
                    1043, 
                    490
                ], 
                [
                    1040, 
                    488
                ], 
                [
                    1039, 
                    490
                ], 
                [
                    1038, 
                    492
                ], 
                [
                    1036, 
                    493
                ], 
                [
                    1034, 
                    493
                ], 
                [
                    1031, 
                    492
                ], 
                [
                    1029, 
                    490
                ], 
                [
                    1014, 
                    491
                ], 
                [
                    985, 
                    458
                ]
            ]
        }, 
        {
            "label": "pole", 
            "polygon": [
                [
                    918, 
                    381
                ], 
                [
                    917, 
                    439
                ], 
                [
                    922, 
                    440
                ], 
                [
                    922, 
                    417
                ], 
                [
                    923, 
                    381
                ]
            ]
        }, 
        {
            "label": "car", 
            "polygon": [
                [
                    979, 
                    444
                ], 
                [
                    986, 
                    443
                ], 
                [
                    992, 
                    443
                ], 
                [
                    997, 
                    447
                ], 
                [
                    1002, 
                    452
                ], 
                [
                    1005, 
                    458
                ], 
                [
                    1008, 
                    460
                ], 
                [
                    1012, 
                    460
                ], 
                [
                    1015, 
                    461
                ], 
                [
                    1015, 
                    463
                ], 
                [
                    1013, 
                    464
                ], 
                [
                    1011, 
                    465
                ], 
                [
                    1011, 
                    465
                ], 
                [
                    1014, 
                    472
                ], 
                [
                    1016, 
                    475
                ], 
                [
                    1016, 
                    480
                ], 
                [
                    1017, 
                    485
                ], 
                [
                    1017, 
                    489
                ], 
                [
                    1017, 
                    495
                ], 
                [
                    1017, 
                    499
                ], 
                [
                    1016, 
                    501
                ], 
                [
                    1014, 
                    502
                ], 
                [
                    1011, 
                    502
                ], 
                [
                    1010, 
                    501
                ], 
                [
                    1009, 
                    496
                ], 
                [
                    1007, 
                    496
                ], 
                [
                    1007, 
                    500
                ], 
                [
                    1007, 
                    502
                ], 
                [
                    1005, 
                    503
                ], 
                [
                    1004, 
                    504
                ], 
                [
                    1002, 
                    504
                ], 
                [
                    1000, 
                    502
                ], 
                [
                    999, 
                    498
                ], 
                [
                    998, 
                    493
                ]
            ]
        }, 
        {
            "label": "car", 
            "polygon": [
                [
                    917, 
                    430
                ], 
                [
                    947, 
                    429
                ], 
                [
                    973, 
                    429
                ], 
                [
                    979, 
                    430
                ], 
                [
                    985, 
                    442
                ], 
                [
                    989, 
                    452
                ], 
                [
                    995, 
                    452
                ], 
                [
                    999, 
                    452
                ], 
                [
                    1001, 
                    453
                ], 
                [
                    1003, 
                    455
                ], 
                [
                    1002, 
                    458
                ], 
                [
                    1000, 
                    459
                ], 
                [
                    996, 
                    459
                ], 
                [
                    996, 
                    459
                ], 
                [
                    999, 
                    481
                ], 
                [
                    999, 
                    496
                ], 
                [
                    999, 
                    505
                ], 
                [
                    999, 
                    511
                ], 
                [
                    998, 
                    515
                ], 
                [
                    995, 
                    517
                ], 
                [
                    990, 
                    517
                ], 
                [
                    987, 
                    517
                ], 
                [
                    984, 
                    516
                ], 
                [
                    983, 
                    513
                ], 
                [
                    982, 
                    508
                ], 
                [
                    980, 
                    504
                ], 
                [
                    978, 
                    501
                ], 
                [
                    974, 
                    499
                ], 
                [
                    910, 
                    437
                ], 
                [
                    912, 
                    434
                ]
            ]
        }, 
        {
            "label": "car", 
            "polygon": [
                [
                    934, 
                    439
                ], 
                [
                    947, 
                    439
                ], 
                [
                    953, 
                    443
                ], 
                [
                    962, 
                    458
                ], 
                [
                    965, 
                    460
                ], 
                [
                    967, 
                    458
                ], 
                [
                    970, 
                    458
                ], 
                [
                    975, 
                    459
                ], 
                [
                    978, 
                    463
                ], 
                [
                    977, 
                    466
                ], 
                [
                    972, 
                    466
                ], 
                [
                    967, 
                    468
                ], 
                [
                    975, 
                    476
                ], 
                [
                    978, 
                    495
                ], 
                [
                    979, 
                    508
                ], 
                [
                    979, 
                    517
                ], 
                [
                    976, 
                    521
                ], 
                [
                    973, 
                    520
                ], 
                [
                    972, 
                    515
                ], 
                [
                    959, 
                    511
                ], 
                [
                    928, 
                    461
                ]
            ]
        }, 
        {
            "label": "car", 
            "polygon": [
                [
                    881, 
                    437
                ], 
                [
                    928, 
                    435
                ], 
                [
                    932, 
                    435
                ], 
                [
                    936, 
                    440
                ], 
                [
                    946, 
                    449
                ], 
                [
                    953, 
                    464
                ], 
                [
                    954, 
                    461
                ], 
                [
                    960, 
                    461
                ], 
                [
                    966, 
                    463
                ], 
                [
                    968, 
                    466
                ], 
                [
                    965, 
                    468
                ], 
                [
                    963, 
                    468
                ], 
                [
                    961, 
                    470
                ], 
                [
                    960, 
                    471
                ], 
                [
                    959, 
                    473
                ], 
                [
                    964, 
                    481
                ], 
                [
                    965, 
                    489
                ], 
                [
                    967, 
                    501
                ], 
                [
                    968, 
                    514
                ], 
                [
                    967, 
                    524
                ], 
                [
                    965, 
                    529
                ], 
                [
                    961, 
                    532
                ], 
                [
                    959, 
                    531
                ], 
                [
                    954, 
                    525
                ], 
                [
                    953, 
                    528
                ], 
                [
                    953, 
                    534
                ], 
                [
                    952, 
                    537
                ], 
                [
                    949, 
                    539
                ], 
                [
                    943, 
                    539
                ], 
                [
                    940, 
                    537
                ], 
                [
                    938, 
                    532
                ], 
                [
                    937, 
                    527
                ], 
                [
                    901, 
                    527
                ], 
                [
                    877, 
                    451
                ]
            ]
        }, 
        {
            "label": "pole", 
            "polygon": [
                [
                    867, 
                    325
                ], 
                [
                    864, 
                    460
                ], 
                [
                    870, 
                    460
                ], 
                [
                    873, 
                    324
                ], 
                [
                    870, 
                    321
                ]
            ]
        }, 
        {
            "label": "car", 
            "polygon": [
                [
                    845, 
                    437
                ], 
                [
                    881, 
                    438
                ], 
                [
                    893, 
                    447
                ], 
                [
                    907, 
                    473
                ], 
                [
                    910, 
                    470
                ], 
                [
                    911, 
                    467
                ], 
                [
                    915, 
                    465
                ], 
                [
                    921, 
                    465
                ], 
                [
                    927, 
                    470
                ], 
                [
                    925, 
                    479
                ], 
                [
                    921, 
                    480
                ], 
                [
                    915, 
                    481
                ], 
                [
                    913, 
                    484
                ], 
                [
                    924, 
                    513
                ], 
                [
                    924, 
                    541
                ], 
                [
                    924, 
                    553
                ], 
                [
                    924, 
                    553
                ], 
                [
                    919, 
                    558
                ], 
                [
                    913, 
                    559
                ], 
                [
                    910, 
                    553
                ], 
                [
                    909, 
                    546
                ], 
                [
                    904, 
                    546
                ], 
                [
                    905, 
                    557
                ], 
                [
                    905, 
                    565
                ], 
                [
                    902, 
                    571
                ], 
                [
                    899, 
                    573
                ], 
                [
                    891, 
                    574
                ], 
                [
                    882, 
                    572
                ], 
                [
                    876, 
                    562
                ], 
                [
                    876, 
                    557
                ], 
                [
                    861, 
                    550
                ], 
                [
                    832, 
                    488
                ]
            ]
        }, 
        {
            "label": "car", 
            "polygon": [
                [
                    545, 
                    291
                ], 
                [
                    553, 
                    292
                ], 
                [
                    557, 
                    294
                ], 
                [
                    561, 
                    303
                ], 
                [
                    615, 
                    301
                ], 
                [
                    681, 
                    298
                ], 
                [
                    743, 
                    298
                ], 
                [
                    758, 
                    300
                ], 
                [
                    776, 
                    300
                ], 
                [
                    776, 
                    292
                ], 
                [
                    780, 
                    288
                ], 
                [
                    788, 
                    289
                ], 
                [
                    791, 
                    294
                ], 
                [
                    790, 
                    304
                ], 
                [
                    796, 
                    310
                ], 
                [
                    828, 
                    329
                ], 
                [
                    836, 
                    342
                ], 
                [
                    837, 
                    357
                ], 
                [
                    844, 
                    367
                ], 
                [
                    855, 
                    423
                ], 
                [
                    864, 
                    424
                ], 
                [
                    864, 
                    409
                ], 
                [
                    865, 
                    405
                ], 
                [
                    876, 
                    406
                ], 
                [
                    880, 
                    407
                ], 
                [
                    882, 
                    414
                ], 
                [
                    881, 
                    435
                ], 
                [
                    881, 
                    436
                ], 
                [
                    878, 
                    437
                ], 
                [
                    877, 
                    438
                ], 
                [
                    869, 
                    438
                ], 
                [
                    869, 
                    438
                ], 
                [
                    865, 
                    438
                ], 
                [
                    853, 
                    439
                ], 
                [
                    864, 
                    490
                ], 
                [
                    870, 
                    492
                ], 
                [
                    870, 
                    498
                ], 
                [
                    865, 
                    503
                ], 
                [
                    864, 
                    513
                ], 
                [
                    865, 
                    531
                ], 
                [
                    867, 
                    541
                ], 
                [
                    868, 
                    556
                ], 
                [
                    867, 
                    570
                ], 
                [
                    865, 
                    583
                ], 
                [
                    861, 
                    589
                ], 
                [
                    852, 
                    590
                ], 
                [
                    842, 
                    590
                ], 
                [
                    832, 
                    575
                ], 
                [
                    819, 
                    580
                ], 
                [
                    819, 
                    593
                ], 
                [
                    818, 
                    602
                ], 
                [
                    814, 
                    610
                ], 
                [
                    804, 
                    615
                ], 
                [
                    793, 
                    617
                ], 
                [
                    785, 
                    613
                ], 
                [
                    779, 
                    594
                ], 
                [
                    776, 
                    575
                ], 
                [
                    710, 
                    583
                ], 
                [
                    521, 
                    477
                ], 
                [
                    532, 
                    432
                ], 
                [
                    536, 
                    414
                ], 
                [
                    537, 
                    387
                ], 
                [
                    543, 
                    340
                ], 
                [
                    546, 
                    319
                ], 
                [
                    550, 
                    309
                ], 
                [
                    544, 
                    307
                ], 
                [
                    540, 
                    303
                ], 
                [
                    540, 
                    295
                ]
            ]
        }, 
        {
            "label": "car", 
            "polygon": [
                [
                    425, 
                    427
                ], 
                [
                    539, 
                    423
                ], 
                [
                    635, 
                    428
                ], 
                [
                    653, 
                    431
                ], 
                [
                    668, 
                    442
                ], 
                [
                    690, 
                    471
                ], 
                [
                    700, 
                    496
                ], 
                [
                    709, 
                    492
                ], 
                [
                    720, 
                    492
                ], 
                [
                    728, 
                    495
                ], 
                [
                    730, 
                    504
                ], 
                [
                    724, 
                    511
                ], 
                [
                    720, 
                    513
                ], 
                [
                    731, 
                    528
                ], 
                [
                    734, 
                    548
                ], 
                [
                    736, 
                    561
                ], 
                [
                    736, 
                    581
                ], 
                [
                    739, 
                    621
                ], 
                [
                    739, 
                    641
                ], 
                [
                    733, 
                    648
                ], 
                [
                    720, 
                    651
                ], 
                [
                    714, 
                    650
                ], 
                [
                    709, 
                    648
                ], 
                [
                    705, 
                    639
                ], 
                [
                    705, 
                    627
                ], 
                [
                    702, 
                    619
                ], 
                [
                    702, 
                    612
                ], 
                [
                    662, 
                    630
                ], 
                [
                    663, 
                    648
                ], 
                [
                    662, 
                    663
                ], 
                [
                    660, 
                    676
                ], 
                [
                    655, 
                    685
                ], 
                [
                    642, 
                    690
                ], 
                [
                    625, 
                    690
                ], 
                [
                    615, 
                    683
                ], 
                [
                    613, 
                    675
                ], 
                [
                    610, 
                    654
                ], 
                [
                    610, 
                    651
                ], 
                [
                    470, 
                    658
                ], 
                [
                    326, 
                    524
                ], 
                [
                    358, 
                    490
                ], 
                [
                    374, 
                    473
                ], 
                [
                    389, 
                    450
                ], 
                [
                    403, 
                    439
                ], 
                [
                    412, 
                    432
                ]
            ]
        }, 
        {
            "label": "license plate", 
            "polygon": [
                [
                    460, 
                    602
                ], 
                [
                    524, 
                    602
                ], 
                [
                    523, 
                    624
                ], 
                [
                    468, 
                    624
                ]
            ]
        }, 
        {
            "label": "pole", 
            "polygon": [
                [
                    328, 
                    206
                ], 
                [
                    329, 
                    500
                ], 
                [
                    346, 
                    503
                ], 
                [
                    350, 
                    185
                ]
            ]
        }, 
        {
            "label": "car", 
            "polygon": [
                [
                    0, 
                    383
                ], 
                [
                    129, 
                    381
                ], 
                [
                    214, 
                    387
                ], 
                [
                    266, 
                    398
                ], 
                [
                    310, 
                    422
                ], 
                [
                    352, 
                    471
                ], 
                [
                    364, 
                    488
                ], 
                [
                    370, 
                    483
                ], 
                [
                    383, 
                    479
                ], 
                [
                    409, 
                    479
                ], 
                [
                    423, 
                    487
                ], 
                [
                    431, 
                    491
                ], 
                [
                    434, 
                    502
                ], 
                [
                    429, 
                    511
                ], 
                [
                    422, 
                    517
                ], 
                [
                    420, 
                    517
                ], 
                [
                    443, 
                    531
                ], 
                [
                    461, 
                    544
                ], 
                [
                    480, 
                    571
                ], 
                [
                    485, 
                    626
                ], 
                [
                    492, 
                    651
                ], 
                [
                    493, 
                    675
                ], 
                [
                    491, 
                    697
                ], 
                [
                    487, 
                    710
                ], 
                [
                    483, 
                    732
                ], 
                [
                    475, 
                    748
                ], 
                [
                    463, 
                    756
                ], 
                [
                    449, 
                    759
                ], 
                [
                    436, 
                    759
                ], 
                [
                    418, 
                    752
                ], 
                [
                    411, 
                    733
                ], 
                [
                    277, 
                    791
                ], 
                [
                    277, 
                    822
                ], 
                [
                    271, 
                    844
                ], 
                [
                    260, 
                    871
                ], 
                [
                    246, 
                    886
                ], 
                [
                    223, 
                    901
                ], 
                [
                    184, 
                    906
                ], 
                [
                    170, 
                    906
                ], 
                [
                    151, 
                    889
                ], 
                [
                    136, 
                    854
                ], 
                [
                    131, 
                    832
                ], 
                [
                    119, 
                    830
                ], 
                [
                    0, 
                    843
                ]
            ]
        }, 
        {
            "label": "traffic sign", 
            "polygon": [
                [
                    328, 
                    170
                ], 
                [
                    322, 
                    187
                ], 
                [
                    321, 
                    209
                ], 
                [
                    328, 
                    227
                ], 
                [
                    350, 
                    234
                ], 
                [
                    366, 
                    225
                ], 
                [
                    370, 
                    196
                ], 
                [
                    359, 
                    176
                ], 
                [
                    345, 
                    168
                ]
            ]
        }, 
        {
            "label": "traffic sign", 
            "polygon": [
                [
                    869, 
                    357
                ], 
                [
                    890, 
                    356
                ], 
                [
                    890, 
                    325
                ], 
                [
                    869, 
                    326
                ]
            ]
        }, 
        {
            "label": "traffic sign", 
            "polygon": [
                [
                    918, 
                    369
                ], 
                [
                    924, 
                    369
                ], 
                [
                    928, 
                    373
                ], 
                [
                    929, 
                    380
                ], 
                [
                    927, 
                    385
                ], 
                [
                    923, 
                    386
                ], 
                [
                    916, 
                    383
                ], 
                [
                    914, 
                    378
                ], 
                [
                    914, 
                    374
                ]
            ]
        }, 
        {
            "label": "traffic sign", 
            "polygon": [
                [
                    960, 
                    398
                ], 
                [
                    965, 
                    395
                ], 
                [
                    968, 
                    398
                ], 
                [
                    970, 
                    402
                ], 
                [
                    968, 
                    405
                ], 
                [
                    965, 
                    406
                ], 
                [
                    961, 
                    405
                ], 
                [
                    959, 
                    402
                ]
            ]
        }, 
        {
            "label": "traffic sign", 
            "polygon": [
                [
                    986, 
                    420
                ], 
                [
                    986, 
                    416
                ], 
                [
                    988, 
                    414
                ], 
                [
                    991, 
                    414
                ], 
                [
                    992, 
                    415
                ], 
                [
                    995, 
                    417
                ], 
                [
                    995, 
                    423
                ], 
                [
                    992, 
                    426
                ], 
                [
                    989, 
                    426
                ], 
                [
                    987, 
                    425
                ]
            ]
        }, 
        {
            "label": "vegetation", 
            "polygon": [
                [
                    1174, 
                    413
                ], 
                [
                    1169, 
                    411
                ], 
                [
                    1160, 
                    411
                ], 
                [
                    1154, 
                    411
                ], 
                [
                    1153, 
                    411
                ], 
                [
                    1148, 
                    411
                ], 
                [
                    1146, 
                    411
                ], 
                [
                    1146, 
                    411
                ], 
                [
                    1141, 
                    411
                ], 
                [
                    1135, 
                    412
                ], 
                [
                    1131, 
                    412
                ], 
                [
                    1125, 
                    412
                ], 
                [
                    1124, 
                    412
                ], 
                [
                    1123, 
                    413
                ], 
                [
                    1122, 
                    414
                ], 
                [
                    1121, 
                    414
                ], 
                [
                    1118, 
                    412
                ], 
                [
                    1118, 
                    412
                ], 
                [
                    1118, 
                    412
                ], 
                [
                    1118, 
                    411
                ], 
                [
                    1117, 
                    409
                ], 
                [
                    1117, 
                    407
                ], 
                [
                    1119, 
                    406
                ], 
                [
                    1121, 
                    406
                ], 
                [
                    1123, 
                    406
                ], 
                [
                    1125, 
                    407
                ], 
                [
                    1127, 
                    407
                ], 
                [
                    1130, 
                    406
                ], 
                [
                    1132, 
                    406
                ], 
                [
                    1134, 
                    406
                ], 
                [
                    1136, 
                    407
                ], 
                [
                    1138, 
                    407
                ], 
                [
                    1144, 
                    407
                ], 
                [
                    1146, 
                    406
                ], 
                [
                    1151, 
                    406
                ], 
                [
                    1155, 
                    406
                ], 
                [
                    1159, 
                    406
                ], 
                [
                    1162, 
                    401
                ], 
                [
                    1165, 
                    398
                ], 
                [
                    1167, 
                    391
                ], 
                [
                    1167, 
                    389
                ], 
                [
                    1165, 
                    385
                ], 
                [
                    1165, 
                    382
                ], 
                [
                    1163, 
                    379
                ], 
                [
                    1165, 
                    378
                ], 
                [
                    1167, 
                    377
                ], 
                [
                    1167, 
                    377
                ], 
                [
                    1166, 
                    375
                ], 
                [
                    1166, 
                    371
                ], 
                [
                    1167, 
                    368
                ], 
                [
                    1167, 
                    365
                ], 
                [
                    1168, 
                    363
                ], 
                [
                    1167, 
                    356
                ], 
                [
                    1166, 
                    355
                ], 
                [
                    1162, 
                    353
                ], 
                [
                    1162, 
                    352
                ], 
                [
                    1163, 
                    350
                ], 
                [
                    1166, 
                    349
                ], 
                [
                    1169, 
                    346
                ], 
                [
                    1170, 
                    344
                ], 
                [
                    1170, 
                    342
                ], 
                [
                    1169, 
                    341
                ], 
                [
                    1167, 
                    341
                ], 
                [
                    1167, 
                    341
                ], 
                [
                    1168, 
                    341
                ], 
                [
                    1169, 
                    341
                ], 
                [
                    1169, 
                    341
                ], 
                [
                    1168, 
                    339
                ], 
                [
                    1172, 
                    333
                ], 
                [
                    1173, 
                    333
                ], 
                [
                    1174, 
                    330
                ], 
                [
                    1174, 
                    327
                ], 
                [
                    1175, 
                    326
                ], 
                [
                    1177, 
                    322
                ], 
                [
                    1174, 
                    324
                ], 
                [
                    1174, 
                    326
                ], 
                [
                    1172, 
                    330
                ], 
                [
                    1172, 
                    331
                ], 
                [
                    1170, 
                    331
                ], 
                [
                    1167, 
                    327
                ], 
                [
                    1166, 
                    325
                ], 
                [
                    1165, 
                    321
                ], 
                [
                    1163, 
                    321
                ], 
                [
                    1159, 
                    324
                ], 
                [
                    1159, 
                    328
                ], 
                [
                    1158, 
                    329
                ], 
                [
                    1158, 
                    330
                ], 
                [
                    1153, 
                    328
                ], 
                [
                    1153, 
                    322
                ], 
                [
                    1153, 
                    322
                ], 
                [
                    1153, 
                    321
                ], 
                [
                    1147, 
                    319
                ], 
                [
                    1145, 
                    319
                ], 
                [
                    1144, 
                    320
                ], 
                [
                    1137, 
                    320
                ], 
                [
                    1135, 
                    322
                ], 
                [
                    1137, 
                    329
                ], 
                [
                    1137, 
                    329
                ], 
                [
                    1134, 
                    327
                ], 
                [
                    1131, 
                    325
                ], 
                [
                    1130, 
                    324
                ], 
                [
                    1132, 
                    332
                ], 
                [
                    1132, 
                    332
                ], 
                [
                    1132, 
                    332
                ], 
                [
                    1131, 
                    333
                ], 
                [
                    1127, 
                    328
                ], 
                [
                    1124, 
                    326
                ], 
                [
                    1124, 
                    325
                ], 
                [
                    1122, 
                    324
                ], 
                [
                    1120, 
                    324
                ], 
                [
                    1118, 
                    324
                ], 
                [
                    1116, 
                    321
                ], 
                [
                    1111, 
                    315
                ], 
                [
                    1112, 
                    315
                ], 
                [
                    1117, 
                    315
                ], 
                [
                    1120, 
                    315
                ], 
                [
                    1124, 
                    315
                ], 
                [
                    1126, 
                    315
                ], 
                [
                    1130, 
                    314
                ], 
                [
                    1133, 
                    313
                ], 
                [
                    1135, 
                    313
                ], 
                [
                    1139, 
                    313
                ], 
                [
                    1147, 
                    313
                ], 
                [
                    1150, 
                    313
                ], 
                [
                    1162, 
                    313
                ], 
                [
                    1165, 
                    313
                ], 
                [
                    1171, 
                    313
                ], 
                [
                    1174, 
                    313
                ], 
                [
                    1180, 
                    309
                ], 
                [
                    1181, 
                    309
                ], 
                [
                    1183, 
                    309
                ], 
                [
                    1186, 
                    308
                ], 
                [
                    1188, 
                    307
                ], 
                [
                    1191, 
                    308
                ], 
                [
                    1191, 
                    309
                ], 
                [
                    1191, 
                    312
                ], 
                [
                    1191, 
                    313
                ], 
                [
                    1191, 
                    314
                ], 
                [
                    1191, 
                    316
                ], 
                [
                    1190, 
                    317
                ], 
                [
                    1190, 
                    317
                ], 
                [
                    1188, 
                    318
                ], 
                [
                    1187, 
                    318
                ], 
                [
                    1185, 
                    319
                ], 
                [
                    1184, 
                    320
                ], 
                [
                    1184, 
                    321
                ], 
                [
                    1184, 
                    321
                ], 
                [
                    1185, 
                    322
                ], 
                [
                    1186, 
                    322
                ], 
                [
                    1187, 
                    322
                ], 
                [
                    1188, 
                    322
                ], 
                [
                    1191, 
                    324
                ], 
                [
                    1191, 
                    325
                ], 
                [
                    1191, 
                    326
                ], 
                [
                    1191, 
                    327
                ], 
                [
                    1193, 
                    328
                ], 
                [
                    1194, 
                    328
                ], 
                [
                    1194, 
                    328
                ], 
                [
                    1196, 
                    329
                ], 
                [
                    1196, 
                    330
                ], 
                [
                    1196, 
                    330
                ], 
                [
                    1196, 
                    331
                ], 
                [
                    1196, 
                    332
                ], 
                [
                    1195, 
                    332
                ], 
                [
                    1195, 
                    332
                ], 
                [
                    1194, 
                    333
                ], 
                [
                    1195, 
                    334
                ], 
                [
                    1196, 
                    334
                ], 
                [
                    1196, 
                    362
                ], 
                [
                    1197, 
                    390
                ], 
                [
                    1192, 
                    400
                ], 
                [
                    1191, 
                    406
                ], 
                [
                    1183, 
                    415
                ], 
                [
                    1180, 
                    416
                ], 
                [
                    1178, 
                    416
                ], 
                [
                    1177, 
                    416
                ], 
                [
                    1174, 
                    415
                ], 
                [
                    1174, 
                    414
                ], 
                [
                    1174, 
                    414
                ]
            ]
        }, 
        {
            "label": "traffic sign", 
            "polygon": [
                [
                    1005, 
                    426
                ], 
                [
                    1007, 
                    422
                ], 
                [
                    1010, 
                    420
                ], 
                [
                    1013, 
                    422
                ], 
                [
                    1013, 
                    425
                ], 
                [
                    1013, 
                    428
                ], 
                [
                    1011, 
                    429
                ], 
                [
                    1009, 
                    429
                ]
            ]
        }, 
        {
            "label": "traffic sign", 
            "polygon": [
                [
                    1185, 
                    403
                ], 
                [
                    1184, 
                    409
                ], 
                [
                    1186, 
                    414
                ], 
                [
                    1193, 
                    416
                ], 
                [
                    1196, 
                    412
                ], 
                [
                    1196, 
                    406
                ], 
                [
                    1193, 
                    402
                ], 
                [
                    1190, 
                    402
                ]
            ]
        }, 
        {
            "label": "person", 
            "polygon": [
                [
                    1166, 
                    471
                ], 
                [
                    1166, 
                    465
                ], 
                [
                    1168, 
                    463
                ], 
                [
                    1169, 
                    461
                ], 
                [
                    1169, 
                    459
                ], 
                [
                    1170, 
                    458
                ], 
                [
                    1172, 
                    458
                ], 
                [
                    1173, 
                    459
                ], 
                [
                    1173, 
                    461
                ], 
                [
                    1174, 
                    463
                ], 
                [
                    1177, 
                    463
                ], 
                [
                    1178, 
                    465
                ], 
                [
                    1178, 
                    471
                ], 
                [
                    1179, 
                    475
                ], 
                [
                    1178, 
                    475
                ], 
                [
                    1178, 
                    474
                ], 
                [
                    1177, 
                    475
                ], 
                [
                    1178, 
                    485
                ], 
                [
                    1175, 
                    489
                ], 
                [
                    1173, 
                    489
                ], 
                [
                    1174, 
                    486
                ], 
                [
                    1174, 
                    481
                ], 
                [
                    1173, 
                    479
                ], 
                [
                    1172, 
                    479
                ], 
                [
                    1172, 
                    483
                ], 
                [
                    1172, 
                    489
                ], 
                [
                    1169, 
                    489
                ], 
                [
                    1168, 
                    477
                ], 
                [
                    1168, 
                    475
                ], 
                [
                    1167, 
                    474
                ]
            ]
        }, 
        {
            "label": "person", 
            "polygon": [
                [
                    1180, 
                    470
                ], 
                [
                    1182, 
                    465
                ], 
                [
                    1183, 
                    463
                ], 
                [
                    1185, 
                    462
                ], 
                [
                    1185, 
                    460
                ], 
                [
                    1187, 
                    459
                ], 
                [
                    1190, 
                    460
                ], 
                [
                    1190, 
                    462
                ], 
                [
                    1192, 
                    463
                ], 
                [
                    1192, 
                    483
                ], 
                [
                    1190, 
                    486
                ], 
                [
                    1188, 
                    487
                ], 
                [
                    1187, 
                    487
                ], 
                [
                    1186, 
                    486
                ], 
                [
                    1185, 
                    485
                ], 
                [
                    1185, 
                    487
                ], 
                [
                    1183, 
                    487
                ], 
                [
                    1182, 
                    487
                ], 
                [
                    1181, 
                    487
                ], 
                [
                    1181, 
                    485
                ], 
                [
                    1181, 
                    483
                ], 
                [
                    1181, 
                    480
                ], 
                [
                    1181, 
                    479
                ], 
                [
                    1180, 
                    479
                ], 
                [
                    1179, 
                    478
                ], 
                [
                    1179, 
                    476
                ]
            ]
        }, 
        {
            "label": "pole", 
            "polygon": [
                [
                    1190, 
                    387
                ], 
                [
                    1191, 
                    487
                ], 
                [
                    1194, 
                    488
                ], 
                [
                    1193, 
                    439
                ], 
                [
                    1192, 
                    392
                ], 
                [
                    1193, 
                    389
                ], 
                [
                    1193, 
                    387
                ]
            ]
        }, 
        {
            "label": "static", 
            "polygon": [
                [
                    1459, 
                    54
                ], 
                [
                    1472, 
                    45
                ], 
                [
                    1561, 
                    47
                ], 
                [
                    1562, 
                    81
                ], 
                [
                    1468, 
                    83
                ], 
                [
                    1461, 
                    73
                ]
            ]
        }, 
        {
            "label": "static", 
            "polygon": [
                [
                    1464, 
                    157
                ], 
                [
                    1484, 
                    135
                ], 
                [
                    1509, 
                    124
                ], 
                [
                    1539, 
                    130
                ], 
                [
                    1559, 
                    151
                ], 
                [
                    1561, 
                    187
                ], 
                [
                    1543, 
                    216
                ], 
                [
                    1513, 
                    225
                ], 
                [
                    1495, 
                    217
                ], 
                [
                    1476, 
                    202
                ], 
                [
                    1464, 
                    179
                ]
            ]
        }, 
        {
            "label": "static", 
            "polygon": [
                [
                    1235, 
                    333
                ], 
                [
                    1235, 
                    324
                ], 
                [
                    1259, 
                    324
                ], 
                [
                    1260, 
                    332
                ]
            ]
        }, 
        {
            "label": "static", 
            "polygon": [
                [
                    1138, 
                    334
                ], 
                [
                    1150, 
                    336
                ], 
                [
                    1156, 
                    344
                ], 
                [
                    1160, 
                    364
                ], 
                [
                    1161, 
                    375
                ], 
                [
                    1163, 
                    386
                ], 
                [
                    1165, 
                    400
                ], 
                [
                    1163, 
                    404
                ], 
                [
                    1161, 
                    404
                ], 
                [
                    1161, 
                    411
                ], 
                [
                    1161, 
                    413
                ], 
                [
                    1151, 
                    413
                ], 
                [
                    1151, 
                    411
                ], 
                [
                    1151, 
                    405
                ], 
                [
                    1155, 
                    392
                ], 
                [
                    1157, 
                    385
                ], 
                [
                    1158, 
                    381
                ], 
                [
                    1158, 
                    379
                ], 
                [
                    1153, 
                    363
                ], 
                [
                    1148, 
                    353
                ]
            ]
        }, 
        {
            "label": "static", 
            "polygon": [
                [
                    1064, 
                    441
                ], 
                [
                    1066, 
                    441
                ], 
                [
                    1069, 
                    441
                ], 
                [
                    1072, 
                    442
                ], 
                [
                    1073, 
                    443
                ], 
                [
                    1073, 
                    447
                ], 
                [
                    1073, 
                    449
                ], 
                [
                    1072, 
                    450
                ], 
                [
                    1069, 
                    451
                ], 
                [
                    1064, 
                    451
                ], 
                [
                    1062, 
                    450
                ], 
                [
                    1062, 
                    449
                ], 
                [
                    1061, 
                    446
                ], 
                [
                    1062, 
                    443
                ]
            ]
        }, 
        {
            "label": "static", 
            "polygon": [
                [
                    1062, 
                    452
                ], 
                [
                    1072, 
                    452
                ], 
                [
                    1073, 
                    452
                ], 
                [
                    1073, 
                    460
                ], 
                [
                    1073, 
                    461
                ], 
                [
                    1062, 
                    461
                ]
            ]
        }, 
        {
            "label": "pole", 
            "polygon": [
                [
                    1066, 
                    437
                ], 
                [
                    1066, 
                    492
                ], 
                [
                    1069, 
                    492
                ], 
                [
                    1069, 
                    442
                ], 
                [
                    1069, 
                    440
                ], 
                [
                    1069, 
                    437
                ]
            ]
        }, 
        {
            "label": "ego vehicle", 
            "polygon": [
                [
                    271, 
                    1023
                ], 
                [
                    387, 
                    1009
                ], 
                [
                    549, 
                    993
                ], 
                [
                    821, 
                    966
                ], 
                [
                    1082, 
                    950
                ], 
                [
                    1142, 
                    947
                ], 
                [
                    1112, 
                    932
                ], 
                [
                    1096, 
                    896
                ], 
                [
                    1108, 
                    861
                ], 
                [
                    1137, 
                    844
                ], 
                [
                    1175, 
                    844
                ], 
                [
                    1204, 
                    867
                ], 
                [
                    1209, 
                    897
                ], 
                [
                    1195, 
                    931
                ], 
                [
                    1161, 
                    945
                ], 
                [
                    1376, 
                    957
                ], 
                [
                    1654, 
                    977
                ], 
                [
                    1883, 
                    1002
                ], 
                [
                    2028, 
                    1023
                ]
            ]
        }, 
        {
            "label": "out of roi", 
            "polygon": [
                [
                    0, 
                    0
                ], 
                [
                    2048, 
                    0
                ], 
                [
                    2048, 
                    1024
                ], 
                [
                    0, 
                    1024
                ], 
                [
                    0, 
                    0
                ], 
                [
                    5, 
                    5
                ], 
                [
                    5, 
                    1019
                ], 
                [
                    2043, 
                    1019
                ], 
                [
                    2043, 
                    5
                ], 
                [
                    5, 
                    5
                ]
            ]
        }
    ]
}